captured_at,capture_season,capture_week,source,id,season,week,seasonType,startDate,startTimeTBD,completed,neutralSite,conferenceGame,attendance,venueId,venue,homeId,homeTeam,homeClassification,homeConference,homePoints,homeLineScores,homePostgameWinProbability,homePregameElo,homePostgameElo,awayId,awayTeam,awayClassification,awayConference,awayPoints,awayLineScores,awayPostgameWinProbability,awayPregameElo,awayPostgameElo,excitementIndex,highlights,notes,playoff
2026-08-21T18:47:07+00:00,2026,1,games,401896383,2026,1,regular,2026-08-27T04:00:00.000Z,True,False,False,False,,3774,Jayne Stadium,2413,Morehead State,fcs,Pioneer,,,,,,2477,Ohio Dominican,ii,Great Midwest Athletic,,,,,,,,,
2026-08-21T18:47:07+00:00,2026,1,games,401906839,2026,1,regular,2026-08-27T21:00:00.000Z,False,False,False,False,,3789,Kentucky Christian,3077,Kentucky Christian,,,,,,,,2316,Kentucky Wesleyan,ii,Great Midwest Athletic,,,,,,,,,
2026-08-21T18:47:07+00:00,2026,1,games,401866615,2026,1,regular,2026-08-27T22:00:00.000Z,False,False,False,False,,3613,Alumni Stadium,2169,Delaware State,fcs,MEAC,,,,,,2619,Stony Brook,fcs,Coastal Athletic,,,,,,,,,
2026-08-21T18:47:07+00:00,2026,1,games,401907002,2026,1,regular,2026-08-27T22:00:00.000Z,False,False,False,False,,5121,University of Charleston Stadium,2128,Charleston (WV),ii,Mountain East,,,,,,125,Grand Valley State,ii,GLIAC,,,,,,,,,
2026-08-21T18:47:07+00:00,2026,1,games,401906139,2026,1,regular,2026-08-27T22:00:00.000Z,False,False,False,False,,3904,Rogers Stadium (VA),330,Virginia State,ii,CIAA,,,,,,122666,Barton,ii,Carolinas,,,,,,,,,
2026-08-21T18:47:07+00:00,2026,1,games,401907643,2026,1,regular,2026-08-27T22:00:00.000Z,False,False,False,False,,4430,Mihalik-Thompson Stadium,215,Slippery Rock,ii,Pennsylvania State Athletic,,,,,,134,Minnesota Duluth,ii,Northern Sun,,,,,,,,,
2026-08-21T18:47:07+00:00,2026,1,games,401907195,2026,1,regular,2026-08-27T22:00:00.000Z,False,False,False,False,,6040,Key Stadium,2292,Indianapolis,ii,Great Lakes,,,,,,2366,Marian (IN),,,,,,,,,,,
2026-08-21T18:47:07+00:00,2026,1,games,401906193,2026,1,regular,2026-08-27T22:00:00.000Z,False,False,False,False,,6060,Grace P. Johnson Stadium,2882,UNC Pembroke,ii,Carolinas,,,,,,351,Wingate,ii,South Atlantic,,,,,,,,,
2026-08-21T18:47:07+00:00,2026,1,games,401867894,2026,1,regular,2026-08-27T22:00:00.000Z,False,False,False,False,,844,Stambaugh Stadium,2754,Youngstown State,fcs,MVFC,,,,,,2385,Mercyhurst,fcs,NEC,,,,,,,,,
2026-08-21T18:47:07+00:00,2026,1,games,401866532,2026,1,regular,2026-08-27T22:00:00.000Z,False,False,False,True,,3781,Johnny Unitas Stadium,119,Towson,fcs,Coastal Athletic,,,,,,311,Maine,fcs,Coastal Athletic,,,,,,,,,
2026-08-21T18:47:07+00:00,2026,1,games,401906048,2026,1,regular,2026-08-27T22:00:00.000Z,False,False,False,False,,6078,Pioneer Field (TN),2839,Tusculum,ii,South Atlantic,,,,,,124180,Bluefield State,ii,CIAA,,,,,,,,,
2026-08-21T18:47:07+00:00,2026,1,games,401906902,2026,1,regular,2026-08-27T23:00:00.000Z,False,False,False,False,,3885,Harvey Randall Wickes Memorial Stadium,129,Saginaw Valley State,ii,GLIAC,,,,,,2816,McKendree,ii,Great Lakes,,,,,,,,,
2026-08-21T18:47:07+00:00,2026,1,games,401874035,2026,1,regular,2026-08-27T23:00:00.000Z,False,False,False,False,,10803,Pen-Air Field,110242,West Florida,fcs,UAC,,,,,,79,Southern Illinois,fcs,MVFC,,,,,,,,,
2026-08-21T18:47:07+00:00,2026,1,games,401907239,2026,1,regular,2026-08-27T23:00:00.000Z,False,False,False,False,,3878,Plaster Sports Complex,2586,Southwest Baptist,ii,Great Lakes,,,,,,129741,William Woods,,,,,,,,,,,
2026-08-21T18:47:07+00:00,2026,1,games,401868373,2026,1,regular,2026-08-27T23:00:00.000Z,False,False,False,False,,3868,Paladin Stadium,231,Furman,fcs,Southern,,,,,,129469,Anderson (SC),ii,South Atlantic,,,,,,,,,
2026-08-21T18:47:07+00:00,2026,1,games,401906620,2026,1,regular,2026-08-27T23:00:00.000Z,False,False,False,False,,5886,West Family Stadium,2699,West Liberty,ii,Mountain East,,,,,,2682,Walsh,ii,Great Midwest Athletic,,,,,,,,,
2026-08-21T18:47:07+00:00,2026,1,games,401906993,2026,1,regular,2026-08-27T23:00:00.000Z,False,False,False,False,,5874,Chet Anderson Stadium,132,Bemidji State,ii,Northern Sun,,,,,,2392,Michigan Tech,ii,GLIAC,,,,,,,,,
2026-08-21T18:47:07+00:00,2026,1,games,401868315,2026,1,regular,2026-08-27T23:00:00.000Z,False,False,False,True,,3944,Strawberry Stadium,2545,SE Louisiana,fcs,Southland,,,,,,2277,Houston Christian,fcs,Southland,,,,,,,,,
2026-08-21T18:47:07+00:00,2026,1,games,401868273,2026,1,regular,2026-08-27T23:00:00.000Z,False,False,False,False,,3627,Bailey Memorial Stadium,2506,Presbyterian,fcs,Pioneer,,,,,,2842,UVA Wise,ii,South Atlantic,,,,,,,,,
2026-08-21T18:47:07+00:00,2026,1,games,401906602,2026,1,regular,2026-08-27T23:00:00.000Z,False,False,False,False,,4851,Bazemore-Hyder Stadium,2673,Valdosta State,ii,Gulf South,,,,,,2213,Emory & Henry,ii,South Atlantic,,,,,,,,,
2026-08-21T18:47:07+00:00,2026,1,games,401906943,2026,1,regular,2026-08-27T23:00:00.000Z,False,False,False,False,,3606,Scheels Field at Nemzek Stadium,2817,Minnesota St Moorhead,ii,Northern Sun,,,,,,128,Northern Michigan,ii,GLIAC,,,,,,,,,
2026-08-21T18:47:07+00:00,2026,1,games,401907381,2026,1,regular,2026-08-27T23:00:00.000Z,False,False,False,False,,6057,Ron & Carol Cope Stadium at Foster Field,2438,Nebraska Kearney,ii,Mid America,,,,,,2844,Wayne State (NE),ii,Northern Sun,,,,,,,,,
2026-08-21T18:47:07+00:00,2026,1,games,401907356,2026,1,regular,2026-08-27T23:00:00.000Z,False,False,False,False,,6052,Herb Parker Stadium,568,Minot State,ii,Northern Sun,,,,,,2214,Emporia State,ii,Mid America,,,,,,,,,
2026-08-21T18:47:07+00:00,2026,1,games,401868016,2026,1,regular,2026-08-27T23:00:00.000Z,False,False,False,True,,3847,Cooper Field,46,Georgetown,fcs,Patriot,,,,,,322,Lafayette,fcs,Patriot,,,,,,,,,
2026-08-21T18:47:07+00:00,2026,1,games,401906631,2026,1,regular,2026-08-27T23:00:00.000Z,False,False,False,False,,3663,Burke-Tarr Stadium,2105,Carson Newman,ii,South Atlantic,,,,,,2838,Tiffin,ii,Great Midwest Athletic,,,,,,,,,
2026-08-21T18:47:07+00:00,2026,1,games,401868240,2026,1,regular,2026-08-27T23:00:00.000Z,False,False,False,False,,5888,University Stadium (GA),2698,West Georgia,fcs,UAC,,,,,,236,Chattanooga,fcs,Southern,,,,,,,,,
2026-08-21T18:47:07+00:00,2026,1,games,401907346,2026,1,regular,2026-08-27T23:00:00.000Z,False,False,False,False,,,,102626,Texas Wesleyan,,,,,,,,2122,Central Oklahoma,ii,Mid America,,,,,,,,,
2026-08-21T18:47:07+00:00,2026,1,games,401907120,2026,1,regular,2026-08-27T23:00:00.000Z,False,False,False,False,,3951,Swisher Field,425,Northern State,ii,Northern Sun,,,,,,2123,Chadron State,ii,Rocky Mountain,,,,,,,,,
2026-08-21T18:47:07+00:00,2026,1,games,401868962,2026,1,regular,2026-08-27T23:00:00.000Z,False,False,False,False,,3779,Manning Field at John L. Guidry Stadium,2447,Nicholls,fcs,Southland,,,,,,2400,Mississippi Valley State,fcs,SWAC,,,,,,,,,
2026-08-21T18:47:07+00:00,2026,1,games,401868204,2026,1,regular,2026-08-27T23:00:00.000Z,False,False,False,False,,3746,Hanson Field,2710,Western Illinois,fcs,OVC,,,,,,2471,Northwestern (IA),,,,,,,,,,,
2026-08-21T18:47:07+00:00,2026,1,games,401868169,2026,1,regular,2026-08-27T23:00:00.000Z,False,False,False,True,,3749,Hunter Stadium,2815,Lindenwood,fcs,OVC,,,,,,2127,Charleston Southern,fcs,OVC,,,,,,,,,
2026-08-21T18:47:07+00:00,2026,1,games,401907110,2026,1,regular,2026-08-27T23:00:00.000Z,False,False,False,False,,6070,Bob Young Field,2894,Sioux Falls,ii,Northern Sun,,,,,,2069,Black Hills State,ii,Rocky Mountain,,,,,,,,,
2026-08-21T18:47:07+00:00,2026,1,games,401896384,2026,1,regular,2026-08-27T23:00:00.000Z,False,False,False,False,,3897,Richardson Stadium,2166,Davidson,fcs,Pioneer,,,,,,2148,Concord,ii,Mountain East,,,,,,,,,
2026-08-21T18:47:07+00:00,2026,1,games,401907536,2026,1,regular,2026-08-27T23:00:00.000Z,False,False,False,True,,3859,Offutt Field,611,Seton Hill,ii,Pennsylvania State Athletic,,,,,,2188,East Stroudsburg,ii,Pennsylvania State Athletic,,,,,,,,,
2026-08-21T18:47:07+00:00,2026,1,games,401867865,2026,1,regular,2026-08-27T23:00:00.000Z,False,False,False,False,,3909,Roy Stewart Stadium,93,Murray State,fcs,MVFC,,,,,,2197,Eastern Illinois,fcs,OVC,,,,,,,,,
2026-08-21T18:47:07+00:00,2026,1,games,401868279,2026,1,regular,2026-08-27T23:00:00.000Z,False,False,False,False,,5116,O'Shaughnessy Stadium,2900,St. Thomas (MN),fcs,Pioneer,,,,,,2851,Winona State,ii,Northern Sun,,,,,,,,,
2026-08-21T18:47:07+00:00,2026,1,games,401868060,2026,1,regular,2026-08-27T23:00:00.000Z,False,False,False,False,,3742,Governors Stadium,2046,Austin Peay,fcs,UAC,,,,,,2241,Gardner-Webb,fcs,OVC,,,,,,,,,
2026-08-21T18:47:07+00:00,2026,1,games,401866614,2026,1,regular,2026-08-27T23:00:00.000Z,False,False,False,False,,3894,Rhodes Stadium,2210,Elon,fcs,Coastal Athletic,,,,,,2249,Glenville State,ii,Mountain East,,,,,,,,,
2026-08-21T18:47:07+00:00,2026,1,games,401868254,2026,1,regular,2026-08-27T23:30:00.000Z,False,False,False,False,,3701,Drake Stadium,2181,Drake,fcs,Pioneer,,,,,,613,South Dakota Mines,ii,Rocky Mountain,,,,,,,,,
2026-08-21T18:47:07+00:00,2026,1,games,401907234,2026,1,regular,2026-08-27T23:30:00.000Z,False,False,False,False,,5933,Sea Foam Stadium,3066,Concordia St. Paul,ii,Northern Sun,,,,,,2825,Quincy,ii,Great Lakes,,,,,,,,,
2026-08-21T18:47:07+00:00,2026,1,games,401868070,2026,1,regular,2026-08-27T23:30:00.000Z,False,False,False,False,,3748,Graham Stadium,2630,UT Martin,fcs,OVC,,,,,,2110,Central Arkansas,fcs,UAC,,,,,,,,,
2026-08-21T18:47:07+00:00,2026,1,games,401907144,2026,1,regular,2026-08-28T00:00:00.000Z,False,False,False,False,,4852,Neta and Eddie DeRose ThunderBowl,2570,CSU Pueblo,ii,Rocky Mountain,,,,,,2118,Central Missouri,ii,Mid America,,,,,,,,,
2026-08-21T18:47:07+00:00,2026,1,games,401907129,2026,1,regular,2026-08-28T00:00:00.000Z,False,False,False,False,,5882,Ralph Stocker Stadium,11,Colorado Mesa,ii,Rocky Mountain,,,,,,2364,Minnesota State,ii,Northern Sun,,,,,,,,,
2026-08-21T18:47:07+00:00,2026,1,games,401869128,2026,1,regular,2026-08-28T00:00:00.000Z,False,False,False,False,,3963,Harry Turpin Stadium,2466,Northwestern State,fcs,Southland,,,,,,2347,Louisiana Christian,,,,,,,,,,,
2026-08-21T18:47:07+00:00,2026,1,games,401867874,2026,1,regular,2026-08-28T00:00:00.000Z,False,False,False,False,,3605,Alerus Center,155,North Dakota,fcs,MVFC,,,,,,2341,Long Island University,fcs,NEC,,,,,,,,,
2026-08-21T18:47:07+00:00,2026,1,games,401907275,2026,1,regular,2026-08-28T00:00:00.000Z,False,False,False,False,,5869,LeGrand Stadium at 1st Community Credit Union Field,2025,Angelo State,ii,Lone Star,,,,,,2231,Fort Hays,ii,Mid America,,,,,,,,,
2026-08-21T18:47:07+00:00,2026,1,games,401907007,2026,1,regular,2026-08-28T00:00:00.000Z,False,False,False,False,,6067,Carnie Smith Stadium,90,Pittsburg State,ii,Mid America,,,,,,2222,Ferris State,ii,GLIAC,,,,,,,,,
2026-08-21T18:47:07+00:00,2026,1,games,401907724,2026,1,regular,2026-08-28T00:00:00.000Z,False,False,False,False,,6072,Schwan Regional Event Center,2587,Southwest Minnesota State,ii,Northern Sun,,,,,,628,Valley City State,,,,,,,,,,,
2026-08-21T18:47:07+00:00,2026,1,games,401907155,2026,1,regular,2026-08-28T00:00:00.000Z,False,False,False,False,,6059,Sanchez Family Stadium,2424,New Mexico Highlands,ii,Rocky Mountain,,,,,,2201,Eastern New Mexico,ii,Lone Star,,,,,,,,,
2026-08-21T18:47:07+00:00,2026,1,games,401907376,2026,1,regular,2026-08-28T00:00:00.000Z,False,False,False,False,,6055,Craig Field at Spratt Memorial Stadium,137,Missouri Western,ii,Mid America,,,,,,2043,Augustana (SD),ii,Northern Sun,,,,,,,,,
2026-08-21T18:47:07+00:00,2026,1,games,401907099,2026,1,regular,2026-08-28T00:00:00.000Z,False,False,False,False,,5866,Rex Stadium,2001,Adams State,ii,Rocky Mountain,,,,,,2703,Western New Mexico,ii,Lone Star,,,,,,,,,
2026-08-21T18:47:07+00:00,2026,1,games,401907161,2026,1,regular,2026-08-28T00:00:00.000Z,False,False,False,False,,5884,Buffalo Stadium,2704,West Texas,ii,Lone Star,,,,,,2714,Western Colorado,ii,Rocky Mountain,,,,,,,,,
2026-08-21T18:47:07+00:00,2026,1,games,401907702,2026,1,regular,2026-08-28T00:30:00.000Z,False,False,True,False,,12022,Oakland Athletic Complex Perham Field,559,University of Mary,ii,Northern Sun,,,,,,2826,Rocky Mountain,,,,,,,,,,,
2026-08-21T18:47:07+00:00,2026,1,games,401866617,2026,1,regular,2026-08-28T04:00:00.000Z,True,False,False,False,,6048,Duane Stadium,2771,Merrimack,fcs,FCS Independents,,,,,,227,Rhode Island,fcs,Coastal Athletic,,,,,,,,,
2026-08-21T18:47:07+00:00,2026,1,games,401906145,2026,1,regular,2026-08-28T22:00:00.000Z,False,False,False,False,,6553,Helen and Leonard Moretz Stadium,2331,Lenoir Rhyne,ii,South Atlantic,,,,,,2676,Virginia Union,ii,CIAA,,,,,,,,,
2026-08-21T18:47:07+00:00,2026,1,games,401868040,2026,1,regular,2026-08-28T22:00:00.000Z,False,False,False,True,,717,Villanova Stadium,222,Villanova,fcs,Patriot,,,,,,2729,William & Mary,fcs,Patriot,,,,,,,,,
2026-08-21T18:47:07+00:00,2026,1,games,401868007,2026,1,regular,2026-08-28T22:00:00.000Z,False,False,False,True,,150,Jack Coffey Field,2230,Fordham,fcs,Patriot,,,,,,2142,Colgate,fcs,Patriot,,,,,,,,,
2026-08-21T18:47:07+00:00,2026,1,games,401868261,2026,1,regular,2026-08-28T22:00:00.000Z,False,False,False,False,,6058,Ralph F. DellaCamera Stadium,2441,New Haven,fcs,NEC,,,,,,2368,Marist,fcs,Pioneer,,,,,,,,,
2026-08-21T18:47:07+00:00,2026,1,games,401866616,2026,1,regular,2026-08-28T23:00:00.000Z,False,False,False,True,,4419,Bob Ford Field,399,UAlbany,fcs,Coastal Athletic,,,,,,160,New Hampshire,fcs,Coastal Athletic,,,,,,,,,
2026-08-21T18:47:07+00:00,2026,1,games,401868073,2026,1,regular,2026-08-29T02:00:00.000Z,False,False,False,True,,1027,Alex G. Spanos Stadium,13,Cal Poly,fcs,Big Sky,,,,,,70,Idaho,fcs,Big Sky,,,,,,,,,
2026-08-21T18:47:07+00:00,2026,1,games,401869156,2026,1,regular,2026-08-29T04:00:00.000Z,True,False,False,False,,3453,SeatGeek Stadium,2130,Chicago State,fcs,FCS Independents,,,,,,127991,Roosevelt,ii,GLIAC,,,,,,,,,
2026-08-21T18:47:07+00:00,2026,1,games,401867916,2026,1,regular,2026-08-29T04:00:00.000Z,True,False,False,True,,3979,Wagner College Stadium,2681,Wagner,fcs,NEC,,,,,,2523,Robert Morris,fcs,NEC,,,,,,,,,
2026-08-21T18:47:07+00:00,2026,1,games,401868049,2026,1,regular,2026-08-29T04:00:00.000Z,True,False,False,False,,3882,Provost Umphrey Stadium,2320,Lamar,fcs,Southland,,,,,,2000,Abilene Christian,fcs,UAC,,,,,,,,,
2026-08-21T18:47:07+00:00,2026,1,games,401856766,2026,1,regular,2026-08-29T16:00:00.000Z,False,False,True,False,,3504,Aviva Stadium,2628,TCU,fbs,Big 12,,,,1613,,153,North Carolina,fbs,ACC,,,,1380,,,,Aer Lingus College Football Classic,
2026-08-21T18:47:07+00:00,2026,1,games,401868792,2026,1,regular,2026-08-29T16:00:00.000Z,False,False,False,False,,3988,Welcome Stadium,2168,Dayton,fcs,Pioneer,,,,,,2986,Fairmont State,ii,Mountain East,,,,,,,,,
2026-08-21T18:47:07+00:00,2026,1,games,401906177,2026,1,regular,2026-08-29T16:00:00.000Z,False,False,False,False,,5785,Dickerson Stadium,2707,West Virginia State,ii,Mountain East,,,,,,2804,Chowan,ii,Carolinas,,,,,,,,,
2026-08-21T18:47:07+00:00,2026,1,games,401906641,2026,1,regular,2026-08-29T16:00:00.000Z,False,False,False,False,,6212,Bishop Schmitt Field,112335,Wheeling,ii,Mountain East,,,,,,2646,Thomas More,ii,Great Midwest Athletic,,,,,,,,,
2026-08-21T18:47:07+00:00,2026,1,games,401907012,2026,1,regular,2026-08-29T16:00:00.000Z,False,False,False,False,,5934,Farmers Insurance Athletic Complex,110254,Davenport,ii,GLIAC,,,,,,367,Gannon,ii,Pennsylvania State Athletic,,,,,,,,,
2026-08-21T18:47:07+00:00,2026,1,games,401906588,2026,1,regular,2026-08-29T17:00:00.000Z,False,False,False,False,,6062,Gable Field at Doc Wadley Stadium,196,Northeastern State,ii,Independent DII,,,,,,2170,Delta State,ii,Gulf South,,,,,,,,,
2026-08-21T18:47:07+00:00,2026,1,games,401907631,2026,1,regular,2026-08-29T17:00:00.000Z,False,False,False,True,,4429,Seth Grove Stadium,2559,Shippensburg,ii,Pennsylvania State Athletic,,,,,,209,Lock Haven,ii,Pennsylvania State Athletic,,,,,,,,,
2026-08-21T18:47:07+00:00,2026,1,games,401868209,2026,1,regular,2026-08-29T17:00:00.000Z,False,False,False,False,,3664,Butler Bowl,2086,Butler,fcs,Pioneer,,,,,,2245,Georgetown College Kentucky,,,,,,,,,,,
2026-08-21T18:47:07+00:00,2026,1,games,401907150,2026,1,regular,2026-08-29T17:00:00.000Z,False,False,False,False,,7504,Liberty North High School,2911,William Jewell,ii,Great Lakes,,,,,,2237,Fort Lewis,ii,Rocky Mountain,,,,,,,,,
2026-08-21T18:47:07+00:00,2026,1,games,401906205,2026,1,regular,2026-08-29T17:00:00.000Z,False,False,False,False,,4015,Barron Stadium,2560,Shorter,ii,Carolinas,,,,,,134002,Andrew,,,,,,,,,,,
2026-08-21T18:47:07+00:00,2026,1,games,401907454,2026,1,regular,2026-08-29T17:00:00.000Z,False,False,False,False,,5868,Ronald J. Abdow Field,2022,American International,ii,Northeast 10,,,,,,134001,Monroe,,,,,,,,,,,
2026-08-21T18:47:07+00:00,2026,1,games,401868288,2026,1,regular,2026-08-29T17:00:00.000Z,False,False,False,False,,3655,Brown Field,2674,Valparaiso,fcs,Pioneer,,,,,,102071,Lawrence Tech,,,,,,,,,,,
2026-08-21T18:47:07+00:00,2026,1,games,401906126,2026,1,regular,2026-08-29T17:00:00.000Z,False,False,False,False,,5941,Roebuck Stadium,2207,Elizabeth City State,ii,CIAA,,,,,,2232,Fort Valley State,ii,SIAC,,,,,,,,,
2026-08-21T18:47:07+00:00,2026,1,games,401907576,2026,1,regular,2026-08-29T17:00:00.000Z,False,False,False,False,,5784,Cebe Ross Field,455,West Virginia Wesleyan,ii,Mountain East,,,,,,126086,Post,ii,Northeast 10,,,,,,,,,
2026-08-21T18:47:07+00:00,2026,1,games,401906185,2026,1,regular,2026-08-29T17:30:00.000Z,False,False,False,False,,6221,Mitchell Stadium,495,BLUEFIELD,,,,,,,,101784,Erskine,ii,Carolinas,,,,,,,,,
2026-08-21T18:47:07+00:00,2026,1,games,401907137,2026,1,regular,2026-08-29T18:00:00.000Z,False,False,False,False,,5883,Marv Kay Stadium at Campbell Field,2146,Colorado School of Mines,ii,Rocky Mountain,,,,,,2848,Western Oregon,ii,Lone Star,,,,,,,,,
2026-08-21T18:47:07+00:00,2026,1,games,401867882,2026,1,regular,2026-08-29T18:00:00.000Z,False,False,False,False,,1905,DakotaDome,233,South Dakota,fcs,MVFC,,,,,,2115,Central Connecticut,fcs,NEC,,,,,,,,,
2026-08-21T18:47:07+00:00,2026,1,games,401906949,2026,1,regular,2026-08-29T19:00:00.000Z,False,False,False,True,,4749,McPherson Memorial Stadium,2119,Central State,ii,SIAC,,,,,,2310,Kentucky State,ii,SIAC,,,,,,,,,
2026-08-21T18:47:07+00:00,2026,1,games,401868324,2026,1,regular,2026-08-29T19:00:00.000Z,False,False,True,True,,3803,Legion Field,2011,Alabama State,fcs,SWAC,,,,,,2582,Southern,fcs,SWAC,,,,,,,,,
2026-08-21T18:47:07+00:00,2026,1,games,401907246,2026,1,regular,2026-08-29T19:00:00.000Z,False,False,False,False,,6030,Harms-Eischeid Stadium,389,Upper Iowa,ii,Great Lakes,,,,,,2939,Jamestown,ii,Northern Sun,,,,,,,,,
2026-08-21T18:47:07+00:00,2026,1,games,401868154,2026,1,regular,2026-08-29T19:00:00.000Z,False,False,False,True,,4765,Hillsboro Stadium,2502,Portland State,fcs,Big Sky,,,,,,302,UC Davis,fcs,Big Sky,,,,,,,,,
2026-08-21T18:47:07+00:00,2026,1,games,401864494,2026,1,regular,2026-08-29T19:00:00.000Z,False,False,False,False,,477,Los Angeles Memorial Coliseum,30,USC,fbs,Big Ten,,,,1747,,23,San José State,fbs,Mountain West,,,,1411,,,,,
2026-08-21T18:47:07+00:00,2026,1,games,401858202,2026,1,regular,2026-08-29T19:30:00.000Z,False,False,False,True,,3923,Scott Stadium,258,Virginia,fbs,ACC,,,,1591,,152,NC State,fbs,ACC,,,,1570,,,,,
2026-08-21T18:47:07+00:00,2026,1,games,401868022,2026,1,regular,2026-08-29T19:30:00.000Z,False,False,False,True,,3722,Fitton Field,107,Holy Cross,fcs,Patriot,,,,,,2329,Lehigh,fcs,Patriot,,,,,,,,,
2026-08-21T18:47:07+00:00,2026,1,games,401868084,2026,1,regular,2026-08-29T21:00:00.000Z,False,False,False,True,,2023,Walkup Skydome,2464,Northern Arizona,fcs,Big Sky,,,,,,331,Eastern Washington,fcs,Big Sky,,,,,,,,,
2026-08-21T18:47:07+00:00,2026,1,games,401906157,2026,1,regular,2026-08-29T21:00:00.000Z,False,False,False,False,,5875,Charlie W. Johnson Stadium,490,Benedict,ii,SIAC,,,,,,2304,Johnson C. Smith,ii,CIAA,,,,,,,,,
2026-08-21T18:47:07+00:00,2026,1,games,401864577,2026,1,regular,2026-08-29T21:30:00.000Z,False,False,False,False,,3714,Fargodome,2449,North Dakota State,fbs,Mountain West,,,,1500,,55,Jacksonville State,fbs,Conference USA,,,,1494,,,,,
2026-08-21T18:47:07+00:00,2026,1,games,401866620,2026,1,regular,2026-08-29T21:30:00.000Z,False,False,False,False,,5400,William B. Greene Jr. Stadium,2193,East Tennessee State,fcs,Southern,,,,,,2097,Campbell,fcs,Coastal Athletic,,,,,,,,,
2026-08-21T18:47:07+00:00,2026,1,games,401867972,2026,1,regular,2026-08-29T22:00:00.000Z,False,False,False,False,,3991,"William Dick"""" Price Stadium""""",2450,Norfolk State,fcs,MEAC,,,,,,2736,Winston-Salem State,ii,CIAA,,,,,,,,,
2026-08-21T18:47:07+00:00,2026,1,games,401868394,2026,1,regular,2026-08-29T22:00:00.000Z,False,False,False,True,,3737,Gibbs Stadium,2747,Wofford,fcs,Southern,,,,,,2643,The Citadel,fcs,Southern,,,,,,,,,
2026-08-21T18:47:07+00:00,2026,1,games,401906956,2026,1,regular,2026-08-29T22:00:00.000Z,False,False,False,False,,3705,Earl Kitchings Stadium,2206,Edward Waters,ii,SIAC,,,,,,125762,Florida Memorial University,,,,,,,,,,,
2026-08-21T18:47:07+00:00,2026,1,games,401868101,2026,1,regular,2026-08-29T22:00:00.000Z,False,False,False,False,,1930,Holt Arena,304,Idaho State,fcs,Big Sky,,,,,,2678,VMI,fcs,Southern,,,,,,,,,
2026-08-21T18:47:07+00:00,2026,1,games,401866613,2026,1,regular,2026-08-29T22:00:00.000Z,False,False,False,False,,3620,Armstrong Stadium,2261,Hampton,fcs,Coastal Athletic,,,,,,2355,Virginia Lynchburg,,,,,,,,,,,
2026-08-21T18:47:07+00:00,2026,1,games,401907403,2026,1,regular,2026-08-29T22:00:00.000Z,False,False,False,False,,5843,W.B. Adams Stadium,366,Ferrum,ii,Carolinas,,,,,,2107,Catawba,ii,South Atlantic,,,,,,,,,
2026-08-21T18:47:07+00:00,2026,1,games,401906162,2026,1,regular,2026-08-29T22:00:00.000Z,False,False,False,False,,3612,Alumni Memorial Stadium (NC),2940,Livingstone,ii,CIAA,,,,,,2019,Allen,ii,SIAC,,,,,,,,,
2026-08-21T18:47:07+00:00,2026,1,games,401866618,2026,1,regular,2026-08-29T22:00:00.000Z,False,False,False,False,,3603,Aggie Stadium,2448,North Carolina A&T,fcs,Coastal Athletic,,,,,,2415,Morgan State,fcs,MEAC,,,,,,,,,
2026-08-21T18:47:07+00:00,2026,1,games,401866619,2026,1,regular,2026-08-29T22:00:00.000Z,False,False,False,False,,6075,W.B. Mason Stadium,284,Stonehill,fcs,NEC,,,,,,2803,Bryant,fcs,Coastal Athletic,,,,,,,,,
2026-08-21T18:47:07+00:00,2026,1,games,401867988,2026,1,regular,2026-08-29T22:00:00.000Z,False,False,False,True,,2068,E. Claiborne Robins Stadium,257,Richmond,fcs,Patriot,,,,,,2083,Bucknell,fcs,Patriot,,,,,,,,,
2026-08-21T18:47:07+00:00,2026,1,games,401867982,2026,1,regular,2026-08-29T22:00:00.000Z,False,False,False,False,,3864,Oliver C. Dawson Stadium,2569,South Carolina State,fcs,MEAC,,,,,,2542,Savannah State,ii,SIAC,,,,,,,,,
2026-08-21T18:47:07+00:00,2026,1,games,401867855,2026,1,regular,2026-08-29T22:00:00.000Z,False,False,False,False,,3829,Memorial Stadium,282,Indiana State,fcs,MVFC,,,,,,2546,Southeast Missouri State,fcs,OVC,,,,,,,,,
2026-08-21T18:47:07+00:00,2026,1,games,401906151,2026,1,regular,2026-08-29T22:00:00.000Z,False,False,False,True,,3813,"Luther ""Nick"" Jeralds Stadium",2220,Fayetteville State,ii,CIAA,,,,,,2551,Shaw,ii,CIAA,,,,,,,,,
2026-08-21T18:47:07+00:00,2026,1,games,401866408,2026,1,regular,2026-08-29T22:30:00.000Z,False,False,False,True,,3912,Rynearson Stadium,2199,Eastern Michigan,fbs,Mid-American,,,,1326,,16,Sacramento State,fbs,Mid-American,,,,1500,,,,,
2026-08-21T18:47:07+00:00,2026,1,games,401891332,2026,1,regular,2026-08-29T23:00:00.000Z,False,False,False,False,,3744,Hancock Stadium,2287,Illinois State,fcs,MVFC,,,,,,2595,St. Francis (IL),,,,,,,,,,,
2026-08-21T18:47:07+00:00,2026,1,games,401868934,2026,1,regular,2026-08-29T23:00:00.000Z,False,False,True,False,,3983,War Memorial Stadium (AR),2029,Arkansas-Pine Bluff,fcs,SWAC,,,,,,60,Morehouse,ii,SIAC,,,,,,,,,
2026-08-21T18:47:07+00:00,2026,1,games,401868948,2026,1,regular,2026-08-29T23:00:00.000Z,False,False,False,False,,3650,Bragg Memorial Stadium,50,Florida A&M,fcs,SWAC,,,,,,2013,Albany State,ii,SIAC,,,,,,,,,
2026-08-21T18:47:07+00:00,2026,1,games,401907204,2026,1,regular,2026-08-29T23:00:00.000Z,False,False,False,False,,6045,Dwight T. Reed Stadium,2876,Lincoln (MO),ii,Great Lakes,,,,,,2860,Central Methodist,,,,,,,,,,,
2026-08-21T18:47:07+00:00,2026,1,games,401907297,2026,1,regular,2026-08-29T23:00:00.000Z,False,False,False,False,,6049,"Memorial Stadium (Wichita Falls, TX)",2395,Midwestern State,ii,Lone Star,,,,,,2403,Missouri Southern State,ii,Mid America,,,,,,,,,
2026-08-21T18:47:07+00:00,2026,1,games,401907219,2026,1,regular,2026-08-29T23:00:00.000Z,False,False,False,False,,3609,Allgood-Bailey Stadium,2402,Missouri S&T,ii,Great Lakes,,,,,,134087,Westgate Christian University,,,,,,,,,,,
2026-08-21T18:47:07+00:00,2026,1,games,401907243,2026,1,regular,2026-08-29T23:00:00.000Z,False,False,False,False,,6077,Stokes Stadium,2654,Truman State,ii,Great Lakes,,,,,,2687,Washburn,ii,Mid America,,,,,,,,,
2026-08-21T18:47:07+00:00,2026,1,games,401868139,2026,1,regular,2026-08-29T23:00:00.000Z,False,False,False,False,,3704,E. J. Whitmire Stadium,2717,Western Carolina,fcs,Southern,,,,,,2198,Eastern Kentucky,fcs,UAC,,,,,,,,,
2026-08-21T18:47:07+00:00,2026,1,games,401867977,2026,1,regular,2026-08-29T23:00:00.000Z,False,False,False,False,,3631,BBVA Compass Stadium,2640,Texas Southern,fcs,SWAC,,,,,,2428,North Carolina Central,fcs,MEAC,,,,,,,,,
2026-08-21T18:47:07+00:00,2026,1,games,401872615,2026,1,regular,2026-08-29T23:00:00.000Z,False,False,False,False,,5237,Dana J. Dykhouse Stadium,2571,South Dakota State,fcs,MVFC,,,,,,56,Stetson,fcs,Pioneer,,,,,,,,,
2026-08-21T18:47:07+00:00,2026,1,games,401896385,2026,1,regular,2026-08-29T23:00:00.000Z,False,False,False,False,,3771,Jack Spinks Stadium,2016,Alcorn State,fcs,SWAC,,,,,,2396,Miles,ii,SIAC,,,,,,,,,
2026-08-21T18:47:07+00:00,2026,1,games,401868149,2026,1,regular,2026-08-29T23:00:00.000Z,False,False,True,False,,11559,Joe Davis Stadium,2453,North Alabama,fcs,UAC,,,,,,2535,Samford,fcs,Southern,,,,,,,,,
2026-08-21T18:47:07+00:00,2026,1,games,401874042,2026,1,regular,2026-08-29T23:00:00.000Z,False,False,False,False,,4417,Five Star Stadium at the Moye Complex,2382,Mercer,fcs,Southern,,,,,,2837,East Texas A&M,fcs,Southland,,,,,,,,FCS Kickoff,
2026-08-21T18:47:07+00:00,2026,1,games,401868952,2026,1,regular,2026-08-29T23:00:00.000Z,False,False,False,False,,3902,Eddie Robinson Stadium,2755,Grambling,fcs,SWAC,,,,,,2805,Clark Atlanta,ii,SIAC,,,,,,,,,
2026-08-21T18:47:07+00:00,2026,1,games,401858201,2026,1,regular,2026-08-29T23:00:00.000Z,False,False,False,False,,3940,Stanford Stadium,24,Stanford,fbs,ACC,,,,1390,,62,Hawai'i,fbs,Mountain West,,,,1472,,,,,
2026-08-21T18:47:07+00:00,2026,1,games,401866621,2026,1,regular,2026-08-29T23:00:00.000Z,False,False,False,False,,3962,Tucker Stadium,2635,Tennessee Tech,fcs,Southern,,,,,,2405,Monmouth,fcs,Coastal Athletic,,,,,,,,,
2026-08-21T18:47:07+00:00,2026,1,games,401868305,2026,1,regular,2026-08-29T23:00:00.000Z,False,False,False,True,,3686,Cowboy Stadium,2377,McNeese,fcs,Southland,,,,,,2617,Stephen F. Austin,fcs,Southland,,,,,,,,,
2026-08-21T18:47:07+00:00,2026,1,games,401864570,2026,1,regular,2026-08-29T23:00:00.000Z,False,False,False,False,,3697,Doak Campbell Stadium,52,Florida State,fbs,ACC,,,,1537,,166,New Mexico State,fbs,Conference USA,,,,1281,,,,,
2026-08-21T18:47:07+00:00,2026,1,games,401867935,2026,1,regular,2026-08-29T23:30:00.000Z,False,False,True,False,,4246,Center Parc Stadium,47,Howard,fcs,MEAC,,,,,,2010,Alabama A&M,fcs,SWAC,,,,,,,,Cricket MEAC/SWAC Challenge Kickoff Presented by Toyota,
2026-08-21T18:47:07+00:00,2026,1,games,401907334,2026,1,regular,2026-08-30T00:00:00.000Z,False,False,False,False,,6123,Jackson Field,2834,Sul Ross State,ii,Lone Star,,,,,,630,Wayland Baptist,,,,,,,,,,,
2026-08-21T18:47:07+00:00,2026,1,games,401868245,2026,1,regular,2026-08-30T00:00:00.000Z,False,False,False,False,,6006,Robert and Janet Vackar Stadium,292,UT Rio Grande Valley,fcs,Southland,,,,,,110243,UT Permian Basin,ii,Lone Star,,,,,,,,,
2026-08-21T18:47:07+00:00,2026,1,games,401907308,2026,1,regular,2026-08-30T00:00:00.000Z,False,False,False,False,,6076,Javelina Stadium,2658,Texas A&M-Kingsville,ii,Lone Star,,,,,,138,Northwest Missouri State,ii,Mid America,,,,,,,,,
2026-08-21T18:47:07+00:00,2026,1,games,401907324,2026,1,regular,2026-08-30T00:00:00.000Z,False,False,False,False,,10464,Walter Butler Stadium,2064,Bethel University Tennessee,,,,,,,,2323,Lane College,ii,SIAC,,,,,,,,,
2026-08-21T18:47:07+00:00,2026,1,games,401868194,2026,1,regular,2026-08-30T00:30:00.000Z,False,False,False,False,,3810,Nissan Stadium,2634,Tennessee State,fcs,OVC,,,,,,2296,Jackson State,fcs,SWAC,,,,,,,,,
2026-08-21T18:47:07+00:00,2026,1,games,401868235,2026,1,regular,2026-08-30T01:00:00.000Z,False,False,False,False,,3827,"Memorial Stadium (Stephenville, TX)",2627,Tarleton State,fcs,UAC,,,,,,2504,Prairie View A&M,fcs,SWAC,,,,,,,,,
2026-08-21T18:47:07+00:00,2026,1,games,401868129,2026,1,regular,2026-08-30T01:00:00.000Z,False,False,False,True,,3856,Nottingham Field,2458,Northern Colorado,fcs,Big Sky,,,,,,2692,Weber State,fcs,Big Sky,,,,,,,,,
2026-08-21T18:47:07+00:00,2026,1,games,401868110,2026,1,regular,2026-08-30T01:00:00.000Z,False,False,False,True,,3987,Washington-Grizzly Stadium,149,Montana,fcs,Big Sky,,,,,,253,Southern Utah,fcs,Big Sky,,,,,,,,,
2026-08-21T18:47:07+00:00,2026,1,games,401862693,2026,1,regular,2026-08-30T02:00:00.000Z,False,False,False,False,,6501,Allegiant Stadium,2439,UNLV,fbs,Mountain West,,,,1581,,235,Memphis,fbs,American Athletic,,,,1526,,,,,
2026-08-21T18:47:07+00:00,2026,1,games,401868118,2026,1,regular,2026-08-30T02:00:00.000Z,False,False,False,True,,3745,Greater Zion Stadium,3101,Utah Tech,fcs,Big Sky,,,,,,147,Montana State,fcs,Big Sky,,,,,,,,,
2026-08-21T18:47:07+00:00,2026,1,games,401906596,2026,1,regular,2026-08-31T00:00:00.000Z,False,False,True,False,,3689,Cramton Bowl,2695,West Alabama,ii,Gulf South,,,,,,2657,Tuskegee,ii,SIAC,,,,,,,,,
2026-08-21T18:47:07+00:00,2026,1,games,401907838,2026,1,regular,2026-09-02T22:00:00.000Z,False,False,False,False,,6100,Cutler Field,354,Olivet,iii,Michigan,,,,,,74,Millikin,iii,CCIW,,,,,,,,,
2026-08-21T18:47:07+00:00,2026,1,games,401868269,2026,1,regular,2026-09-03T04:00:00.000Z,True,False,False,False,,3774,Jayne Stadium,2413,Morehead State,fcs,Pioneer,,,,,,3077,Kentucky Christian,,,,,,,,,,,
2026-08-21T18:47:07+00:00,2026,1,games,401867889,2026,1,regular,2026-09-03T04:00:00.000Z,True,False,False,False,,3925,Seibert Stadium,2535,Samford,fcs,Southern,,,,,,79,Southern Illinois,fcs,MVFC,,,,,,,,,
2026-08-21T18:47:07+00:00,2026,1,games,401908891,2026,1,regular,2026-09-03T21:00:00.000Z,False,False,False,False,,6085,Sprague Field,2818,Montclair State,iii,New Jersey,,,,,,2383,Merchant Marine,iii,NEWMAC,,,,,,,,,
2026-08-21T18:47:07+00:00,2026,1,games,401907484,2026,1,regular,2026-09-03T22:00:00.000Z,False,False,False,False,,3848,Multi-Sport Stadium,2038,Assumption,ii,Northeast 10,,,,,,2315,Kutztown,ii,Pennsylvania State Athletic,,,,,,,,,
2026-08-21T18:47:07+00:00,2026,1,games,401907493,2026,1,regular,2026-09-03T22:00:00.000Z,False,False,False,False,,5943,Duvall-Rosier Field,2986,Fairmont State,ii,Mountain East,,,,,,2071,Bloomsburg,ii,Pennsylvania State Athletic,,,,,,,,,
2026-08-21T18:47:07+00:00,2026,1,games,401907610,2026,1,regular,2026-09-03T22:00:00.000Z,False,False,False,False,,5887,I.L. & Sue Morris Stadium,2249,Glenville State,ii,Mountain East,,,,,,210,Millersville,ii,Pennsylvania State Athletic,,,,,,,,,
2026-08-21T18:47:07+00:00,2026,1,games,401906880,2026,1,regular,2026-09-03T22:00:00.000Z,False,False,False,False,,3600,Tom Adams Field,131,Wayne State (MI),ii,GLIAC,,,,,,2886,Northwood,ii,Great Midwest Athletic,,,,,,,,,
2026-08-21T18:47:07+00:00,2026,1,games,401907412,2026,1,regular,2026-09-03T22:00:00.000Z,False,False,False,False,,3663,Burke-Tarr Stadium,2105,Carson Newman,ii,South Atlantic,,,,,,134000,Thomas,,,,,,,,,,,
2026-08-21T18:47:07+00:00,2026,1,games,401858423,2026,1,regular,2026-09-03T22:00:00.000Z,False,False,False,False,,6577,SHI Stadium,164,Rutgers,fbs,Big Ten,,,,1479,,113,Massachusetts,fbs,Mid-American,,,,978,,,,,
2026-08-21T18:47:07+00:00,2026,1,games,401907516,2026,1,regular,2026-09-03T22:00:00.000Z,False,False,False,False,,4436,Adamson Stadium,2858,California (PA),ii,Pennsylvania State Athletic,,,,,,2128,Charleston (WV),ii,Mountain East,,,,,,,,,
2026-08-21T18:47:07+00:00,2026,1,games,401907526,2026,1,regular,2026-09-03T22:00:00.000Z,False,False,False,False,,4437,"Memorial Stadium (Clarion, PA)",2134,Clarion,ii,Pennsylvania State Athletic,,,,,,455,West Virginia Wesleyan,ii,Mountain East,,,,,,,,,
2026-08-21T18:47:07+00:00,2026,1,games,401864425,2026,1,regular,2026-09-03T23:00:00.000Z,False,False,False,False,,4899,Fifth Third Stadium,338,Kennesaw State,fbs,Conference USA,,,,1373,,2698,West Georgia,fcs,UAC,,,,,,,,,
2026-08-21T18:47:07+00:00,2026,1,games,401856767,2026,1,regular,2026-09-03T23:00:00.000Z,False,False,False,False,,3652,FBC Mortgage Stadium,2116,UCF,fbs,Big 12,,,,1465,,2065,Bethune-Cookman,fcs,SWAC,,,,,,,,,
2026-08-21T18:47:07+00:00,2026,1,games,401908854,2026,1,regular,2026-09-03T23:00:00.000Z,False,False,False,False,,6127,John P. Papp Stadium,2748,Wooster,iii,North Coast,,,,,,2733,Wilmington (OH),iii,Ohio,,,,,,,,,
2026-08-21T18:47:07+00:00,2026,1,games,401907666,2026,1,regular,2026-09-03T23:00:00.000Z,False,False,False,False,,6130,Fred Zollner Athletic Stadium,2651,Trine,iii,Michigan,,,,,,80,Chicago,iii,Midwest,,,,,,,,,
2026-08-21T18:47:07+00:00,2026,1,games,401907871,2026,1,regular,2026-09-03T23:00:00.000Z,False,False,False,False,,6126,Bob Boozer Field,2781,Brockport,iii,Empire 8,,,,,,2085,Buffalo State,iii,Liberty League,,,,,,,,,
2026-08-21T18:47:07+00:00,2026,1,games,401908216,2026,1,regular,2026-09-03T23:00:00.000Z,False,False,False,False,,6099,Selby Stadium,2980,Ohio Wesleyan,iii,North Coast,,,,,,2074,Bluffton,iii,Heartland,,,,,,,,,
2026-08-21T18:47:07+00:00,2026,1,games,401907003,2026,1,regular,2026-09-03T23:00:00.000Z,False,False,False,False,,3811,Lubbers Stadium,125,Grand Valley State,ii,GLIAC,,,,,,2704,West Texas,ii,Lone Star,,,,,,,,,
2026-08-21T18:47:07+00:00,2026,1,games,401906553,2026,1,regular,2026-09-03T23:00:00.000Z,False,False,False,True,,3934,Southern Nazarene University Football Stadium,200,Southern Nazarene,ii,Great American,,,,,,2271,Henderson State,ii,Great American,,,,,,,,,
2026-08-21T18:47:07+00:00,2026,1,games,401906649,2026,1,regular,2026-09-03T23:00:00.000Z,False,False,False,False,,4440,Sox Harrison Stadium,2205,Edinboro,ii,Pennsylvania State Athletic,,,,,,2477,Ohio Dominican,ii,Great Midwest Athletic,,,,,,,,,
2026-08-21T18:47:07+00:00,2026,1,games,401907644,2026,1,regular,2026-09-03T23:00:00.000Z,False,False,False,True,,6051,James S. Malosky Stadium,134,Minnesota Duluth,ii,Northern Sun,,,,,,2043,Augustana (SD),ii,Northern Sun,,,,,,,,,
2026-08-21T18:47:07+00:00,2026,1,games,401906545,2026,1,regular,2026-09-03T23:00:00.000Z,False,False,False,True,,5885,First Security Stadium,2264,Harding,ii,Great American,,,,,,2823,Northwestern (OK),ii,Great American,,,,,,,,,
2026-08-21T18:47:07+00:00,2026,1,games,401906603,2026,1,regular,2026-09-03T23:00:00.000Z,False,False,False,False,,4851,Bazemore-Hyder Stadium,2673,Valdosta State,ii,Gulf South,,,,,,2683,Warner,,,,,,,,,,,
2026-08-21T18:47:07+00:00,2026,1,games,401858204,2026,1,regular,2026-09-03T23:00:00.000Z,False,False,False,False,,3630,Allegacy Federal Credit Union Stadium,154,Wake Forest,fbs,ACC,,,,1520,,2006,Akron,fbs,Mid-American,,,,925,,,,,
2026-08-21T18:47:07+00:00,2026,1,games,401864424,2026,1,regular,2026-09-03T23:00:00.000Z,False,False,False,False,,3695,Delaware Stadium,48,Delaware,fbs,Conference USA,,,,1404,,2771,Merrimack,fcs,FCS Independents,,,,,,,,,
2026-08-21T18:47:07+00:00,2026,1,games,401907727,2026,1,regular,2026-09-03T23:00:00.000Z,False,False,False,True,,6052,Herb Parker Stadium,568,Minot State,ii,Northern Sun,,,,,,2844,Wayne State (NE),ii,Northern Sun,,,,,,,,,
2026-08-21T18:47:07+00:00,2026,1,games,401866409,2026,1,regular,2026-09-03T23:00:00.000Z,False,False,False,False,,3965,UB Stadium,2084,Buffalo,fbs,Mid-American,,,,1365,,399,UAlbany,fcs,Coastal Athletic,,,,,,,,,
2026-08-21T18:47:07+00:00,2026,1,games,401908201,2026,1,regular,2026-09-03T23:00:00.000Z,False,False,False,False,,5907,McCarthy Stadium (Wilkes Barre),247,King's,iii,Mid Atlantic,,,,,,398,Wilkes,iii,Landmark Conference,,,,,,,,,
2026-08-21T18:47:07+00:00,2026,1,games,401906526,2026,1,regular,2026-09-03T23:00:00.000Z,False,False,False,True,,5871,Convoy Leslie Cotton Boll Stadium,2028,Arkansas Monticello,ii,Great American,,,,,,199,Southeastern Oklahoma State,ii,Great American,,,,,,,,,
2026-08-21T18:47:07+00:00,2026,1,games,401908789,2026,1,regular,2026-09-03T23:00:00.000Z,False,False,False,False,,5931,Don Drumm Stadium,317,Marietta,iii,Ohio,,,,,,2849,Westminster (PA),iii,Presidents',,,,,,,,,
2026-08-21T18:47:07+00:00,2026,1,games,401907697,2026,1,regular,2026-09-03T23:00:00.000Z,False,False,False,True,,3951,Swisher Field,425,Northern State,ii,Northern Sun,,,,,,2851,Winona State,ii,Northern Sun,,,,,,,,,
2026-08-21T18:47:07+00:00,2026,1,games,401907677,2026,1,regular,2026-09-03T23:00:00.000Z,False,False,False,True,,3606,Scheels Field at Nemzek Stadium,2817,Minnesota St Moorhead,ii,Northern Sun,,,,,,3066,Concordia St. Paul,ii,Northern Sun,,,,,,,,,
2026-08-21T18:47:07+00:00,2026,1,games,401908346,2026,1,regular,2026-09-03T23:00:00.000Z,False,False,False,False,,5902,Knox Stadium,246,Juniata,iii,Landmark Conference,,,,,,2248,Gettysburg,iii,Centennial,,,,,,,,,
2026-08-21T18:47:07+00:00,2026,1,games,401906877,2026,1,regular,2026-09-03T23:00:00.000Z,False,False,False,False,,3770,Jack Miller Stadium,308,Ashland,ii,Great Midwest Athletic,,,,,,2291,IU Pennsylvania,ii,Pennsylvania State Athletic,,,,,,,,,
2026-08-21T18:47:07+00:00,2026,1,games,401907995,2026,1,regular,2026-09-03T23:00:00.000Z,False,False,False,False,,5901,David Smith Stadium at Ramer Field,2723,Wisconsin River Falls,iii,Wisconsin,,,,,,2896,Southern Virginia,iii,USA South,,,,,,,,,
2026-08-21T18:47:07+00:00,2026,1,games,401866622,2026,1,regular,2026-09-03T23:00:00.000Z,False,False,False,False,,3788,Kenneth P. LaValle Stadium,2619,Stony Brook,fcs,Coastal Athletic,,,,,,2815,Lindenwood,fcs,OVC,,,,,,,,,
2026-08-21T18:47:07+00:00,2026,1,games,401907156,2026,1,regular,2026-09-04T00:00:00.000Z,False,False,False,False,,3633,Ben Altamirano Field,2703,Western New Mexico,ii,Lone Star,,,,,,2424,New Mexico Highlands,ii,Rocky Mountain,,,,,,,,,
2026-08-21T18:47:07+00:00,2026,1,games,401907337,2026,1,regular,2026-09-04T00:00:00.000Z,False,False,False,True,,4724,Audrey J. Walton Stadium at Vernon Kennedy Field,2118,Central Missouri,ii,Mid America,,,,,,137,Missouri Western,ii,Mid America,,,,,,,,,
2026-08-21T18:47:07+00:00,2026,1,games,401907145,2026,1,regular,2026-09-04T00:00:00.000Z,False,False,False,False,,5890,Lewis Field Stadium,2231,Fort Hays,ii,Mid America,,,,,,2570,CSU Pueblo,ii,Rocky Mountain,,,,,,,,,
2026-08-21T18:47:07+00:00,2026,1,games,401856776,2026,1,regular,2026-09-04T00:00:00.000Z,False,False,False,False,,721,Bobby Dodd Stadium,59,Georgia Tech,fbs,ACC,,,,1563,,38,Colorado,fbs,Big 12,,,,1396,,,,,
2026-08-21T18:47:07+00:00,2026,1,games,401906536,2026,1,regular,2026-09-04T00:00:00.000Z,False,False,False,True,,6065,Cliff Harris Stadium,2888,Ouachita Baptist,ii,Great American,,,,,,2191,East Central,ii,Great American,,,,,,,,,
2026-08-21T18:47:07+00:00,2026,1,games,401858422,2026,1,regular,2026-09-04T00:00:00.000Z,False,False,False,False,,3953,Huntington Bank Stadium,135,Minnesota,fbs,Big Ten,,,,1510,,2197,Eastern Illinois,fcs,OVC,,,,,,,,,
2026-08-21T18:47:07+00:00,2026,1,games,401906566,2026,1,regular,2026-09-04T00:00:00.000Z,False,False,False,True,,6064,Crain Family Stadium,319,Oklahoma Baptist,ii,Great American,,,,,,2568,Southern Arkansas,ii,Great American,,,,,,,,,
2026-08-21T18:47:07+00:00,2026,1,games,401856663,2026,1,regular,2026-09-04T00:00:00.000Z,False,False,False,False,,3838,Memorial Stadium,142,Missouri,fbs,SEC,,,,1666,,2029,Arkansas-Pine Bluff,fcs,SWAC,,,,,,,,,
2026-08-21T18:47:07+00:00,2026,1,games,401907162,2026,1,regular,2026-09-04T00:00:00.000Z,False,False,False,False,,5782,Mountaineer Bowl,2714,Western Colorado,ii,Rocky Mountain,,,,,,2025,Angelo State,ii,Lone Star,,,,,,,,,
2026-08-21T18:47:07+00:00,2026,1,games,401906515,2026,1,regular,2026-09-04T00:00:00.000Z,False,False,False,True,,5870,Thone Stadium at Buerkle Field,2033,Arkansas Tech,ii,Great American,,,,,,2927,Southwestern Oklahoma State,ii,Great American,,,,,,,,,
2026-08-21T18:47:07+00:00,2026,1,games,401908386,2026,1,regular,2026-09-04T00:00:00.000Z,False,False,False,False,,6081,Harper Davis Field,2398,Millsaps,iii,Southern Athletic,,,,,,2056,Belhaven,iii,USA South,,,,,,,,,
2026-08-21T18:47:07+00:00,2026,1,games,401873393,2026,1,regular,2026-09-04T00:00:00.000Z,False,False,False,False,,3945,Strong Stadium,266,Beloit,iii,Midwest,,,,,,2524,Rockford,iii,NACC,,,,,,,,,
2026-08-21T18:47:07+00:00,2026,1,games,401907121,2026,1,regular,2026-09-04T00:00:00.000Z,False,False,False,False,,5880,Elliott Field at Don Beebe Stadium,2123,Chadron State,ii,Rocky Mountain,,,,,,2438,Nebraska Kearney,ii,Mid America,,,,,,,,,
2026-08-21T18:47:07+00:00,2026,1,games,401856768,2026,1,regular,2026-09-04T01:00:00.000Z,False,False,False,False,,587,Rice-Eccles Stadium,254,Utah,fbs,Big 12,,,,1817,,70,Idaho,fcs,Big Sky,,,,,,,,,
2026-08-21T18:47:07+00:00,2026,1,games,401858424,2026,1,regular,2026-09-04T01:00:00.000Z,False,False,False,False,,3832,"Memorial Stadium (Champaign, IL)",356,Illinois,fbs,Big Ten,,,,1563,,5,UAB,fbs,American Athletic,,,,1443,,,,,
2026-08-21T18:47:07+00:00,2026,1,games,401908094,2026,1,regular,2026-09-04T22:00:00.000Z,False,False,False,False,,5998,Monarch Stadium,291,Methodist,iii,USA South,,,,,,2828,Shenandoah,iii,Old Dominion,,,,,,,,,
2026-08-21T18:47:07+00:00,2026,1,games,401907008,2026,1,regular,2026-09-04T22:00:00.000Z,False,False,False,False,,3960,Top Taggart Field,2222,Ferris State,ii,GLIAC,,,,,,2060,Bentley,ii,Northeast 10,,,,,,,,,
2026-08-21T18:47:07+00:00,2026,1,games,401908162,2026,1,regular,2026-09-04T22:00:00.000Z,False,False,False,False,,5127,Gene L. Shirk Stadium,2015,Albright,iii,Mid Atlantic,,,,,,417,Gallaudet,iii,Southern Collegiate Athletic,,,,,,,,,
2026-08-21T18:47:07+00:00,2026,1,games,401908537,2026,1,regular,2026-09-04T22:00:00.000Z,False,False,False,False,,5637,Vendetti Field,2884,Nichols,iii,Commonwealth Coast,,,,,,109,MIT,iii,NEWMAC,,,,,,,,,
2026-08-21T18:47:07+00:00,2026,1,games,401908331,2026,1,regular,2026-09-04T22:00:00.000Z,False,False,False,False,,5835,Biddle Field,2175,Dickinson,iii,Centennial,,,,,,2516,Randolph Macon,iii,Old Dominion,,,,,,,,,
2026-08-21T18:47:07+00:00,2026,1,games,401908318,2026,1,regular,2026-09-04T22:00:00.000Z,False,False,False,False,,6112,Richard Wackar Stadium,2827,Rowan,iii,New Jersey,,,,,,2371,Mary Hardin Baylor,iii,American Southwest,,,,,,,,,
2026-08-21T18:47:07+00:00,2026,1,games,401906610,2026,1,regular,2026-09-04T22:30:00.000Z,False,False,False,False,,7082,Athletic Field Complex,122774,Keystone,iii,Independent DIII,,,,,,111674,Alvernia,iii,Mid Atlantic,,,,,,,,,
2026-08-21T18:47:07+00:00,2026,1,games,401864495,2026,1,regular,2026-09-04T22:30:00.000Z,False,False,False,False,,3912,Rynearson Stadium,2199,Eastern Michigan,fbs,Mid-American,,,,,,23,San José State,fbs,Mountain West,,,,1411,,,,,
2026-08-21T18:47:07+00:00,2026,1,games,401907736,2026,1,regular,2026-09-04T23:00:00.000Z,False,False,False,False,,3717,Edwin Fauver Stadium,184,Rochester (NY),iii,Liberty League,,,,,,2963,Case Western Reserve,iii,Presidents',,,,,,,,,
2026-08-21T18:47:07+00:00,2026,1,games,401907862,2026,1,regular,2026-09-04T23:00:00.000Z,False,False,False,False,,5856,Boswell Field at David J. Urick Stadium,174,Hobart,iii,Liberty League,,,,,,365,Alfred,iii,Empire 8,,,,,,,,,
2026-08-21T18:47:07+00:00,2026,1,games,401908690,2026,1,regular,2026-09-04T23:00:00.000Z,False,False,False,False,,6095,Sabine Field at Haynes Family Stadium,2467,Norwich,iii,NEWMAC,,,,,,2779,St. Lawrence,iii,Liberty League,,,,,,,,,
2026-08-21T18:47:07+00:00,2026,1,games,401908606,2026,1,regular,2026-09-04T23:00:00.000Z,False,False,False,False,,5939,Cressy Field,379,UMass Dartmouth,iii,MSCAC,,,,,,2776,Salve Regina,iii,NEWMAC,,,,,,,,,
2026-08-21T18:47:07+00:00,2026,1,games,401866623,2026,1,regular,2026-09-04T23:00:00.000Z,False,False,False,False,,4246,Center Parc Stadium,2247,Georgia State,fbs,Sun Belt,,,,1241,,2448,North Carolina A&T,fcs,Coastal Athletic,,,,,,,,,
2026-08-21T18:47:07+00:00,2026,1,games,401908181,2026,1,regular,2026-09-04T23:00:00.000Z,False,False,False,False,,6136,Patterson Field,2667,Ursinus,iii,Centennial,,,,,,2808,Delaware Valley,iii,Mid Atlantic,,,,,,,,,
2026-08-21T18:47:07+00:00,2026,1,games,401908517,2026,1,regular,2026-09-04T23:00:00.000Z,False,False,False,False,,6119,Stagg Field,81,Springfield,iii,NEWMAC,,,,,,2702,Western New England,iii,Commonwealth Coast,,,,,,,,,
2026-08-21T18:47:07+00:00,2026,1,games,401858435,2026,1,regular,2026-09-04T23:00:00.000Z,False,False,False,False,,3907,Ross-Ade Stadium,2509,Purdue,fbs,Big Ten,,,,1318,,282,Indiana State,fcs,MVFC,,,,,,,,,
2026-08-21T18:47:07+00:00,2026,1,games,401908309,2026,1,regular,2026-09-04T23:00:00.000Z,False,False,False,False,,3851,Mustang Stadium,471,Stevenson,iii,Mid Atlantic,,,,,,2079,Bridgewater,iii,Old Dominion,,,,,,,,,
2026-08-21T18:47:07+00:00,2026,1,games,401908263,2026,1,regular,2026-09-04T23:00:00.000Z,False,False,False,False,,7077,Shadek Stadium,2234,Franklin & Marshall,iii,Centennial,,,,,,388,Lebanon Valley,iii,Mid Atlantic,,,,,,,,,
2026-08-21T18:47:07+00:00,2026,1,games,401868262,2026,1,regular,2026-09-04T23:00:00.000Z,False,False,False,False,,36,Leonidoff Field,2368,Marist,fcs,Pioneer,,,,,,112334,Franklin Pierce,ii,Northeast 10,,,,,,,,,
2026-08-21T18:47:07+00:00,2026,1,games,401907537,2026,1,regular,2026-09-04T23:00:00.000Z,False,False,False,False,,6066,Pace Stadium,2487,Pace,ii,Northeast 10,,,,,,2188,East Stroudsburg,ii,Pennsylvania State Athletic,,,,,,,,,
2026-08-21T18:47:07+00:00,2026,1,games,401907966,2026,1,regular,2026-09-04T23:00:00.000Z,False,False,False,False,,6083,Mangelsdorf Field,2969,Misericordia,iii,Mid Atlantic,,,,,,173,Hartwick,iii,Empire 8,,,,,,,,,
2026-08-21T18:47:07+00:00,2026,1,games,401908359,2026,1,regular,2026-09-04T23:30:00.000Z,False,False,False,False,,3922,Kenneth R. Gill Stadium,2700,McDaniel,iii,Centennial,,,,,,2108,Catholic,iii,Landmark Conference,,,,,,,,,
2026-08-21T18:47:07+00:00,2026,1,games,401856664,2026,1,regular,2026-09-05T00:00:00.000Z,False,False,False,False,,3835,"Memorial Stadium (Norman, OK)",201,Oklahoma,fbs,SEC,,,,1706,,2638,UTEP,fbs,Mountain West,,,,1256,,,,,
2026-08-21T18:47:07+00:00,2026,1,games,401907818,2026,1,regular,2026-09-05T00:00:00.000Z,False,False,False,False,,5816,Art Keller Field,2106,Carthage,iii,CCIW,,,,,,6353,Lakeland,iii,NACC,,,,,,,,,
2026-08-21T18:47:07+00:00,2026,1,games,401858429,2026,1,regular,2026-09-05T00:00:00.000Z,False,False,False,False,,3936,Spartan Stadium,127,Michigan State,fbs,Big Ten,,,,1439,,2649,Toledo,fbs,Mid-American,,,,1597,,,,,
2026-08-21T18:47:07+00:00,2026,1,games,401856769,2026,1,regular,2026-09-05T00:00:00.000Z,False,False,False,False,,3833,Memorial Stadium,2305,Kansas,fbs,Big 12,,,,1510,,2341,Long Island University,fcs,NEC,,,,,,,,,
2026-08-21T18:47:07+00:00,2026,1,games,401858436,2026,1,regular,2026-09-05T01:00:00.000Z,False,False,False,False,,477,Los Angeles Memorial Coliseum,30,USC,fbs,Big Ten,,,,,,278,Fresno State,fbs,Pac-12,,,,1532,,,,,
2026-08-21T18:47:07+00:00,2026,1,games,401858206,2026,1,regular,2026-09-05T01:00:00.000Z,False,False,False,True,,3940,Stanford Stadium,24,Stanford,fbs,ACC,,,,,,2390,Miami,fbs,ACC,,,,1842,,,,,
2026-08-21T18:47:07+00:00,2026,1,games,401908292,2026,1,regular,2026-09-05T02:00:00.000Z,False,False,False,False,,6153,Hanson Stadium,205,Pacific (OR),iii,Northwest,,,,,,2758,Howard Payne,iii,American Southwest,,,,,,,,,
2026-08-21T18:47:07+00:00,2026,1,games,401867928,2026,1,regular,2026-09-05T04:00:00.000Z,True,False,False,False,,3979,Wagner College Stadium,2681,Wagner,fcs,NEC,,,,,,2583,Southern Connecticut State,ii,Northeast 10,,,,,,,,,
2026-08-21T18:47:07+00:00,2026,1,games,401907332,2026,1,regular,2026-09-05T04:00:00.000Z,True,False,False,False,,,,2584,Southern Oregon,,,,,,,,2848,Western Oregon,ii,Lone Star,,,,,,,,,
2026-08-21T18:47:07+00:00,2026,1,games,401869127,2026,1,regular,2026-09-05T04:00:00.000Z,True,False,False,False,,3990,William H. Greene Stadium,47,Howard,fcs,MEAC,,,,,,257,Richmond,fcs,Patriot,,,,,,,,,
2026-08-21T18:47:07+00:00,2026,1,games,401868284,2026,1,regular,2026-09-05T15:00:00.000Z,False,False,False,False,,4416,Spec Martin Municipal Stadium,56,Stetson,fcs,Pioneer,,,,,,2691,Webber International,,,,,,,,,,,
2026-08-21T18:47:07+00:00,2026,1,games,401856778,2026,1,regular,2026-09-05T16:00:00.000Z,False,False,False,False,,4728,TDECU Stadium,248,Houston,fbs,Big 12,,,,1508,,204,Oregon State,fbs,Pac-12,,,,1266,,,,,
2026-08-21T18:47:07+00:00,2026,1,games,401908475,2026,1,regular,2026-09-05T16:00:00.000Z,False,False,False,False,,5808,Edward C. Swenson Athletic Complex,18,Bridgewater State,iii,MSCAC,,,,,,40,Curry,iii,Commonwealth Coast,,,,,,,,,
2026-08-21T18:47:07+00:00,2026,1,games,401908568,2026,1,regular,2026-09-05T16:00:00.000Z,False,False,False,True,,5831,Dale Lippert Field,110438,Dean,iii,MSCAC,,,,,,114,Fitchburg State,iii,MSCAC,,,,,,,,,
2026-08-21T18:47:07+00:00,2026,1,games,401856634,2026,1,regular,2026-09-05T16:00:00.000Z,False,False,False,False,,3657,Bryant-Denny Stadium,333,Alabama,fbs,SEC,,,,1738,,151,East Carolina,fbs,American Athletic,,,,1562,,,,,
2026-08-21T18:47:07+00:00,2026,1,games,401858208,2026,1,regular,2026-09-05T16:00:00.000Z,False,False,False,False,,1964,JMA Wireless Dome,183,Syracuse,fbs,ACC,,,,1288,,160,New Hampshire,fcs,Coastal Athletic,,,,,,,,,
2026-08-21T18:47:07+00:00,2026,1,games,401908353,2026,1,regular,2026-09-05T16:00:00.000Z,False,False,False,False,,5124,Homewood Field,118,Johns Hopkins,iii,Centennial,,,,,,175,Ithaca,iii,Liberty League,,,,,,,,,
2026-08-21T18:47:07+00:00,2026,1,games,401858430,2026,1,regular,2026-09-05T16:00:00.000Z,False,False,False,False,,3834,"Memorial Stadium (Lincoln, NE)",158,Nebraska,fbs,Big Ten,,,,1538,,195,Ohio,fbs,Mid-American,,,,1372,,,,,
2026-08-21T18:47:07+00:00,2026,1,games,401858425,2026,1,regular,2026-09-05T16:00:00.000Z,False,False,False,False,,3830,"Memorial Stadium (Bloomington, IN)",84,Indiana,fbs,Big Ten,,,,2064,,249,North Texas,fbs,American Athletic,,,,1639,,,,,
2026-08-21T18:47:07+00:00,2026,1,games,401908563,2026,1,regular,2026-09-05T16:00:00.000Z,False,False,False,False,,5940,Clean Harbors Stadium,110,Mass Maritime,iii,MSCAC,,,,,,274,Maine Maritime,iii,Commonwealth Coast,,,,,,,,,
2026-08-21T18:47:07+00:00,2026,1,games,401867924,2026,1,regular,2026-09-05T16:00:00.000Z,False,False,False,True,,6058,Ralph F. DellaCamera Stadium,2441,New Haven,fcs,NEC,,,,,,284,Stonehill,fcs,NEC,,,,,,,,,
2026-08-21T18:47:07+00:00,2026,1,games,401909005,2026,1,regular,2026-09-05T16:00:00.000Z,False,False,False,False,,5123,Little Giant Stadium,89,Wabash,iii,North Coast,,,,,,297,Hampden Sydney,iii,Old Dominion,,,,,,,,,
2026-08-21T18:47:07+00:00,2026,1,games,401907832,2026,1,regular,2026-09-05T16:00:00.000Z,False,False,False,False,,5786,Sprankle-Sprandel Stadium,2790,Albion,iii,Michigan,,,,,,306,Illinois Wesleyan,iii,CCIW,,,,,,,,,
2026-08-21T18:47:07+00:00,2026,1,games,401861962,2026,1,regular,2026-09-05T16:00:00.000Z,False,False,False,False,,3892,Pratt & Whitney Stadium,41,UConn,fbs,FBS Independents,,,,1484,,322,Lafayette,fcs,Patriot,,,,,,,,,
2026-08-21T18:47:07+00:00,2026,1,games,401856780,2026,1,regular,2026-09-05T16:00:00.000Z,False,False,False,False,,3842,Milan Puskar Stadium,277,West Virginia,fbs,Big 12,,,,1360,,324,Coastal Carolina,fbs,Sun Belt,,,,1275,,,,,
2026-08-21T18:47:07+00:00,2026,1,games,401869960,2026,1,regular,2026-09-05T16:00:00.000Z,False,False,False,False,,3651,Bridgeforth Stadium,256,James Madison,fbs,Sun Belt,,,,1770,,2335,Liberty,fbs,Conference USA,,,,1703,,,,,
2026-08-21T18:47:07+00:00,2026,1,games,401908101,2026,1,regular,2026-09-05T16:00:00.000Z,False,False,False,False,,5854,Hoernemann Stadium,191,Heidelberg,iii,Ohio,,,,,,2373,Maryville (TN),iii,USA South,,,,,,,,,
2026-08-21T18:47:07+00:00,2026,1,games,401908364,2026,1,regular,2026-09-05T16:00:00.000Z,False,False,False,False,,6086,Rocco Calvo Field,323,Moravian,iii,Landmark Conference,,,,,,2422,Muhlenberg,iii,Centennial,,,,,,,,,
2026-08-21T18:47:07+00:00,2026,1,games,401866410,2026,1,regular,2026-09-05T16:00:00.000Z,False,False,False,False,,3700,Doyt L. Perry Stadium,189,Bowling Green,fbs,Mid-American,,,,1340,,2627,Tarleton State,fcs,UAC,,,,,,,,,
2026-08-21T18:47:07+00:00,2026,1,games,401907013,2026,1,regular,2026-09-05T16:00:00.000Z,False,False,False,False,,5934,Farmers Insurance Athletic Complex,110254,Davenport,ii,GLIAC,,,,,,2654,Truman State,ii,Great Lakes,,,,,,,,,
2026-08-21T18:47:07+00:00,2026,1,games,401908091,2026,1,regular,2026-09-05T16:00:00.000Z,False,False,False,False,,3675,Charles A. Gaetano Stadium,390,Utica,iii,Empire 8,,,,,,2686,Washington & Jefferson,iii,Presidents',,,,,,,,,
2026-08-21T18:47:07+00:00,2026,1,games,401908624,2026,1,regular,2026-09-05T16:00:00.000Z,False,False,False,False,,6107,ECAV Stadium,2528,Rensselaer,iii,Liberty League,,,,,,2749,WPI,iii,NEWMAC,,,,,,,,,
2026-08-21T18:47:07+00:00,2026,1,games,401907879,2026,1,regular,2026-09-05T16:00:00.000Z,False,False,False,False,,5864,Robert E. Thorn Field,146,Grove City,iii,Presidents',,,,,,2782,SUNY Cortland,iii,Empire 8,,,,,,,,,
2026-08-21T18:47:07+00:00,2026,1,games,401862701,2026,1,regular,2026-09-05T16:00:00.000Z,False,False,False,False,,3841,Michie Stadium,349,Army,fbs,American Athletic,,,,1527,,2803,Bryant,fcs,Coastal Athletic,,,,,,,,,
2026-08-21T18:47:07+00:00,2026,1,games,401906844,2026,1,regular,2026-09-05T16:00:00.000Z,False,False,False,False,,3729,"Frank ""Muddy"" Waters Stadium",2273,Hillsdale,ii,Great Midwest Athletic,,,,,,2816,McKendree,ii,Great Lakes,,,,,,,,,
2026-08-21T18:47:07+00:00,2026,1,games,401908530,2026,1,regular,2026-09-05T16:00:00.000Z,False,False,False,False,,5822,Cadet Memorial Field,2557,Coast Guard,iii,NEWMAC,,,,,,111675,New England,iii,Commonwealth Coast,,,,,,,,,
2026-08-21T18:47:07+00:00,2026,1,games,401908189,2026,1,regular,2026-09-05T16:00:00.000Z,False,False,False,False,,3709,Hempstead Stadium,452,Endicott,iii,Commonwealth Coast,,,,,,127954,Eastern,iii,Mid Atlantic,,,,,,,,,
2026-08-21T18:47:07+00:00,2026,1,games,401908738,2026,1,regular,2026-09-05T16:00:00.000Z,False,False,False,False,,6101,"Memorial Stadium (Westerville, OH)",359,Otterbein,iii,Ohio,,,,,,129738,Calvin,iii,Michigan,,,,,,,,,
2026-08-21T18:47:07+00:00,2026,1,games,401908557,2026,1,regular,2026-09-05T16:00:00.000Z,False,False,False,False,,3690,Charles L. Currier Memorial Field,2972,Plymouth State,iii,MSCAC,,,,,,131108,New England College,,,,,,,,,,,
2026-08-21T18:47:07+00:00,2026,1,games,401868017,2026,1,regular,2026-09-05T16:30:00.000Z,False,False,False,True,,3847,Cooper Field,46,Georgetown,fcs,Patriot,,,,,,2329,Lehigh,fcs,Patriot,,,,,,,,,
2026-08-21T18:47:07+00:00,2026,1,games,401858432,2026,1,regular,2026-09-05T16:30:00.000Z,False,False,False,False,,3861,Ohio Stadium,194,Ohio State,fbs,Big Ten,,,,1925,,2050,Ball State,fbs,Mid-American,,,,1173,,,,,
2026-08-21T18:47:07+00:00,2026,1,games,401858207,2026,1,regular,2026-09-05T16:30:00.000Z,False,False,False,False,,3752,Acrisure Stadium,221,Pittsburgh,fbs,ACC,,,,1576,,193,Miami (OH),fbs,Mid-American,,,,1364,,,,,
2026-08-21T18:47:07+00:00,2026,1,games,401856665,2026,1,regular,2026-09-05T16:45:00.000Z,False,False,False,False,,3994,Williams-Brice Stadium,2579,South Carolina,fbs,SEC,,,,1631,,2309,Kent State,fbs,Mid-American,,,,1167,,,,,
2026-08-21T18:47:07+00:00,2026,1,games,401908684,2026,1,regular,2026-09-05T17:00:00.000Z,False,False,False,False,,6134,Frank Bailey Field,237,Union,iii,Liberty League,,,,,,216,Susquehanna,iii,Landmark Conference,,,,,,,,,
2026-08-21T18:47:07+00:00,2026,1,games,401907138,2026,1,regular,2026-09-05T17:00:00.000Z,False,False,False,False,,6034,Yager Stadium at Moore Bowl,2687,Washburn,ii,Mid America,,,,,,2146,Colorado School of Mines,ii,Rocky Mountain,,,,,,,,,
2026-08-21T18:47:07+00:00,2026,1,games,401864496,2026,1,regular,2026-09-05T17:00:00.000Z,False,False,False,False,,3713,Falcon Stadium,2005,Air Force,fbs,Mountain West,,,,1424,,2184,Duquesne,fcs,NEC,,,,,,,,,
2026-08-21T18:47:07+00:00,2026,1,games,401906994,2026,1,regular,2026-09-05T17:00:00.000Z,False,False,False,False,,3927,Sherman Field,2392,Michigan Tech,ii,GLIAC,,,,,,2395,Midwestern State,ii,Lone Star,,,,,,,,,
2026-08-21T18:47:07+00:00,2026,1,games,401868000,2026,1,regular,2026-09-05T17:00:00.000Z,False,False,False,True,,3617,Andy Kerr Stadium,2142,Colgate,fcs,Patriot,,,,,,107,Holy Cross,fcs,Patriot,,,,,,,,,
2026-08-21T18:47:07+00:00,2026,1,games,401908576,2026,1,regular,2026-09-05T17:00:00.000Z,False,False,False,False,,3995,Dr. John W. Winkin Sports Complex,2280,Husson,iii,Commonwealth Coast,,,,,,2967,Framingham State,iii,MSCAC,,,,,,,,,
2026-08-21T18:47:07+00:00,2026,1,games,401908744,2026,1,regular,2026-09-05T17:00:00.000Z,False,False,False,False,,5834,Deeds Field-Piper Stadium,2171,Denison,iii,North Coast,,,,,,2812,Hope,iii,Michigan,,,,,,,,,
2026-08-21T18:47:07+00:00,2026,1,games,401908650,2026,1,regular,2026-09-05T17:00:00.000Z,False,False,False,False,,5787,Docking Stadium,2003,Adrian,iii,Michigan,,,,,,427,Ohio Northern,iii,Ohio,,,,,,,,,
2026-08-21T18:47:07+00:00,2026,1,games,401856779,2026,1,regular,2026-09-05T17:00:00.000Z,False,False,False,False,,3772,Jack Trice Stadium,66,Iowa State,fbs,Big 12,,,,1586,,2546,Southeast Missouri State,fcs,OVC,,,,,,,,,
2026-08-21T18:47:07+00:00,2026,1,games,401907250,2026,1,regular,2026-09-05T17:00:00.000Z,False,False,False,True,,6056,B.T. Harvey Stadium,60,Morehouse,ii,SIAC,,,,,,2805,Clark Atlanta,ii,SIAC,,,,,,,,,
2026-08-21T18:47:07+00:00,2026,1,games,401908617,2026,1,regular,2026-09-05T17:00:00.000Z,False,False,False,False,,5638,Dave Wolk Stadium,293,Vermont State Castleton,iii,New Jersey,,,,,,2909,Westfield State,iii,MSCAC,,,,,,,,,
2026-08-21T18:47:07+00:00,2026,1,games,401908623,2026,1,regular,2026-09-05T17:00:00.000Z,False,False,False,False,,3889,Reinhart Field,2951,SUNY Maritime,iii,NEWMAC,,,,,,402,Worcester State,iii,MSCAC,,,,,,,,,
2026-08-21T18:47:07+00:00,2026,1,games,401908069,2026,1,regular,2026-09-05T17:00:00.000Z,False,False,False,False,,3677,Chuck Noll Field,2614,Saint Vincent,iii,Presidents',,,,,,125974,Hilbert,iii,Empire 8,,,,,,,,,
2026-08-21T18:47:07+00:00,2026,1,games,401906118,2026,1,regular,2026-09-05T17:00:00.000Z,False,False,False,True,,3904,Rogers Stadium (VA),330,Virginia State,ii,CIAA,,,,,,2075,Bowie State,ii,CIAA,,,,,,,,,
2026-08-21T18:47:07+00:00,2026,1,games,401907826,2026,1,regular,2026-09-05T17:00:00.000Z,False,False,False,False,,5839,Langhorst Field,72,Elmhurst,iii,CCIW,,,,,,2286,Illinois College,iii,Midwest,,,,,,,,,
2026-08-21T18:47:07+00:00,2026,1,games,401908609,2026,1,regular,2026-09-05T17:00:00.000Z,False,False,False,False,,6150,Wightman Stadium,2970,William Paterson,iii,New Jersey,,,,,,2843,Western Connecticut State,iii,Landmark Conference,,,,,,,,,
2026-08-21T18:47:07+00:00,2026,1,games,401908644,2026,1,regular,2026-09-05T17:00:00.000Z,False,False,False,False,,5824,Lions Stadium,2442,The College of New Jersey,iii,New Jersey,,,,,,2354,Lycoming,iii,Landmark Conference,,,,,,,,,
2026-08-21T18:47:07+00:00,2026,1,games,401908470,2026,1,regular,2026-09-05T17:00:00.000Z,False,False,False,False,,5829,Old National Bank Stadium,509,Crown,iii,Upper Midwest,,,,,,162,Hamline,iii,Minnesota,,,,,,,,,
2026-08-21T18:47:07+00:00,2026,1,games,401873228,2026,1,regular,2026-09-05T17:00:00.000Z,False,False,False,True,,6104,Baker Stadium,2508,Puget Sound,iii,Northwest,,,,,,2333,Lewis & Clark,iii,Northwest,,,,,,,,,
2026-08-21T18:47:07+00:00,2026,1,games,401907843,2026,1,regular,2026-09-05T17:00:00.000Z,False,False,False,False,,980,Benedetti-Wehrli Stadium,3071,North Central College,iii,CCIW,,,,,,2802,Bethel (MN),iii,Minnesota,,,,,,,,,
2026-08-21T18:47:07+00:00,2026,1,games,401908049,2026,1,regular,2026-09-05T17:00:00.000Z,False,False,False,False,,5916,Carson Park,2738,Wisconsin Eau Claire,iii,Wisconsin,,,,,,2800,Alma,iii,Michigan,,,,,,,,,
2026-08-21T18:47:07+00:00,2026,1,games,401873403,2026,1,regular,2026-09-05T17:00:00.000Z,False,False,False,False,,5905,Kean Alumni Stadium,2871,Kean,iii,New Jersey,,,,,,3110,SUNY Morrisville,iii,Empire 8,,,,,,,,,
2026-08-21T18:47:07+00:00,2026,1,games,401856659,2026,1,regular,2026-09-05T17:00:00.000Z,False,False,False,False,,3683,Kroger Field,96,Kentucky,fbs,SEC,,,,1476,,2754,Youngstown State,fcs,MVFC,,,,,,,,,
2026-08-21T18:47:07+00:00,2026,1,games,401908285,2026,1,regular,2026-09-05T17:00:00.000Z,False,False,False,False,,5114,Shelton Stadium,2810,Hardin Simmons,iii,American Southwest,,,,,,411,Chapman,iii,So. Cal.,,,,,,,,,
2026-08-21T18:47:07+00:00,2026,1,games,401906133,2026,1,regular,2026-09-05T17:00:00.000Z,False,False,False,False,,3808,Lincoln University Stadium,2339,Lincoln (PA),ii,CIAA,,,,,,223,West Chester,ii,Pennsylvania State Athletic,,,,,,,,,
2026-08-21T18:47:07+00:00,2026,1,games,401908662,2026,1,regular,2026-09-05T17:00:00.000Z,False,False,False,False,,6140,John F. Wiley Stadium,2845,Waynesburg,iii,Presidents',,,,,,424,Capital,iii,Ohio,,,,,,,,,
2026-08-21T18:47:07+00:00,2026,1,games,401908805,2026,1,regular,2026-09-05T17:00:00.000Z,False,False,False,False,,5904,Angell Field,126,Kalamazoo,iii,Michigan,,,,,,352,Kenyon,iii,North Coast,,,,,,,,,
2026-08-21T18:47:07+00:00,2026,1,games,401908965,2026,1,regular,2026-09-05T17:00:00.000Z,False,False,False,False,,6138,Wilson Field,2688,Washington and Lee,iii,Old Dominion,,,,,,2746,Wittenberg,iii,North Coast,,,,,,,,,
2026-08-21T18:47:07+00:00,2026,1,games,401907604,2026,1,regular,2026-09-05T17:00:00.000Z,False,False,False,False,,5133,Ram Stadium (WV),2974,Shepherd,ii,Pennsylvania State Athletic,,,,,,341,Frostburg State,ii,Mountain East,,,,,,,,,
2026-08-21T18:47:07+00:00,2026,1,games,401868186,2026,1,regular,2026-09-05T17:30:00.000Z,False,False,False,False,,3737,Gibbs Stadium,2747,Wofford,fcs,Southern,,,,,,2241,Gardner-Webb,fcs,OVC,,,,,,,,,
2026-08-21T18:47:07+00:00,2026,1,games,401908206,2026,1,regular,2026-09-05T17:30:00.000Z,False,False,False,False,,5793,Macholtz Stadium,2023,Anderson (IN),iii,Heartland,,,,,,2018,Allegheny,iii,Presidents',,,,,,,,,
2026-08-21T18:47:07+00:00,2026,1,games,401907850,2026,1,regular,2026-09-05T18:00:00.000Z,False,False,False,False,,5115,McCully Stadium,396,Wheaton (IL),iii,CCIW,,,,,,426,Mount Union,iii,Ohio,,,,,,,,,
2026-08-21T18:47:07+00:00,2026,1,games,401907691,2026,1,regular,2026-09-05T18:00:00.000Z,False,False,False,True,,11539,Charlotte & Gordon Hansen Stadium,2939,Jamestown,ii,Northern Sun,,,,,,2894,Sioux Falls,ii,Northern Sun,,,,,,,,,
2026-08-21T18:47:07+00:00,2026,1,games,401907655,2026,1,regular,2026-09-05T18:00:00.000Z,False,False,False,False,,5814,Gesling Stadium,2102,Carnegie Mellon,iii,Presidents',,,,,,2302,John Carroll,iii,Ohio,,,,,,,,,
2026-08-21T18:47:07+00:00,2026,1,games,401907758,2026,1,regular,2026-09-05T18:00:00.000Z,False,False,False,False,,5809,J. Leslie Rollins Stadium,63,Buena Vista,iii,American Rivers,,,,,,2283,Benedictine (IL),iii,NACC,,,,,,,,,
2026-08-21T18:47:07+00:00,2026,1,games,401906049,2026,1,regular,2026-09-05T18:00:00.000Z,False,False,False,False,,3667,Callaghan Stadium,2148,Concord,ii,Mountain East,,,,,,124180,Bluefield State,ii,CIAA,,,,,,,,,
2026-08-21T18:47:07+00:00,2026,1,games,401906860,2026,1,regular,2026-09-05T18:00:00.000Z,False,False,False,False,,6040,Key Stadium,2292,Indianapolis,ii,Great Lakes,,,,,,2224,Findlay,ii,Great Midwest Athletic,,,,,,,,,
2026-08-21T18:47:07+00:00,2026,1,games,401906929,2026,1,regular,2026-09-05T18:00:00.000Z,False,False,False,False,,3723,QU Stadium,2825,Quincy,ii,Great Lakes,,,,,,127991,Roosevelt,ii,GLIAC,,,,,,,,,
2026-08-21T18:47:07+00:00,2026,1,games,401908088,2026,1,regular,2026-09-05T18:00:00.000Z,False,False,False,False,,6120,Growney Stadium,374,St. John Fisher,iii,Empire 8,,,,,,2221,FDU Florham,iii,Mid Atlantic,,,,,,,,,
2026-08-21T18:47:07+00:00,2026,1,games,401907420,2026,1,regular,2026-09-05T18:00:00.000Z,False,False,False,False,,5843,W.B. Adams Stadium,366,Ferrum,ii,Carolinas,,,,,,2213,Emory & Henry,ii,South Atlantic,,,,,,,,,
2026-08-21T18:47:07+00:00,2026,1,games,401866624,2026,1,regular,2026-09-05T18:00:00.000Z,False,False,False,True,,5389,Kessler Stadium,2405,Monmouth,fcs,Coastal Athletic,,,,,,2529,Sacred Heart,fcs,Coastal Athletic,,,,,,,,,
2026-08-21T18:47:07+00:00,2026,1,games,401908018,2026,1,regular,2026-09-05T18:00:00.000Z,False,False,False,False,,5120,J.J. Keller Field at Titan Stadium,271,Wisconsin Oshkosh,iii,Wisconsin,,,,,,203,Linfield,iii,Northwest,,,,,,,,,
2026-08-21T18:47:07+00:00,2026,1,games,401908150,2026,1,regular,2026-09-05T18:00:00.000Z,False,False,False,False,,5823,Clark Field,2141,Coe,iii,American Rivers,,,,,,2155,Cornell (IA),iii,Midwest,,,,,,,,,
2026-08-21T18:47:07+00:00,2026,1,games,401908247,2026,1,regular,2026-09-05T18:00:00.000Z,False,False,False,False,,6091,Abel Stadium,6845,Nebraska Wesleyan,iii,American Rivers,,,,,,2152,Concordia (MN),iii,Minnesota,,,,,,,,,
2026-08-21T18:47:07+00:00,2026,1,games,401908231,2026,1,regular,2026-09-05T18:00:00.000Z,False,False,False,False,,3614,Alumni Stadium (IN),2262,Hanover,iii,Heartland,,,,,,2121,Centre,iii,Southern Athletic,,,,,,,,,
2026-08-21T18:47:07+00:00,2026,1,games,401908039,2026,1,regular,2026-09-05T18:00:00.000Z,False,False,False,False,,5117,Clemens Stadium,2600,Saint John's (MN),iii,Minnesota,,,,,,2740,Wisconsin La Crosse,iii,Wisconsin,,,,,,,,,
2026-08-21T18:47:07+00:00,2026,1,games,401862698,2026,1,regular,2026-09-05T18:00:00.000Z,False,False,False,False,,3806,Lincoln Financial Field,218,Temple,fbs,American Athletic,,,,1312,,227,Rhode Island,fcs,Coastal Athletic,,,,,,,,,
2026-08-21T18:47:07+00:00,2026,1,games,401907886,2026,1,regular,2026-09-05T18:00:00.000Z,False,False,False,False,,4854,Perkins Stadium,2745,Wisconsin Whitewater,iii,Wisconsin,,,,,,2101,Carleton,iii,Minnesota,,,,,,,,,
2026-08-21T18:47:07+00:00,2026,1,games,401907789,2026,1,regular,2026-09-05T18:00:00.000Z,False,False,False,False,,6121,Donald J. Schneider Stadium,2832,St. Norbert,iii,NACC,,,,,,32,Carroll (WI),iii,CCIW,,,,,,,,,
2026-08-21T18:47:07+00:00,2026,1,games,401908412,2026,1,regular,2026-09-05T18:00:00.000Z,False,False,False,False,,3823,Hardee-McGee Field,2553,Sewanee,iii,Southern Athletic,,,,,,2062,Bethany (WV),iii,Presidents',,,,,,,,,
2026-08-21T18:47:07+00:00,2026,1,games,401908008,2026,1,regular,2026-09-05T18:00:00.000Z,False,False,False,False,,5911,Ralph E. Davis Pioneer Stadium,272,Wisconsin Platteville,iii,Wisconsin,,,,,,2044,Aurora,iii,NACC,,,,,,,,,
2026-08-21T18:47:07+00:00,2026,1,games,401908257,2026,1,regular,2026-09-05T18:00:00.000Z,False,False,False,False,,5930,Carl W. Burt Memorial Stadium,2362,Manchester,iii,Heartland,,,,,,433,Westminster (MO),iii,Upper Midwest,,,,,,,,,
2026-08-21T18:47:07+00:00,2026,1,games,401908141,2026,1,regular,2026-09-05T18:00:00.000Z,False,False,False,False,,5893,Hollingsworth Field,2968,Gustavus Adolphus,iii,Minnesota,,,,,,2964,Central College,iii,American Rivers,,,,,,,,,
2026-08-21T18:47:07+00:00,2026,1,games,401856658,2026,1,regular,2026-09-05T19:00:00.000Z,False,False,False,False,,3917,Sanford Stadium,61,Georgia,fbs,SEC,,,,1871,,2634,Tennessee State,fcs,OVC,,,,,,,,,
2026-08-21T18:47:07+00:00,2026,1,games,401868111,2026,1,regular,2026-09-05T19:00:00.000Z,False,False,False,False,,3987,Washington-Grizzly Stadium,149,Montana,fcs,Big Sky,,,,,,2181,Drake,fcs,Pioneer,,,,,,,,,
2026-08-21T18:47:07+00:00,2026,1,games,401866625,2026,1,regular,2026-09-05T19:30:00.000Z,False,False,False,False,,3629,Barker-Lane Stadium,2097,Campbell,fcs,Coastal Athletic,,,,,,2717,Western Carolina,fcs,Southern,,,,,,,,,
2026-08-21T18:47:07+00:00,2026,1,games,401858209,2026,1,regular,2026-09-05T19:30:00.000Z,False,False,False,False,,3982,Wallace Wade Stadium,150,Duke,fbs,ACC,,,,1581,,2655,Tulane,fbs,American Athletic,,,,1555,,,,,
2026-08-21T18:47:07+00:00,2026,1,games,401862694,2026,1,regular,2026-09-05T19:30:00.000Z,False,False,False,False,,4418,Jerry Richardson Stadium,2429,Charlotte,fbs,American Athletic,,,,1182,,2643,The Citadel,fcs,Southern,,,,,,,,,
2026-08-21T18:47:07+00:00,2026,1,games,401864499,2026,1,regular,2026-09-05T19:30:00.000Z,False,False,False,False,,3714,Fargodome,2449,North Dakota State,fbs,Mountain West,,,,,,2230,Fordham,fcs,Patriot,,,,,,,,,
2026-08-21T18:47:07+00:00,2026,1,games,401856636,2026,1,regular,2026-09-05T19:30:00.000Z,False,False,True,False,,5348,Mercedes-Benz Stadium,2,Auburn,fbs,SEC,,,,1613,,239,Baylor,fbs,Big 12,,,,1506,,,,Aflac Kickoff,
2026-08-21T18:47:07+00:00,2026,1,games,401866627,2026,1,regular,2026-09-05T19:30:00.000Z,False,False,False,False,,3792,Kidd Brewer Stadium,2026,App State,fbs,Sun Belt,,,,1310,,311,Maine,fcs,Coastal Athletic,,,,,,,,,
2026-08-21T18:47:07+00:00,2026,1,games,401858433,2026,1,regular,2026-09-05T19:30:00.000Z,False,False,False,False,,3626,Autzen Stadium,2483,Oregon,fbs,Big Ten,,,,1880,,68,Boise State,fbs,Pac-12,,,,1562,,,,,
2026-08-21T18:47:07+00:00,2026,1,games,401856666,2026,1,regular,2026-09-05T19:30:00.000Z,False,False,False,False,,3853,Neyland Stadium,2633,Tennessee,fbs,SEC,,,,1691,,231,Furman,fcs,Southern,,,,,,,,,
2026-08-21T18:47:07+00:00,2026,1,games,401862696,2026,1,regular,2026-09-05T19:30:00.000Z,False,False,False,False,,3852,Navy-Marine Corps Memorial Stadium,2426,Navy,fbs,American Athletic,,,,1550,,119,Towson,fcs,Coastal Athletic,,,,,,,,,
2026-08-21T18:47:07+00:00,2026,1,games,401856667,2026,1,regular,2026-09-05T19:30:00.000Z,False,False,False,False,,3910,DKR-Texas Memorial Stadium,251,Texas,fbs,SEC,,,,1784,,326,Texas State,fbs,Pac-12,,,,1570,,,,,
2026-08-21T18:47:07+00:00,2026,1,games,401856777,2026,1,regular,2026-09-05T19:30:00.000Z,False,False,False,False,,3854,Nippert Stadium,2132,Cincinnati,fbs,Big 12,,,,1480,,103,Boston College,fbs,ACC,,,,1406,,,,,
2026-08-21T18:47:07+00:00,2026,1,games,401858434,2026,1,regular,2026-09-05T19:30:00.000Z,False,False,False,False,,3632,Beaver Stadium,213,Penn State,fbs,Big Ten,,,,1802,,276,Marshall,fbs,Sun Belt,,,,1478,,,,,
2026-08-21T18:47:07+00:00,2026,1,games,401862700,2026,1,regular,2026-09-05T19:30:00.000Z,False,False,False,False,,3604,Alamodome,2636,UTSA,fbs,American Athletic,,,,1522,,292,UT Rio Grande Valley,fcs,Southland,,,,,,,,,
2026-08-21T18:47:07+00:00,2026,1,games,401856772,2026,1,regular,2026-09-05T19:45:00.000Z,False,False,False,False,,3674,Chapman Stadium,202,Tulsa,fbs,American Athletic,,,,1240,,197,Oklahoma State,fbs,Big 12,,,,1240,,,,,
2026-08-21T18:47:07+00:00,2026,1,games,401867875,2026,1,regular,2026-09-05T20:00:00.000Z,False,False,False,False,,3605,Alerus Center,155,North Dakota,fcs,MVFC,,,,,,2900,St. Thomas (MN),fcs,Pioneer,,,,,,,,,
2026-08-21T18:47:07+00:00,2026,1,games,401856635,2026,1,regular,2026-09-05T20:15:00.000Z,False,False,False,False,,3887,Razorback Stadium,8,Arkansas,fbs,SEC,,,,1547,,2453,North Alabama,fcs,UAC,,,,,,,,,
2026-08-21T18:47:07+00:00,2026,1,games,401858426,2026,1,regular,2026-09-05T20:15:00.000Z,False,False,False,False,,3793,Kinnick Stadium,2294,Iowa,fbs,Big Ten,,,,1791,,2459,Northern Illinois,fbs,Mountain West,,,,1322,,,,,
2026-08-21T18:47:07+00:00,2026,1,games,401868356,2026,1,regular,2026-09-05T21:00:00.000Z,False,False,False,False,,3815,M. M. Roberts Stadium,2572,Southern Miss,fbs,Sun Belt,,,,1350,,2016,Alcorn State,fcs,SWAC,,,,,,,,,
2026-08-21T18:47:07+00:00,2026,1,games,401868345,2026,1,regular,2026-09-05T21:30:00.000Z,False,False,False,False,,5400,William B. Greene Jr. Stadium,2193,East Tennessee State,fcs,Southern,,,,,,2839,Tusculum,ii,South Atlantic,,,,,,,,,
2026-08-21T18:47:07+00:00,2026,1,games,401867692,2026,1,regular,2026-09-05T22:00:00.000Z,False,False,False,False,,3998,Zable Stadium,2729,William & Mary,fcs,Patriot,,,,,,2169,Delaware State,fcs,MEAC,,,,,,,,,
2026-08-21T18:47:07+00:00,2026,1,games,401868336,2026,1,regular,2026-09-05T22:00:00.000Z,False,False,False,True,,3720,Finley Stadium,236,Chattanooga,fcs,Southern,,,,,,2635,Tennessee Tech,fcs,Southern,,,,,,,,,
2026-08-21T18:47:07+00:00,2026,1,games,401867989,2026,1,regular,2026-09-05T22:00:00.000Z,False,False,False,True,,3676,Christy Mathewson-Memorial Stadium,2083,Bucknell,fcs,Patriot,,,,,,222,Villanova,fcs,Patriot,,,,,,,,,
2026-08-21T18:47:07+00:00,2026,1,games,401867973,2026,1,regular,2026-09-05T22:00:00.000Z,False,False,False,False,,3918,S.B. Ballard Stadium,295,Old Dominion,fbs,Sun Belt,,,,1336,,2450,Norfolk State,fcs,MEAC,,,,,,,,,
2026-08-21T18:47:07+00:00,2026,1,games,401868325,2026,1,regular,2026-09-05T22:00:00.000Z,False,False,False,False,,4582,Hornet Stadium,2011,Alabama State,fcs,SWAC,,,,,,2323,Lane College,ii,SIAC,,,,,,,,,
2026-08-21T18:47:07+00:00,2026,1,games,401866626,2026,1,regular,2026-09-05T22:00:00.000Z,False,False,False,False,,3897,Richardson Stadium,2166,Davidson,fcs,Pioneer,,,,,,2210,Elon,fcs,Coastal Athletic,,,,,,,,,
2026-08-21T18:47:07+00:00,2026,1,games,401867917,2026,1,regular,2026-09-05T22:00:00.000Z,False,False,False,False,,3777,Joe Walton Stadium,2523,Robert Morris,fcs,NEC,,,,,,2707,West Virginia State,ii,Mountain East,,,,,,,,,
2026-08-21T18:47:07+00:00,2026,1,games,401868274,2026,1,regular,2026-09-05T22:00:00.000Z,False,False,False,False,,4417,Five Star Stadium at the Moye Complex,2382,Mercer,fcs,Southern,,,,,,2506,Presbyterian,fcs,Pioneer,,,,,,,,,
2026-08-21T18:47:07+00:00,2026,1,games,401867978,2026,1,regular,2026-09-05T22:00:00.000Z,False,False,False,False,,3862,O'Kelly-Riddick Stadium,2428,North Carolina Central,fcs,MEAC,,,,,,2207,Elizabeth City State,ii,CIAA,,,,,,,,,
2026-08-21T18:47:07+00:00,2026,1,games,401860878,2026,1,regular,2026-09-05T22:00:00.000Z,False,False,False,False,,5388,Canvas Stadium,36,Colorado State,fbs,Pac-12,,,,1273,,2751,Wyoming,fbs,Mountain West,,,,1363,,,,,
2026-08-21T18:47:07+00:00,2026,1,games,401868297,2026,1,regular,2026-09-05T23:00:00.000Z,False,False,False,False,,3809,Louis Crews Stadium,2010,Alabama A&M,fcs,SWAC,,,,,,2396,Miles,ii,SIAC,,,,,,,,,
2026-08-21T18:47:07+00:00,2026,1,games,401870763,2026,1,regular,2026-09-05T23:00:00.000Z,False,False,False,False,,3975,Veterans Memorial Stadium (AL),2653,Troy,fbs,Sun Belt,,,,1422,,2534,Sam Houston,fbs,Conference USA,,,,1162,,,,,
2026-08-21T18:47:07+00:00,2026,1,games,401868316,2026,1,regular,2026-09-05T23:00:00.000Z,False,False,False,False,,6526,Hancock Whitney Stadium,6,South Alabama,fbs,Sun Belt,,,,1390,,2545,SE Louisiana,fcs,Southland,,,,,,,,,
2026-08-21T18:47:07+00:00,2026,1,games,401868970,2026,1,regular,2026-09-05T23:00:00.000Z,False,False,False,False,,3599,Ace W. Mumford Stadium,2582,Southern,fcs,SWAC,,,,,,2310,Kentucky State,ii,SIAC,,,,,,,,,
2026-08-21T18:47:07+00:00,2026,1,games,401867845,2026,1,regular,2026-09-05T23:00:00.000Z,False,False,False,False,,3746,Hanson Field,2710,Western Illinois,fcs,OVC,,,,,,2287,Illinois State,fcs,MVFC,,,,,,,,,
2026-08-21T18:47:07+00:00,2026,1,games,401862697,2026,1,regular,2026-09-05T23:00:00.000Z,False,False,False,False,,3895,Rice Stadium,242,Rice,fbs,American Athletic,,,,1196,,2277,Houston Christian,fcs,Southland,,,,,,,,,
2026-08-21T18:47:07+00:00,2026,1,games,401856668,2026,1,regular,2026-09-05T23:00:00.000Z,False,False,False,False,,3795,Kyle Field,245,Texas A&M,fbs,SEC,,,,1748,,2623,Missouri State,fbs,Conference USA,,,,1385,,,,,
2026-08-21T18:47:07+00:00,2026,1,games,401862699,2026,1,regular,2026-09-05T23:00:00.000Z,False,False,False,False,,3886,Raymond James Stadium,58,South Florida,fbs,American Athletic,,,,1682,,2229,Florida International,fbs,Conference USA,,,,1382,,,,,
2026-08-21T18:47:07+00:00,2026,1,games,401868958,2026,1,regular,2026-09-05T23:00:00.000Z,False,False,False,False,,3976,Mississippi Veterans Memorial Stadium,2296,Jackson State,fcs,SWAC,,,,,,2206,Edward Waters,ii,SIAC,,,,,,,,,
2026-08-21T18:47:07+00:00,2026,1,games,401868140,2026,1,regular,2026-09-05T23:00:00.000Z,False,False,False,False,,3662,AmFirst Stadium,55,Jacksonville State,fbs,Conference USA,,,,,,2198,Eastern Kentucky,fcs,UAC,,,,,,,,,
2026-08-21T18:47:07+00:00,2026,1,games,401867684,2026,1,regular,2026-09-05T23:00:00.000Z,False,False,False,False,,3748,Graham Stadium,2630,UT Martin,fcs,OVC,,,,,,2130,Chicago State,fcs,FCS Independents,,,,,,,,,
2026-08-21T18:47:07+00:00,2026,1,games,401868170,2026,1,regular,2026-09-05T23:00:00.000Z,False,False,False,False,,3608,Allen E. Paulson Stadium,290,Georgia Southern,fbs,Sun Belt,,,,1376,,2127,Charleston Southern,fcs,OVC,,,,,,,,,
2026-08-21T18:47:07+00:00,2026,1,games,401868953,2026,1,regular,2026-09-05T23:00:00.000Z,False,False,False,False,,3902,Eddie Robinson Stadium,2755,Grambling,fcs,SWAC,,,,,,2119,Central State,ii,SIAC,,,,,,,,,
2026-08-21T18:47:07+00:00,2026,1,games,401856669,2026,1,regular,2026-09-05T23:00:00.000Z,False,False,False,False,,3973,FirstBank Stadium,238,Vanderbilt,fbs,SEC,,,,1753,,2046,Austin Peay,fcs,UAC,,,,,,,,,
2026-08-21T18:47:07+00:00,2026,1,games,401862695,2026,1,regular,2026-09-05T23:00:00.000Z,False,False,False,False,,3805,Simmons Bank Liberty Stadium,235,Memphis,fbs,American Athletic,,,,,,2032,Arkansas State,fbs,Sun Belt,,,,1378,,,,,
2026-08-21T18:47:07+00:00,2026,1,games,401856770,2026,1,regular,2026-09-05T23:00:00.000Z,False,False,False,False,,3784,Jones AT&T Stadium,2641,Texas Tech,fbs,Big 12,,,,1870,,2000,Abilene Christian,fcs,UAC,,,,,,,,,
2026-08-21T18:47:07+00:00,2026,1,games,401860880,2026,1,regular,2026-09-05T23:00:00.000Z,False,False,False,False,,3905,Maverik Stadium,328,Utah State,fbs,Pac-12,,,,1376,,304,Idaho State,fcs,Big Sky,,,,,,,,,
2026-08-21T18:47:07+00:00,2026,1,games,401869136,2026,1,regular,2026-09-05T23:00:00.000Z,False,False,False,False,,3686,Cowboy Stadium,2377,McNeese,fcs,Southland,,,,,,102626,Texas Wesleyan,,,,,,,,,,,
2026-08-21T18:47:07+00:00,2026,1,games,401868071,2026,1,regular,2026-09-05T23:00:00.000Z,False,False,False,True,,3711,Estes Stadium,2110,Central Arkansas,fcs,UAC,,,,,,110242,West Florida,fcs,UAC,,,,,,,,,
2026-08-21T18:47:07+00:00,2026,1,games,401867866,2026,1,regular,2026-09-05T23:00:00.000Z,False,False,False,False,,3725,"Johnny ""Red"" Floyd Stadium",2393,Middle Tennessee,fbs,Conference USA,,,,1276,,93,Murray State,fcs,MVFC,,,,,,,,,
2026-08-21T18:47:07+00:00,2026,1,games,401856771,2026,1,regular,2026-09-05T23:00:00.000Z,False,False,False,False,,3636,Bill Snyder Family Stadium,2306,Kansas State,fbs,Big 12,,,,1616,,2447,Nicholls,fcs,Southland,,,,,,,,,
2026-08-21T18:47:07+00:00,2026,1,games,401868085,2026,1,regular,2026-09-05T23:00:00.000Z,False,False,False,False,,3906,Roos Field,331,Eastern Washington,fcs,Big Sky,,,,,,2460,Northern Iowa,fcs,MVFC,,,,,,,,,
2026-08-21T18:47:07+00:00,2026,1,games,401856660,2026,1,regular,2026-09-05T23:30:00.000Z,False,False,False,False,,3958,Tiger Stadium (LA),99,LSU,fbs,SEC,,,,1616,,228,Clemson,fbs,ACC,,,,1670,,,,,
2026-08-21T18:47:07+00:00,2026,1,games,401869129,2026,1,regular,2026-09-05T23:30:00.000Z,False,False,False,False,,3776,Joe Aillet Stadium,2348,Louisiana Tech,fbs,Sun Belt,,,,1454,,2466,Northwestern State,fcs,Southland,,,,,,,,,
2026-08-21T18:47:07+00:00,2026,1,games,401858211,2026,1,regular,2026-09-05T23:30:00.000Z,False,False,False,False,,3799,Lane Stadium,259,Virginia Tech,fbs,ACC,,,,1421,,2678,VMI,fcs,Southern,,,,,,,,,
2026-08-21T18:47:07+00:00,2026,1,games,401858428,2026,1,regular,2026-09-05T23:30:00.000Z,False,False,False,False,,3558,Michigan Stadium,130,Michigan,fbs,Big Ten,,,,1690,,2711,Western Michigan,fbs,Mid-American,,,,1530,,,,,
2026-08-21T18:47:07+00:00,2026,1,games,401856662,2026,1,regular,2026-09-05T23:30:00.000Z,False,False,False,False,,3693,Davis Wade Stadium,344,Mississippi State,fbs,SEC,,,,1478,,2433,UL Monroe,fbs,Sun Belt,,,,1177,,,,,
2026-08-21T18:47:07+00:00,2026,1,games,401856637,2026,1,regular,2026-09-05T23:45:00.000Z,False,False,False,False,,3634,Ben Hill Griffin Stadium,57,Florida,fbs,SEC,,,,1562,,2226,Florida Atlantic,fbs,American Athletic,,,,1285,,,,,
2026-08-21T18:47:07+00:00,2026,1,games,401868158,2026,1,regular,2026-09-06T00:00:00.000Z,False,False,False,True,,3706,Eccles Coliseum,253,Southern Utah,fcs,Big Sky,,,,,,2692,Weber State,fcs,Big Sky,,,,,,,,,
2026-08-21T18:47:07+00:00,2026,1,games,401869142,2026,1,regular,2026-09-06T00:00:00.000Z,False,False,False,False,,3666,Cajun Field,309,Louisiana,fbs,Sun Belt,,,,1389,,2320,Lamar,fcs,Southland,,,,,,,,,
2026-08-21T18:47:07+00:00,2026,1,games,401856775,2026,1,regular,2026-09-06T00:00:00.000Z,False,False,False,False,,3801,LaVell Edwards Stadium,252,BYU,fbs,Big 12,,,,1666,,3101,Utah Tech,fcs,Big Sky,,,,,,,,,
2026-08-21T18:47:07+00:00,2026,1,games,401867883,2026,1,regular,2026-09-06T00:00:00.000Z,False,False,False,False,,3856,Nottingham Field,2458,Northern Colorado,fcs,Big Sky,,,,,,233,South Dakota,fcs,MVFC,,,,,,,,,
2026-08-21T18:47:07+00:00,2026,1,games,401868074,2026,1,regular,2026-09-06T00:00:00.000Z,False,False,False,False,,1027,Alex G. Spanos Stadium,13,Cal Poly,fcs,Big Sky,,,,,,2120,Central Washington,ii,Lone Star,,,,,,,,,
2026-08-21T18:47:07+00:00,2026,1,games,401868306,2026,1,regular,2026-09-06T00:00:00.000Z,False,False,False,True,,3756,Homer Bryce Stadium,2617,Stephen F. Austin,fcs,Southland,,,,,,2837,East Texas A&M,fcs,Southland,,,,,,,,,
2026-08-21T18:47:07+00:00,2026,1,games,401858427,2026,1,regular,2026-09-06T00:00:00.000Z,False,False,False,False,,3665,SECU Stadium,120,Maryland,fbs,Big Ten,,,,1424,,2261,Hampton,fcs,Coastal Athletic,,,,,,,,,
2026-08-21T18:47:07+00:00,2026,1,games,401858431,2026,1,regular,2026-09-06T00:00:00.000Z,False,False,False,False,,5960,Lanny and Sharon Martin Stadium,77,Northwestern,fbs,Big Ten,,,,1549,,2571,South Dakota State,fcs,MVFC,,,,,,,,,
2026-08-21T18:47:07+00:00,2026,1,games,401868119,2026,1,regular,2026-09-06T00:30:00.000Z,False,False,False,False,,3643,Bobcat Stadium,147,Montana State,fcs,Big Sky,,,,,,2086,Butler,fcs,Pioneer,,,,,,,,,
2026-08-21T18:47:07+00:00,2026,1,games,401870790,2026,1,regular,2026-09-06T01:00:00.000Z,False,False,False,False,,3601,Aggie Memorial Stadium,166,New Mexico State,fbs,Conference USA,,,,,,2385,Mercyhurst,fcs,NEC,,,,,,,,,
2026-08-21T18:47:07+00:00,2026,1,games,401856774,2026,1,regular,2026-09-06T01:00:00.000Z,False,False,False,False,,3947,Mountain America Stadium,9,Arizona State,fbs,Big 12,,,,1572,,2415,Morgan State,fcs,MEAC,,,,,,,,,
2026-08-21T18:47:07+00:00,2026,1,games,401856773,2026,1,regular,2026-09-06T01:30:00.000Z,False,False,False,False,,3619,Arizona Stadium,12,Arizona,fbs,Big 12,,,,1625,,2464,Northern Arizona,fcs,Big Sky,,,,,,,,,
2026-08-21T18:47:07+00:00,2026,1,games,401860879,2026,1,regular,2026-09-06T01:30:00.000Z,False,False,False,False,,7311,Snapdragon Stadium,21,San Diego State,fbs,Pac-12,,,,1518,,2502,Portland State,fcs,Big Sky,,,,,,,,,
2026-08-21T18:47:07+00:00,2026,1,games,401866411,2026,1,regular,2026-09-06T02:00:00.000Z,False,False,False,False,,3757,Hornet Stadium,16,Sacramento State,fbs,Mid-American,,,,,,2400,Mississippi Valley State,fcs,SWAC,,,,,,,,,
2026-08-21T18:47:07+00:00,2026,1,games,401864498,2026,1,regular,2026-09-06T02:00:00.000Z,False,False,False,False,,3971,University Stadium (NM),167,New Mexico,fbs,Mountain West,,,,1496,,2117,Central Michigan,fbs,Mid-American,,,,1321,,,,,
2026-08-21T18:47:07+00:00,2026,1,games,401864497,2026,1,regular,2026-09-06T02:00:00.000Z,False,False,False,True,,7220,Clarence T.C. Ching Athletics Complex,62,Hawai'i,fbs,Mountain West,,,,,,2439,UNLV,fbs,Mountain West,,,,,,,,,
2026-08-21T18:47:07+00:00,2026,1,games,401868163,2026,1,regular,2026-09-06T02:00:00.000Z,False,False,False,False,,716,Torero Stadium,301,San Diego,fcs,Pioneer,,,,,,302,UC Davis,fcs,Big Sky,,,,,,,,,
2026-08-21T18:47:07+00:00,2026,1,games,401858210,2026,1,regular,2026-09-06T02:30:00.000Z,False,False,False,False,,3831,California Memorial Stadium,25,California,fbs,ACC,,,,1406,,26,UCLA,fbs,Big Ten,,,,1381,,,,,
2026-08-21T18:47:07+00:00,2026,1,games,401864432,2026,1,regular,2026-09-06T02:30:00.000Z,False,False,False,False,,3816,Mackay Stadium,2440,Nevada,fbs,Mountain West,,,,1351,,98,Western Kentucky,fbs,Conference USA,,,,1438,,,,,
2026-08-21T18:47:07+00:00,2026,1,games,401868967,2026,1,regular,2026-09-06T16:00:00.000Z,False,False,False,True,,5238,Panther Stadium,2504,Prairie View A&M,fcs,SWAC,,,,,,2640,Texas Southern,fcs,SWAC,,,,,,,,Labor Day Classic,
2026-08-21T18:47:07+00:00,2026,1,games,401867939,2026,1,regular,2026-09-06T19:00:00.000Z,False,False,True,False,,3948,Hard Rock Stadium,50,Florida A&M,fcs,SWAC,,,,,,2569,South Carolina State,fcs,MEAC,,,,,,,,Orange Blossom Classic,
2026-08-21T18:47:07+00:00,2026,1,games,401858437,2026,1,regular,2026-09-06T20:00:00.000Z,False,False,False,False,,3765,Husky Stadium,264,Washington,fbs,Big Ten,,,,1744,,265,Washington State,fbs,Pac-12,,,,1619,,,,,
2026-08-21T18:47:07+00:00,2026,1,games,401858438,2026,1,regular,2026-09-06T23:30:00.000Z,False,False,True,False,,3798,Lambeau Field,87,Notre Dame,fbs,FBS Independents,,,,1995,,275,Wisconsin,fbs,Big Ten,,,,1501,,,,,
2026-08-21T18:47:07+00:00,2026,1,games,401856661,2026,1,regular,2026-09-06T23:30:00.000Z,False,False,True,False,,3810,Nissan Stadium,145,Ole Miss,fbs,SEC,,,,1839,,97,Louisville,fbs,ACC,,,,1666,,,,Liberty Mutual Music City Kickoff,
2026-08-21T18:47:07+00:00,2026,1,games,401858212,2026,1,regular,2026-09-07T23:30:00.000Z,False,False,False,True,,3697,Doak Campbell Stadium,52,Florida State,fbs,ACC,,,,,,2567,SMU,fbs,ACC,,,,1734,,,,,
2026-08-25T14:27:48+00:00,2026,1,games,401896383,2026,1,regular,2026-08-27T04:00:00.000Z,True,False,False,False,,3774,Jayne Stadium,2413,Morehead State,fcs,Pioneer,,,,,,2477,Ohio Dominican,ii,Great Midwest Athletic,,,,,,,,,
2026-08-25T14:27:48+00:00,2026,1,games,401906839,2026,1,regular,2026-08-27T21:00:00.000Z,False,False,False,False,,3789,Kentucky Christian,3077,Kentucky Christian,,,,,,,,2316,Kentucky Wesleyan,ii,Great Midwest Athletic,,,,,,,,,
2026-08-25T14:27:48+00:00,2026,1,games,401866615,2026,1,regular,2026-08-27T22:00:00.000Z,False,False,False,False,,3613,Alumni Stadium,2169,Delaware State,fcs,MEAC,,,,,,2619,Stony Brook,fcs,Coastal Athletic,,,,,,,,,
2026-08-25T14:27:48+00:00,2026,1,games,401907002,2026,1,regular,2026-08-27T22:00:00.000Z,False,False,False,False,,5121,University of Charleston Stadium,2128,Charleston (WV),ii,Mountain East,,,,,,125,Grand Valley State,ii,GLIAC,,,,,,,,,
2026-08-25T14:27:48+00:00,2026,1,games,401906139,2026,1,regular,2026-08-27T22:00:00.000Z,False,False,False,False,,3904,Rogers Stadium (VA),330,Virginia State,ii,CIAA,,,,,,122666,Barton,ii,Carolinas,,,,,,,,,
2026-08-25T14:27:48+00:00,2026,1,games,401907643,2026,1,regular,2026-08-27T22:00:00.000Z,False,False,False,False,,4430,Mihalik-Thompson Stadium,215,Slippery Rock,ii,Pennsylvania State Athletic,,,,,,134,Minnesota Duluth,ii,Northern Sun,,,,,,,,,
2026-08-25T14:27:48+00:00,2026,1,games,401907195,2026,1,regular,2026-08-27T22:00:00.000Z,False,False,False,False,,6040,Key Stadium,2292,Indianapolis,ii,Great Lakes,,,,,,2366,Marian (IN),,,,,,,,,,,
2026-08-25T14:27:48+00:00,2026,1,games,401906193,2026,1,regular,2026-08-27T22:00:00.000Z,False,False,False,False,,6060,Grace P. Johnson Stadium,2882,UNC Pembroke,ii,Carolinas,,,,,,351,Wingate,ii,South Atlantic,,,,,,,,,
2026-08-25T14:27:48+00:00,2026,1,games,401867894,2026,1,regular,2026-08-27T22:00:00.000Z,False,False,False,False,,844,Stambaugh Stadium,2754,Youngstown State,fcs,MVFC,,,,,,2385,Mercyhurst,fcs,NEC,,,,,,,,,
2026-08-25T14:27:48+00:00,2026,1,games,401866532,2026,1,regular,2026-08-27T22:00:00.000Z,False,False,False,True,,3781,Johnny Unitas Stadium,119,Towson,fcs,Coastal Athletic,,,,,,311,Maine,fcs,Coastal Athletic,,,,,,,,,
2026-08-25T14:27:48+00:00,2026,1,games,401906048,2026,1,regular,2026-08-27T22:00:00.000Z,False,False,False,False,,6078,Pioneer Field (TN),2839,Tusculum,ii,South Atlantic,,,,,,124180,Bluefield State,ii,CIAA,,,,,,,,,
2026-08-25T14:27:48+00:00,2026,1,games,401906902,2026,1,regular,2026-08-27T23:00:00.000Z,False,False,False,False,,3885,Harvey Randall Wickes Memorial Stadium,129,Saginaw Valley State,ii,GLIAC,,,,,,2816,McKendree,ii,Great Lakes,,,,,,,,,
2026-08-25T14:27:48+00:00,2026,1,games,401874035,2026,1,regular,2026-08-27T23:00:00.000Z,False,False,False,False,,10803,Pen-Air Field,110242,West Florida,fcs,UAC,,,,,,79,Southern Illinois,fcs,MVFC,,,,,,,,,
2026-08-25T14:27:48+00:00,2026,1,games,401907239,2026,1,regular,2026-08-27T23:00:00.000Z,False,False,False,False,,3878,Plaster Sports Complex,2586,Southwest Baptist,ii,Great Lakes,,,,,,129741,William Woods,,,,,,,,,,,
2026-08-25T14:27:48+00:00,2026,1,games,401868373,2026,1,regular,2026-08-27T23:00:00.000Z,False,False,False,False,,3868,Paladin Stadium,231,Furman,fcs,Southern,,,,,,129469,Anderson (SC),ii,South Atlantic,,,,,,,,,
2026-08-25T14:27:48+00:00,2026,1,games,401906620,2026,1,regular,2026-08-27T23:00:00.000Z,False,False,False,False,,5886,West Family Stadium,2699,West Liberty,ii,Mountain East,,,,,,2682,Walsh,ii,Great Midwest Athletic,,,,,,,,,
2026-08-25T14:27:48+00:00,2026,1,games,401906993,2026,1,regular,2026-08-27T23:00:00.000Z,False,False,False,False,,5874,Chet Anderson Stadium,132,Bemidji State,ii,Northern Sun,,,,,,2392,Michigan Tech,ii,GLIAC,,,,,,,,,
2026-08-25T14:27:48+00:00,2026,1,games,401868315,2026,1,regular,2026-08-27T23:00:00.000Z,False,False,False,True,,3944,Strawberry Stadium,2545,SE Louisiana,fcs,Southland,,,,,,2277,Houston Christian,fcs,Southland,,,,,,,,,
2026-08-25T14:27:48+00:00,2026,1,games,401868273,2026,1,regular,2026-08-27T23:00:00.000Z,False,False,False,False,,3627,Bailey Memorial Stadium,2506,Presbyterian,fcs,Pioneer,,,,,,2842,UVA Wise,ii,South Atlantic,,,,,,,,,
2026-08-25T14:27:48+00:00,2026,1,games,401906602,2026,1,regular,2026-08-27T23:00:00.000Z,False,False,False,False,,4851,Bazemore-Hyder Stadium,2673,Valdosta State,ii,Gulf South,,,,,,2213,Emory & Henry,ii,South Atlantic,,,,,,,,,
2026-08-25T14:27:48+00:00,2026,1,games,401906943,2026,1,regular,2026-08-27T23:00:00.000Z,False,False,False,False,,3606,Scheels Field at Nemzek Stadium,2817,Minnesota St Moorhead,ii,Northern Sun,,,,,,128,Northern Michigan,ii,GLIAC,,,,,,,,,
2026-08-25T14:27:48+00:00,2026,1,games,401907381,2026,1,regular,2026-08-27T23:00:00.000Z,False,False,False,False,,6057,Ron & Carol Cope Stadium at Foster Field,2438,Nebraska Kearney,ii,Mid America,,,,,,2844,Wayne State (NE),ii,Northern Sun,,,,,,,,,
2026-08-25T14:27:48+00:00,2026,1,games,401907356,2026,1,regular,2026-08-27T23:00:00.000Z,False,False,False,False,,6052,Herb Parker Stadium,568,Minot State,ii,Northern Sun,,,,,,2214,Emporia State,ii,Mid America,,,,,,,,,
2026-08-25T14:27:48+00:00,2026,1,games,401868016,2026,1,regular,2026-08-27T23:00:00.000Z,False,False,False,True,,3847,Cooper Field,46,Georgetown,fcs,Patriot,,,,,,322,Lafayette,fcs,Patriot,,,,,,,,,
2026-08-25T14:27:48+00:00,2026,1,games,401906631,2026,1,regular,2026-08-27T23:00:00.000Z,False,False,False,False,,3663,Burke-Tarr Stadium,2105,Carson Newman,ii,South Atlantic,,,,,,2838,Tiffin,ii,Great Midwest Athletic,,,,,,,,,
2026-08-25T14:27:48+00:00,2026,1,games,401868240,2026,1,regular,2026-08-27T23:00:00.000Z,False,False,False,False,,5888,University Stadium (GA),2698,West Georgia,fcs,UAC,,,,,,236,Chattanooga,fcs,Southern,,,,,,,,,
2026-08-25T14:27:48+00:00,2026,1,games,401907346,2026,1,regular,2026-08-27T23:00:00.000Z,False,False,False,False,,,,102626,Texas Wesleyan,,,,,,,,2122,Central Oklahoma,ii,Mid America,,,,,,,,,
2026-08-25T14:27:48+00:00,2026,1,games,401907120,2026,1,regular,2026-08-27T23:00:00.000Z,False,False,False,False,,3951,Swisher Field,425,Northern State,ii,Northern Sun,,,,,,2123,Chadron State,ii,Rocky Mountain,,,,,,,,,
2026-08-25T14:27:48+00:00,2026,1,games,401868962,2026,1,regular,2026-08-27T23:00:00.000Z,False,False,False,False,,3779,Manning Field at John L. Guidry Stadium,2447,Nicholls,fcs,Southland,,,,,,2400,Mississippi Valley State,fcs,SWAC,,,,,,,,,
2026-08-25T14:27:48+00:00,2026,1,games,401868204,2026,1,regular,2026-08-27T23:00:00.000Z,False,False,False,False,,3746,Hanson Field,2710,Western Illinois,fcs,OVC,,,,,,2471,Northwestern (IA),,,,,,,,,,,
2026-08-25T14:27:48+00:00,2026,1,games,401868169,2026,1,regular,2026-08-27T23:00:00.000Z,False,False,False,True,,3749,Hunter Stadium,2815,Lindenwood,fcs,OVC,,,,,,2127,Charleston Southern,fcs,OVC,,,,,,,,,
2026-08-25T14:27:48+00:00,2026,1,games,401907110,2026,1,regular,2026-08-27T23:00:00.000Z,False,False,False,False,,6070,Bob Young Field,2894,Sioux Falls,ii,Northern Sun,,,,,,2069,Black Hills State,ii,Rocky Mountain,,,,,,,,,
2026-08-25T14:27:48+00:00,2026,1,games,401896384,2026,1,regular,2026-08-27T23:00:00.000Z,False,False,False,False,,3897,Richardson Stadium,2166,Davidson,fcs,Pioneer,,,,,,2148,Concord,ii,Mountain East,,,,,,,,,
2026-08-25T14:27:48+00:00,2026,1,games,401907536,2026,1,regular,2026-08-27T23:00:00.000Z,False,False,False,True,,3859,Offutt Field,611,Seton Hill,ii,Pennsylvania State Athletic,,,,,,2188,East Stroudsburg,ii,Pennsylvania State Athletic,,,,,,,,,
2026-08-25T14:27:48+00:00,2026,1,games,401867865,2026,1,regular,2026-08-27T23:00:00.000Z,False,False,False,False,,3909,Roy Stewart Stadium,93,Murray State,fcs,MVFC,,,,,,2197,Eastern Illinois,fcs,OVC,,,,,,,,,
2026-08-25T14:27:48+00:00,2026,1,games,401868279,2026,1,regular,2026-08-27T23:00:00.000Z,False,False,False,False,,5116,O'Shaughnessy Stadium,2900,St. Thomas (MN),fcs,Pioneer,,,,,,2851,Winona State,ii,Northern Sun,,,,,,,,,
2026-08-25T14:27:48+00:00,2026,1,games,401868060,2026,1,regular,2026-08-27T23:00:00.000Z,False,False,False,False,,3742,Governors Stadium,2046,Austin Peay,fcs,UAC,,,,,,2241,Gardner-Webb,fcs,OVC,,,,,,,,,
2026-08-25T14:27:48+00:00,2026,1,games,401866614,2026,1,regular,2026-08-27T23:00:00.000Z,False,False,False,False,,3894,Rhodes Stadium,2210,Elon,fcs,Coastal Athletic,,,,,,2249,Glenville State,ii,Mountain East,,,,,,,,,
2026-08-25T14:27:48+00:00,2026,1,games,401868254,2026,1,regular,2026-08-27T23:30:00.000Z,False,False,False,False,,3701,Drake Stadium,2181,Drake,fcs,Pioneer,,,,,,613,South Dakota Mines,ii,Rocky Mountain,,,,,,,,,
2026-08-25T14:27:48+00:00,2026,1,games,401907234,2026,1,regular,2026-08-27T23:30:00.000Z,False,False,False,False,,5933,Sea Foam Stadium,3066,Concordia St. Paul,ii,Northern Sun,,,,,,2825,Quincy,ii,Great Lakes,,,,,,,,,
2026-08-25T14:27:48+00:00,2026,1,games,401868070,2026,1,regular,2026-08-27T23:30:00.000Z,False,False,False,False,,3748,Graham Stadium,2630,UT Martin,fcs,OVC,,,,,,2110,Central Arkansas,fcs,UAC,,,,,,,,,
2026-08-25T14:27:48+00:00,2026,1,games,401907144,2026,1,regular,2026-08-28T00:00:00.000Z,False,False,False,False,,4852,Neta and Eddie DeRose ThunderBowl,2570,CSU Pueblo,ii,Rocky Mountain,,,,,,2118,Central Missouri,ii,Mid America,,,,,,,,,
2026-08-25T14:27:48+00:00,2026,1,games,401907129,2026,1,regular,2026-08-28T00:00:00.000Z,False,False,False,False,,5882,Ralph Stocker Stadium,11,Colorado Mesa,ii,Rocky Mountain,,,,,,2364,Minnesota State,ii,Northern Sun,,,,,,,,,
2026-08-25T14:27:48+00:00,2026,1,games,401869128,2026,1,regular,2026-08-28T00:00:00.000Z,False,False,False,False,,3963,Harry Turpin Stadium,2466,Northwestern State,fcs,Southland,,,,,,2347,Louisiana Christian,,,,,,,,,,,
2026-08-25T14:27:48+00:00,2026,1,games,401867874,2026,1,regular,2026-08-28T00:00:00.000Z,False,False,False,False,,3605,Alerus Center,155,North Dakota,fcs,MVFC,,,,,,2341,Long Island University,fcs,NEC,,,,,,,,,
2026-08-25T14:27:48+00:00,2026,1,games,401907275,2026,1,regular,2026-08-28T00:00:00.000Z,False,False,False,False,,5869,LeGrand Stadium at 1st Community Credit Union Field,2025,Angelo State,ii,Lone Star,,,,,,2231,Fort Hays,ii,Mid America,,,,,,,,,
2026-08-25T14:27:48+00:00,2026,1,games,401907007,2026,1,regular,2026-08-28T00:00:00.000Z,False,False,False,False,,6067,Carnie Smith Stadium,90,Pittsburg State,ii,Mid America,,,,,,2222,Ferris State,ii,GLIAC,,,,,,,,,
2026-08-25T14:27:48+00:00,2026,1,games,401907724,2026,1,regular,2026-08-28T00:00:00.000Z,False,False,False,False,,6072,Schwan Regional Event Center,2587,Southwest Minnesota State,ii,Northern Sun,,,,,,628,Valley City State,,,,,,,,,,,
2026-08-25T14:27:48+00:00,2026,1,games,401907155,2026,1,regular,2026-08-28T00:00:00.000Z,False,False,False,False,,6059,Sanchez Family Stadium,2424,New Mexico Highlands,ii,Rocky Mountain,,,,,,2201,Eastern New Mexico,ii,Lone Star,,,,,,,,,
2026-08-25T14:27:48+00:00,2026,1,games,401907376,2026,1,regular,2026-08-28T00:00:00.000Z,False,False,False,False,,6055,Craig Field at Spratt Memorial Stadium,137,Missouri Western,ii,Mid America,,,,,,2043,Augustana (SD),ii,Northern Sun,,,,,,,,,
2026-08-25T14:27:48+00:00,2026,1,games,401907099,2026,1,regular,2026-08-28T00:00:00.000Z,False,False,False,False,,5866,Rex Stadium,2001,Adams State,ii,Rocky Mountain,,,,,,2703,Western New Mexico,ii,Lone Star,,,,,,,,,
2026-08-25T14:27:48+00:00,2026,1,games,401907161,2026,1,regular,2026-08-28T00:00:00.000Z,False,False,False,False,,5884,Buffalo Stadium,2704,West Texas,ii,Lone Star,,,,,,2714,Western Colorado,ii,Rocky Mountain,,,,,,,,,
2026-08-25T14:27:48+00:00,2026,1,games,401907702,2026,1,regular,2026-08-28T00:30:00.000Z,False,False,True,False,,12022,Oakland Athletic Complex Perham Field,559,University of Mary,ii,Northern Sun,,,,,,2826,Rocky Mountain,,,,,,,,,,,
2026-08-25T14:27:48+00:00,2026,1,games,401866617,2026,1,regular,2026-08-28T04:00:00.000Z,True,False,False,False,,6048,Duane Stadium,2771,Merrimack,fcs,FCS Independents,,,,,,227,Rhode Island,fcs,Coastal Athletic,,,,,,,,,
2026-08-25T14:27:48+00:00,2026,1,games,401906145,2026,1,regular,2026-08-28T22:00:00.000Z,False,False,False,False,,6553,Helen and Leonard Moretz Stadium,2331,Lenoir Rhyne,ii,South Atlantic,,,,,,2676,Virginia Union,ii,CIAA,,,,,,,,,
2026-08-25T14:27:48+00:00,2026,1,games,401868040,2026,1,regular,2026-08-28T22:00:00.000Z,False,False,False,True,,717,Villanova Stadium,222,Villanova,fcs,Patriot,,,,,,2729,William & Mary,fcs,Patriot,,,,,,,,,
2026-08-25T14:27:48+00:00,2026,1,games,401868007,2026,1,regular,2026-08-28T22:00:00.000Z,False,False,False,True,,150,Jack Coffey Field,2230,Fordham,fcs,Patriot,,,,,,2142,Colgate,fcs,Patriot,,,,,,,,,
2026-08-25T14:27:48+00:00,2026,1,games,401868261,2026,1,regular,2026-08-28T22:00:00.000Z,False,False,False,False,,6058,Ralph F. DellaCamera Stadium,2441,New Haven,fcs,NEC,,,,,,2368,Marist,fcs,Pioneer,,,,,,,,,
2026-08-25T14:27:48+00:00,2026,1,games,401866616,2026,1,regular,2026-08-28T23:00:00.000Z,False,False,False,True,,4419,Bob Ford Field,399,UAlbany,fcs,Coastal Athletic,,,,,,160,New Hampshire,fcs,Coastal Athletic,,,,,,,,,
2026-08-25T14:27:48+00:00,2026,1,games,401868073,2026,1,regular,2026-08-29T02:00:00.000Z,False,False,False,True,,1027,Alex G. Spanos Stadium,13,Cal Poly,fcs,Big Sky,,,,,,70,Idaho,fcs,Big Sky,,,,,,,,,
2026-08-25T14:27:48+00:00,2026,1,games,401869156,2026,1,regular,2026-08-29T04:00:00.000Z,True,False,False,False,,3453,SeatGeek Stadium,2130,Chicago State,fcs,FCS Independents,,,,,,127991,Roosevelt,ii,GLIAC,,,,,,,,,
2026-08-25T14:27:48+00:00,2026,1,games,401867916,2026,1,regular,2026-08-29T04:00:00.000Z,True,False,False,True,,3979,Wagner College Stadium,2681,Wagner,fcs,NEC,,,,,,2523,Robert Morris,fcs,NEC,,,,,,,,,
2026-08-25T14:27:48+00:00,2026,1,games,401868049,2026,1,regular,2026-08-29T04:00:00.000Z,True,False,False,False,,3882,Provost Umphrey Stadium,2320,Lamar,fcs,Southland,,,,,,2000,Abilene Christian,fcs,UAC,,,,,,,,,
2026-08-25T14:27:48+00:00,2026,1,games,401856766,2026,1,regular,2026-08-29T16:00:00.000Z,False,False,True,False,,3504,Aviva Stadium,2628,TCU,fbs,Big 12,,,,1613,,153,North Carolina,fbs,ACC,,,,1380,,,,Aer Lingus College Football Classic,
2026-08-25T14:27:48+00:00,2026,1,games,401868792,2026,1,regular,2026-08-29T16:00:00.000Z,False,False,False,False,,3988,Welcome Stadium,2168,Dayton,fcs,Pioneer,,,,,,2986,Fairmont State,ii,Mountain East,,,,,,,,,
2026-08-25T14:27:48+00:00,2026,1,games,401906177,2026,1,regular,2026-08-29T16:00:00.000Z,False,False,False,False,,5785,Dickerson Stadium,2707,West Virginia State,ii,Mountain East,,,,,,2804,Chowan,ii,Carolinas,,,,,,,,,
2026-08-25T14:27:48+00:00,2026,1,games,401906641,2026,1,regular,2026-08-29T16:00:00.000Z,False,False,False,False,,6212,Bishop Schmitt Field,112335,Wheeling,ii,Mountain East,,,,,,2646,Thomas More,ii,Great Midwest Athletic,,,,,,,,,
2026-08-25T14:27:48+00:00,2026,1,games,401907012,2026,1,regular,2026-08-29T16:00:00.000Z,False,False,False,False,,5934,Farmers Insurance Athletic Complex,110254,Davenport,ii,GLIAC,,,,,,367,Gannon,ii,Pennsylvania State Athletic,,,,,,,,,
2026-08-25T14:27:48+00:00,2026,1,games,401906588,2026,1,regular,2026-08-29T17:00:00.000Z,False,False,False,False,,6062,Gable Field at Doc Wadley Stadium,196,Northeastern State,ii,Independent DII,,,,,,2170,Delta State,ii,Gulf South,,,,,,,,,
2026-08-25T14:27:48+00:00,2026,1,games,401907631,2026,1,regular,2026-08-29T17:00:00.000Z,False,False,False,True,,4429,Seth Grove Stadium,2559,Shippensburg,ii,Pennsylvania State Athletic,,,,,,209,Lock Haven,ii,Pennsylvania State Athletic,,,,,,,,,
2026-08-25T14:27:48+00:00,2026,1,games,401868209,2026,1,regular,2026-08-29T17:00:00.000Z,False,False,False,False,,3664,Butler Bowl,2086,Butler,fcs,Pioneer,,,,,,2245,Georgetown College Kentucky,,,,,,,,,,,
2026-08-25T14:27:48+00:00,2026,1,games,401907150,2026,1,regular,2026-08-29T17:00:00.000Z,False,False,False,False,,7504,Liberty North High School,2911,William Jewell,ii,Great Lakes,,,,,,2237,Fort Lewis,ii,Rocky Mountain,,,,,,,,,
2026-08-25T14:27:48+00:00,2026,1,games,401906205,2026,1,regular,2026-08-29T17:00:00.000Z,False,False,False,False,,4015,Barron Stadium,2560,Shorter,ii,Carolinas,,,,,,134002,Andrew,,,,,,,,,,,
2026-08-25T14:27:48+00:00,2026,1,games,401907454,2026,1,regular,2026-08-29T17:00:00.000Z,False,False,False,False,,5868,Ronald J. Abdow Field,2022,American International,ii,Northeast 10,,,,,,134001,Monroe,,,,,,,,,,,
2026-08-25T14:27:48+00:00,2026,1,games,401868288,2026,1,regular,2026-08-29T17:00:00.000Z,False,False,False,False,,3655,Brown Field,2674,Valparaiso,fcs,Pioneer,,,,,,102071,Lawrence Tech,,,,,,,,,,,
2026-08-25T14:27:48+00:00,2026,1,games,401906126,2026,1,regular,2026-08-29T17:00:00.000Z,False,False,False,False,,5941,Roebuck Stadium,2207,Elizabeth City State,ii,CIAA,,,,,,2232,Fort Valley State,ii,SIAC,,,,,,,,,
2026-08-25T14:27:48+00:00,2026,1,games,401907576,2026,1,regular,2026-08-29T17:00:00.000Z,False,False,False,False,,5784,Cebe Ross Field,455,West Virginia Wesleyan,ii,Mountain East,,,,,,126086,Post,ii,Northeast 10,,,,,,,,,
2026-08-25T14:27:48+00:00,2026,1,games,401906185,2026,1,regular,2026-08-29T17:30:00.000Z,False,False,False,False,,6221,Mitchell Stadium,495,BLUEFIELD,,,,,,,,101784,Erskine,ii,Carolinas,,,,,,,,,
2026-08-25T14:27:48+00:00,2026,1,games,401907137,2026,1,regular,2026-08-29T18:00:00.000Z,False,False,False,False,,5883,Marv Kay Stadium at Campbell Field,2146,Colorado School of Mines,ii,Rocky Mountain,,,,,,2848,Western Oregon,ii,Lone Star,,,,,,,,,
2026-08-25T14:27:48+00:00,2026,1,games,401867882,2026,1,regular,2026-08-29T18:00:00.000Z,False,False,False,False,,1905,DakotaDome,233,South Dakota,fcs,MVFC,,,,,,2115,Central Connecticut,fcs,NEC,,,,,,,,,
2026-08-25T14:27:48+00:00,2026,1,games,401906949,2026,1,regular,2026-08-29T19:00:00.000Z,False,False,False,True,,4749,McPherson Memorial Stadium,2119,Central State,ii,SIAC,,,,,,2310,Kentucky State,ii,SIAC,,,,,,,,,
2026-08-25T14:27:48+00:00,2026,1,games,401868324,2026,1,regular,2026-08-29T19:00:00.000Z,False,False,True,True,,3803,Legion Field,2011,Alabama State,fcs,SWAC,,,,,,2582,Southern,fcs,SWAC,,,,,,,,,
2026-08-25T14:27:48+00:00,2026,1,games,401907246,2026,1,regular,2026-08-29T19:00:00.000Z,False,False,False,False,,6030,Harms-Eischeid Stadium,389,Upper Iowa,ii,Great Lakes,,,,,,2939,Jamestown,ii,Northern Sun,,,,,,,,,
2026-08-25T14:27:48+00:00,2026,1,games,401868154,2026,1,regular,2026-08-29T19:00:00.000Z,False,False,False,True,,4765,Hillsboro Stadium,2502,Portland State,fcs,Big Sky,,,,,,302,UC Davis,fcs,Big Sky,,,,,,,,,
2026-08-25T14:27:48+00:00,2026,1,games,401864494,2026,1,regular,2026-08-29T19:00:00.000Z,False,False,False,False,,477,Los Angeles Memorial Coliseum,30,USC,fbs,Big Ten,,,,1747,,23,San José State,fbs,Mountain West,,,,1411,,,,,
2026-08-25T14:27:48+00:00,2026,1,games,401858202,2026,1,regular,2026-08-29T19:30:00.000Z,False,False,False,True,,3923,Scott Stadium,258,Virginia,fbs,ACC,,,,1591,,152,NC State,fbs,ACC,,,,1570,,,,,
2026-08-25T14:27:48+00:00,2026,1,games,401868022,2026,1,regular,2026-08-29T19:30:00.000Z,False,False,False,True,,3722,Fitton Field,107,Holy Cross,fcs,Patriot,,,,,,2329,Lehigh,fcs,Patriot,,,,,,,,,
2026-08-25T14:27:48+00:00,2026,1,games,401868084,2026,1,regular,2026-08-29T21:00:00.000Z,False,False,False,True,,2023,Walkup Skydome,2464,Northern Arizona,fcs,Big Sky,,,,,,331,Eastern Washington,fcs,Big Sky,,,,,,,,,
2026-08-25T14:27:48+00:00,2026,1,games,401906157,2026,1,regular,2026-08-29T21:00:00.000Z,False,False,False,False,,5875,Charlie W. Johnson Stadium,490,Benedict,ii,SIAC,,,,,,2304,Johnson C. Smith,ii,CIAA,,,,,,,,,
2026-08-25T14:27:48+00:00,2026,1,games,401864577,2026,1,regular,2026-08-29T21:30:00.000Z,False,False,False,False,,3714,Fargodome,2449,North Dakota State,fbs,Mountain West,,,,1500,,55,Jacksonville State,fbs,Conference USA,,,,1494,,,,,
2026-08-25T14:27:48+00:00,2026,1,games,401866620,2026,1,regular,2026-08-29T21:30:00.000Z,False,False,False,False,,5400,William B. Greene Jr. Stadium,2193,East Tennessee State,fcs,Southern,,,,,,2097,Campbell,fcs,Coastal Athletic,,,,,,,,,
2026-08-25T14:27:48+00:00,2026,1,games,401867972,2026,1,regular,2026-08-29T22:00:00.000Z,False,False,False,False,,3991,"William Dick"""" Price Stadium""""",2450,Norfolk State,fcs,MEAC,,,,,,2736,Winston-Salem State,ii,CIAA,,,,,,,,,
2026-08-25T14:27:48+00:00,2026,1,games,401868394,2026,1,regular,2026-08-29T22:00:00.000Z,False,False,False,True,,3737,Gibbs Stadium,2747,Wofford,fcs,Southern,,,,,,2643,The Citadel,fcs,Southern,,,,,,,,,
2026-08-25T14:27:48+00:00,2026,1,games,401906956,2026,1,regular,2026-08-29T22:00:00.000Z,False,False,False,False,,3705,Earl Kitchings Stadium,2206,Edward Waters,ii,SIAC,,,,,,125762,Florida Memorial University,,,,,,,,,,,
2026-08-25T14:27:48+00:00,2026,1,games,401868101,2026,1,regular,2026-08-29T22:00:00.000Z,False,False,False,False,,1930,Holt Arena,304,Idaho State,fcs,Big Sky,,,,,,2678,VMI,fcs,Southern,,,,,,,,,
2026-08-25T14:27:48+00:00,2026,1,games,401866613,2026,1,regular,2026-08-29T22:00:00.000Z,False,False,False,False,,3620,Armstrong Stadium,2261,Hampton,fcs,Coastal Athletic,,,,,,2355,Virginia Lynchburg,,,,,,,,,,,
2026-08-25T14:27:48+00:00,2026,1,games,401907403,2026,1,regular,2026-08-29T22:00:00.000Z,False,False,False,False,,5843,W.B. Adams Stadium,366,Ferrum,ii,Carolinas,,,,,,2107,Catawba,ii,South Atlantic,,,,,,,,,
2026-08-25T14:27:48+00:00,2026,1,games,401906162,2026,1,regular,2026-08-29T22:00:00.000Z,False,False,False,False,,3612,Alumni Memorial Stadium (NC),2940,Livingstone,ii,CIAA,,,,,,2019,Allen,ii,SIAC,,,,,,,,,
2026-08-25T14:27:48+00:00,2026,1,games,401866618,2026,1,regular,2026-08-29T22:00:00.000Z,False,False,False,False,,3603,Aggie Stadium,2448,North Carolina A&T,fcs,Coastal Athletic,,,,,,2415,Morgan State,fcs,MEAC,,,,,,,,,
2026-08-25T14:27:48+00:00,2026,1,games,401866619,2026,1,regular,2026-08-29T22:00:00.000Z,False,False,False,False,,6075,W.B. Mason Stadium,284,Stonehill,fcs,NEC,,,,,,2803,Bryant,fcs,Coastal Athletic,,,,,,,,,
2026-08-25T14:27:48+00:00,2026,1,games,401867988,2026,1,regular,2026-08-29T22:00:00.000Z,False,False,False,True,,2068,E. Claiborne Robins Stadium,257,Richmond,fcs,Patriot,,,,,,2083,Bucknell,fcs,Patriot,,,,,,,,,
2026-08-25T14:27:48+00:00,2026,1,games,401867982,2026,1,regular,2026-08-29T22:00:00.000Z,False,False,False,False,,3864,Oliver C. Dawson Stadium,2569,South Carolina State,fcs,MEAC,,,,,,2542,Savannah State,ii,SIAC,,,,,,,,,
2026-08-25T14:27:48+00:00,2026,1,games,401867855,2026,1,regular,2026-08-29T22:00:00.000Z,False,False,False,False,,3829,Memorial Stadium,282,Indiana State,fcs,MVFC,,,,,,2546,Southeast Missouri State,fcs,OVC,,,,,,,,,
2026-08-25T14:27:48+00:00,2026,1,games,401906151,2026,1,regular,2026-08-29T22:00:00.000Z,False,False,False,True,,3813,"Luther ""Nick"" Jeralds Stadium",2220,Fayetteville State,ii,CIAA,,,,,,2551,Shaw,ii,CIAA,,,,,,,,,
2026-08-25T14:27:48+00:00,2026,1,games,401866408,2026,1,regular,2026-08-29T22:30:00.000Z,False,False,False,True,,3912,Rynearson Stadium,2199,Eastern Michigan,fbs,Mid-American,,,,1326,,16,Sacramento State,fbs,Mid-American,,,,1500,,,,,
2026-08-25T14:27:48+00:00,2026,1,games,401891332,2026,1,regular,2026-08-29T23:00:00.000Z,False,False,False,False,,3744,Hancock Stadium,2287,Illinois State,fcs,MVFC,,,,,,2595,St. Francis (IL),,,,,,,,,,,
2026-08-25T14:27:48+00:00,2026,1,games,401868934,2026,1,regular,2026-08-29T23:00:00.000Z,False,False,True,False,,3983,War Memorial Stadium (AR),2029,Arkansas-Pine Bluff,fcs,SWAC,,,,,,60,Morehouse,ii,SIAC,,,,,,,,,
2026-08-25T14:27:48+00:00,2026,1,games,401868948,2026,1,regular,2026-08-29T23:00:00.000Z,False,False,False,False,,3650,Bragg Memorial Stadium,50,Florida A&M,fcs,SWAC,,,,,,2013,Albany State,ii,SIAC,,,,,,,,,
2026-08-25T14:27:48+00:00,2026,1,games,401907204,2026,1,regular,2026-08-29T23:00:00.000Z,False,False,False,False,,6045,Dwight T. Reed Stadium,2876,Lincoln (MO),ii,Great Lakes,,,,,,2860,Central Methodist,,,,,,,,,,,
2026-08-25T14:27:48+00:00,2026,1,games,401907297,2026,1,regular,2026-08-29T23:00:00.000Z,False,False,False,False,,6049,"Memorial Stadium (Wichita Falls, TX)",2395,Midwestern State,ii,Lone Star,,,,,,2403,Missouri Southern State,ii,Mid America,,,,,,,,,
2026-08-25T14:27:48+00:00,2026,1,games,401907219,2026,1,regular,2026-08-29T23:00:00.000Z,False,False,False,False,,3609,Allgood-Bailey Stadium,2402,Missouri S&T,ii,Great Lakes,,,,,,134087,Westgate Christian University,,,,,,,,,,,
2026-08-25T14:27:48+00:00,2026,1,games,401907243,2026,1,regular,2026-08-29T23:00:00.000Z,False,False,False,False,,6077,Stokes Stadium,2654,Truman State,ii,Great Lakes,,,,,,2687,Washburn,ii,Mid America,,,,,,,,,
2026-08-25T14:27:48+00:00,2026,1,games,401868139,2026,1,regular,2026-08-29T23:00:00.000Z,False,False,False,False,,3704,E. J. Whitmire Stadium,2717,Western Carolina,fcs,Southern,,,,,,2198,Eastern Kentucky,fcs,UAC,,,,,,,,,
2026-08-25T14:27:48+00:00,2026,1,games,401867977,2026,1,regular,2026-08-29T23:00:00.000Z,False,False,False,False,,3631,BBVA Compass Stadium,2640,Texas Southern,fcs,SWAC,,,,,,2428,North Carolina Central,fcs,MEAC,,,,,,,,,
2026-08-25T14:27:48+00:00,2026,1,games,401872615,2026,1,regular,2026-08-29T23:00:00.000Z,False,False,False,False,,5237,Dana J. Dykhouse Stadium,2571,South Dakota State,fcs,MVFC,,,,,,56,Stetson,fcs,Pioneer,,,,,,,,,
2026-08-25T14:27:48+00:00,2026,1,games,401896385,2026,1,regular,2026-08-29T23:00:00.000Z,False,False,False,False,,3771,Jack Spinks Stadium,2016,Alcorn State,fcs,SWAC,,,,,,2396,Miles,ii,SIAC,,,,,,,,,
2026-08-25T14:27:48+00:00,2026,1,games,401868149,2026,1,regular,2026-08-29T23:00:00.000Z,False,False,True,False,,11559,Joe Davis Stadium,2453,North Alabama,fcs,UAC,,,,,,2535,Samford,fcs,Southern,,,,,,,,,
2026-08-25T14:27:48+00:00,2026,1,games,401874042,2026,1,regular,2026-08-29T23:00:00.000Z,False,False,False,False,,4417,Five Star Stadium at the Moye Complex,2382,Mercer,fcs,Southern,,,,,,2837,East Texas A&M,fcs,Southland,,,,,,,,FCS Kickoff,
2026-08-25T14:27:48+00:00,2026,1,games,401868952,2026,1,regular,2026-08-29T23:00:00.000Z,False,False,False,False,,3902,Eddie Robinson Stadium,2755,Grambling,fcs,SWAC,,,,,,2805,Clark Atlanta,ii,SIAC,,,,,,,,,
2026-08-25T14:27:48+00:00,2026,1,games,401858201,2026,1,regular,2026-08-29T23:00:00.000Z,False,False,False,False,,3940,Stanford Stadium,24,Stanford,fbs,ACC,,,,1390,,62,Hawai'i,fbs,Mountain West,,,,1472,,,,,
2026-08-25T14:27:48+00:00,2026,1,games,401866621,2026,1,regular,2026-08-29T23:00:00.000Z,False,False,False,False,,3962,Tucker Stadium,2635,Tennessee Tech,fcs,Southern,,,,,,2405,Monmouth,fcs,Coastal Athletic,,,,,,,,,
2026-08-25T14:27:48+00:00,2026,1,games,401868305,2026,1,regular,2026-08-29T23:00:00.000Z,False,False,False,True,,3686,Cowboy Stadium,2377,McNeese,fcs,Southland,,,,,,2617,Stephen F. Austin,fcs,Southland,,,,,,,,,
2026-08-25T14:27:48+00:00,2026,1,games,401864570,2026,1,regular,2026-08-29T23:00:00.000Z,False,False,False,False,,3697,Doak Campbell Stadium,52,Florida State,fbs,ACC,,,,1537,,166,New Mexico State,fbs,Conference USA,,,,1281,,,,,
2026-08-25T14:27:48+00:00,2026,1,games,401867935,2026,1,regular,2026-08-29T23:30:00.000Z,False,False,True,False,,4246,Center Parc Stadium,47,Howard,fcs,MEAC,,,,,,2010,Alabama A&M,fcs,SWAC,,,,,,,,Cricket MEAC/SWAC Challenge Kickoff Presented by Toyota,
2026-08-25T14:27:48+00:00,2026,1,games,401907334,2026,1,regular,2026-08-30T00:00:00.000Z,False,False,False,False,,6123,Jackson Field,2834,Sul Ross State,ii,Lone Star,,,,,,630,Wayland Baptist,,,,,,,,,,,
2026-08-25T14:27:48+00:00,2026,1,games,401868245,2026,1,regular,2026-08-30T00:00:00.000Z,False,False,False,False,,6006,Robert and Janet Vackar Stadium,292,UT Rio Grande Valley,fcs,Southland,,,,,,110243,UT Permian Basin,ii,Lone Star,,,,,,,,,
2026-08-25T14:27:48+00:00,2026,1,games,401907308,2026,1,regular,2026-08-30T00:00:00.000Z,False,False,False,False,,6076,Javelina Stadium,2658,Texas A&M-Kingsville,ii,Lone Star,,,,,,138,Northwest Missouri State,ii,Mid America,,,,,,,,,
2026-08-25T14:27:48+00:00,2026,1,games,401907324,2026,1,regular,2026-08-30T00:00:00.000Z,False,False,False,False,,10464,Walter Butler Stadium,2064,Bethel University Tennessee,,,,,,,,2323,Lane College,ii,SIAC,,,,,,,,,
2026-08-25T14:27:48+00:00,2026,1,games,401868194,2026,1,regular,2026-08-30T00:30:00.000Z,False,False,False,False,,3810,Nissan Stadium,2634,Tennessee State,fcs,OVC,,,,,,2296,Jackson State,fcs,SWAC,,,,,,,,,
2026-08-25T14:27:48+00:00,2026,1,games,401868235,2026,1,regular,2026-08-30T01:00:00.000Z,False,False,False,False,,3827,"Memorial Stadium (Stephenville, TX)",2627,Tarleton State,fcs,UAC,,,,,,2504,Prairie View A&M,fcs,SWAC,,,,,,,,,
2026-08-25T14:27:48+00:00,2026,1,games,401868129,2026,1,regular,2026-08-30T01:00:00.000Z,False,False,False,True,,3856,Nottingham Field,2458,Northern Colorado,fcs,Big Sky,,,,,,2692,Weber State,fcs,Big Sky,,,,,,,,,
2026-08-25T14:27:48+00:00,2026,1,games,401868110,2026,1,regular,2026-08-30T01:00:00.000Z,False,False,False,True,,3987,Washington-Grizzly Stadium,149,Montana,fcs,Big Sky,,,,,,253,Southern Utah,fcs,Big Sky,,,,,,,,,
2026-08-25T14:27:48+00:00,2026,1,games,401862693,2026,1,regular,2026-08-30T02:00:00.000Z,False,False,False,False,,6501,Allegiant Stadium,2439,UNLV,fbs,Mountain West,,,,1581,,235,Memphis,fbs,American Athletic,,,,1526,,,,,
2026-08-25T14:27:48+00:00,2026,1,games,401868118,2026,1,regular,2026-08-30T02:00:00.000Z,False,False,False,True,,3745,Greater Zion Stadium,3101,Utah Tech,fcs,Big Sky,,,,,,147,Montana State,fcs,Big Sky,,,,,,,,,
2026-08-25T14:27:48+00:00,2026,1,games,401906596,2026,1,regular,2026-08-31T00:00:00.000Z,False,False,True,False,,3689,Cramton Bowl,2695,West Alabama,ii,Gulf South,,,,,,2657,Tuskegee,ii,SIAC,,,,,,,,,
2026-08-25T14:27:48+00:00,2026,1,games,401907838,2026,1,regular,2026-09-02T22:00:00.000Z,False,False,False,False,,6100,Cutler Field,354,Olivet,iii,Michigan,,,,,,74,Millikin,iii,CCIW,,,,,,,,,
2026-08-25T14:27:48+00:00,2026,1,games,401868269,2026,1,regular,2026-09-03T04:00:00.000Z,True,False,False,False,,3774,Jayne Stadium,2413,Morehead State,fcs,Pioneer,,,,,,3077,Kentucky Christian,,,,,,,,,,,
2026-08-25T14:27:48+00:00,2026,1,games,401867889,2026,1,regular,2026-09-03T04:00:00.000Z,True,False,False,False,,3925,Seibert Stadium,2535,Samford,fcs,Southern,,,,,,79,Southern Illinois,fcs,MVFC,,,,,,,,,
2026-08-25T14:27:48+00:00,2026,1,games,401908891,2026,1,regular,2026-09-03T21:00:00.000Z,False,False,False,False,,6085,Sprague Field,2818,Montclair State,iii,New Jersey,,,,,,2383,Merchant Marine,iii,NEWMAC,,,,,,,,,
2026-08-25T14:27:48+00:00,2026,1,games,401907484,2026,1,regular,2026-09-03T22:00:00.000Z,False,False,False,False,,3848,Multi-Sport Stadium,2038,Assumption,ii,Northeast 10,,,,,,2315,Kutztown,ii,Pennsylvania State Athletic,,,,,,,,,
2026-08-25T14:27:48+00:00,2026,1,games,401907493,2026,1,regular,2026-09-03T22:00:00.000Z,False,False,False,False,,5943,Duvall-Rosier Field,2986,Fairmont State,ii,Mountain East,,,,,,2071,Bloomsburg,ii,Pennsylvania State Athletic,,,,,,,,,
2026-08-25T14:27:48+00:00,2026,1,games,401907610,2026,1,regular,2026-09-03T22:00:00.000Z,False,False,False,False,,5887,I.L. & Sue Morris Stadium,2249,Glenville State,ii,Mountain East,,,,,,210,Millersville,ii,Pennsylvania State Athletic,,,,,,,,,
2026-08-25T14:27:48+00:00,2026,1,games,401906880,2026,1,regular,2026-09-03T22:00:00.000Z,False,False,False,False,,3600,Tom Adams Field,131,Wayne State (MI),ii,GLIAC,,,,,,2886,Northwood,ii,Great Midwest Athletic,,,,,,,,,
2026-08-25T14:27:48+00:00,2026,1,games,401907412,2026,1,regular,2026-09-03T22:00:00.000Z,False,False,False,False,,3663,Burke-Tarr Stadium,2105,Carson Newman,ii,South Atlantic,,,,,,134000,Thomas,,,,,,,,,,,
2026-08-25T14:27:48+00:00,2026,1,games,401858423,2026,1,regular,2026-09-03T22:00:00.000Z,False,False,False,False,,6577,SHI Stadium,164,Rutgers,fbs,Big Ten,,,,1479,,113,Massachusetts,fbs,Mid-American,,,,978,,,,,
2026-08-25T14:27:48+00:00,2026,1,games,401907516,2026,1,regular,2026-09-03T22:00:00.000Z,False,False,False,False,,4436,Adamson Stadium,2858,California (PA),ii,Pennsylvania State Athletic,,,,,,2128,Charleston (WV),ii,Mountain East,,,,,,,,,
2026-08-25T14:27:48+00:00,2026,1,games,401907526,2026,1,regular,2026-09-03T22:00:00.000Z,False,False,False,False,,4437,"Memorial Stadium (Clarion, PA)",2134,Clarion,ii,Pennsylvania State Athletic,,,,,,455,West Virginia Wesleyan,ii,Mountain East,,,,,,,,,
2026-08-25T14:27:48+00:00,2026,1,games,401864425,2026,1,regular,2026-09-03T23:00:00.000Z,False,False,False,False,,4899,Fifth Third Stadium,338,Kennesaw State,fbs,Conference USA,,,,1373,,2698,West Georgia,fcs,UAC,,,,,,,,,
2026-08-25T14:27:48+00:00,2026,1,games,401856767,2026,1,regular,2026-09-03T23:00:00.000Z,False,False,False,False,,3652,FBC Mortgage Stadium,2116,UCF,fbs,Big 12,,,,1465,,2065,Bethune-Cookman,fcs,SWAC,,,,,,,,,
2026-08-25T14:27:48+00:00,2026,1,games,401908854,2026,1,regular,2026-09-03T23:00:00.000Z,False,False,False,False,,6127,John P. Papp Stadium,2748,Wooster,iii,North Coast,,,,,,2733,Wilmington (OH),iii,Ohio,,,,,,,,,
2026-08-25T14:27:48+00:00,2026,1,games,401907666,2026,1,regular,2026-09-03T23:00:00.000Z,False,False,False,False,,6130,Fred Zollner Athletic Stadium,2651,Trine,iii,Michigan,,,,,,80,Chicago,iii,Midwest,,,,,,,,,
2026-08-25T14:27:48+00:00,2026,1,games,401907871,2026,1,regular,2026-09-03T23:00:00.000Z,False,False,False,False,,6126,Bob Boozer Field,2781,Brockport,iii,Empire 8,,,,,,2085,Buffalo State,iii,Liberty League,,,,,,,,,
2026-08-25T14:27:48+00:00,2026,1,games,401908216,2026,1,regular,2026-09-03T23:00:00.000Z,False,False,False,False,,6099,Selby Stadium,2980,Ohio Wesleyan,iii,North Coast,,,,,,2074,Bluffton,iii,Heartland,,,,,,,,,
2026-08-25T14:27:48+00:00,2026,1,games,401907003,2026,1,regular,2026-09-03T23:00:00.000Z,False,False,False,False,,3811,Lubbers Stadium,125,Grand Valley State,ii,GLIAC,,,,,,2704,West Texas,ii,Lone Star,,,,,,,,,
2026-08-25T14:27:48+00:00,2026,1,games,401906553,2026,1,regular,2026-09-03T23:00:00.000Z,False,False,False,True,,3934,Southern Nazarene University Football Stadium,200,Southern Nazarene,ii,Great American,,,,,,2271,Henderson State,ii,Great American,,,,,,,,,
2026-08-25T14:27:48+00:00,2026,1,games,401906649,2026,1,regular,2026-09-03T23:00:00.000Z,False,False,False,False,,4440,Sox Harrison Stadium,2205,Edinboro,ii,Pennsylvania State Athletic,,,,,,2477,Ohio Dominican,ii,Great Midwest Athletic,,,,,,,,,
2026-08-25T14:27:48+00:00,2026,1,games,401907644,2026,1,regular,2026-09-03T23:00:00.000Z,False,False,False,True,,6051,James S. Malosky Stadium,134,Minnesota Duluth,ii,Northern Sun,,,,,,2043,Augustana (SD),ii,Northern Sun,,,,,,,,,
2026-08-25T14:27:48+00:00,2026,1,games,401906545,2026,1,regular,2026-09-03T23:00:00.000Z,False,False,False,True,,5885,First Security Stadium,2264,Harding,ii,Great American,,,,,,2823,Northwestern (OK),ii,Great American,,,,,,,,,
2026-08-25T14:27:48+00:00,2026,1,games,401906603,2026,1,regular,2026-09-03T23:00:00.000Z,False,False,False,False,,4851,Bazemore-Hyder Stadium,2673,Valdosta State,ii,Gulf South,,,,,,2683,Warner,,,,,,,,,,,
2026-08-25T14:27:48+00:00,2026,1,games,401858204,2026,1,regular,2026-09-03T23:00:00.000Z,False,False,False,False,,3630,Allegacy Federal Credit Union Stadium,154,Wake Forest,fbs,ACC,,,,1520,,2006,Akron,fbs,Mid-American,,,,925,,,,,
2026-08-25T14:27:48+00:00,2026,1,games,401864424,2026,1,regular,2026-09-03T23:00:00.000Z,False,False,False,False,,3695,Delaware Stadium,48,Delaware,fbs,Conference USA,,,,1404,,2771,Merrimack,fcs,FCS Independents,,,,,,,,,
2026-08-25T14:27:48+00:00,2026,1,games,401907727,2026,1,regular,2026-09-03T23:00:00.000Z,False,False,False,True,,6052,Herb Parker Stadium,568,Minot State,ii,Northern Sun,,,,,,2844,Wayne State (NE),ii,Northern Sun,,,,,,,,,
2026-08-25T14:27:48+00:00,2026,1,games,401866409,2026,1,regular,2026-09-03T23:00:00.000Z,False,False,False,False,,3965,UB Stadium,2084,Buffalo,fbs,Mid-American,,,,1365,,399,UAlbany,fcs,Coastal Athletic,,,,,,,,,
2026-08-25T14:27:48+00:00,2026,1,games,401908201,2026,1,regular,2026-09-03T23:00:00.000Z,False,False,False,False,,5907,McCarthy Stadium (Wilkes Barre),247,King's,iii,Mid Atlantic,,,,,,398,Wilkes,iii,Landmark Conference,,,,,,,,,
2026-08-25T14:27:48+00:00,2026,1,games,401906526,2026,1,regular,2026-09-03T23:00:00.000Z,False,False,False,True,,5871,Convoy Leslie Cotton Boll Stadium,2028,Arkansas Monticello,ii,Great American,,,,,,199,Southeastern Oklahoma State,ii,Great American,,,,,,,,,
2026-08-25T14:27:48+00:00,2026,1,games,401908789,2026,1,regular,2026-09-03T23:00:00.000Z,False,False,False,False,,5931,Don Drumm Stadium,317,Marietta,iii,Ohio,,,,,,2849,Westminster (PA),iii,Presidents',,,,,,,,,
2026-08-25T14:27:48+00:00,2026,1,games,401907697,2026,1,regular,2026-09-03T23:00:00.000Z,False,False,False,True,,3951,Swisher Field,425,Northern State,ii,Northern Sun,,,,,,2851,Winona State,ii,Northern Sun,,,,,,,,,
2026-08-25T14:27:48+00:00,2026,1,games,401907677,2026,1,regular,2026-09-03T23:00:00.000Z,False,False,False,True,,3606,Scheels Field at Nemzek Stadium,2817,Minnesota St Moorhead,ii,Northern Sun,,,,,,3066,Concordia St. Paul,ii,Northern Sun,,,,,,,,,
2026-08-25T14:27:48+00:00,2026,1,games,401908346,2026,1,regular,2026-09-03T23:00:00.000Z,False,False,False,False,,5902,Knox Stadium,246,Juniata,iii,Landmark Conference,,,,,,2248,Gettysburg,iii,Centennial,,,,,,,,,
2026-08-25T14:27:48+00:00,2026,1,games,401906877,2026,1,regular,2026-09-03T23:00:00.000Z,False,False,False,False,,3770,Jack Miller Stadium,308,Ashland,ii,Great Midwest Athletic,,,,,,2291,IU Pennsylvania,ii,Pennsylvania State Athletic,,,,,,,,,
2026-08-25T14:27:48+00:00,2026,1,games,401907995,2026,1,regular,2026-09-03T23:00:00.000Z,False,False,False,False,,5901,David Smith Stadium at Ramer Field,2723,Wisconsin River Falls,iii,Wisconsin,,,,,,2896,Southern Virginia,iii,USA South,,,,,,,,,
2026-08-25T14:27:48+00:00,2026,1,games,401866622,2026,1,regular,2026-09-03T23:00:00.000Z,False,False,False,False,,3788,Kenneth P. LaValle Stadium,2619,Stony Brook,fcs,Coastal Athletic,,,,,,2815,Lindenwood,fcs,OVC,,,,,,,,,
2026-08-25T14:27:48+00:00,2026,1,games,401907156,2026,1,regular,2026-09-04T00:00:00.000Z,False,False,False,False,,3633,Ben Altamirano Field,2703,Western New Mexico,ii,Lone Star,,,,,,2424,New Mexico Highlands,ii,Rocky Mountain,,,,,,,,,
2026-08-25T14:27:48+00:00,2026,1,games,401907337,2026,1,regular,2026-09-04T00:00:00.000Z,False,False,False,True,,4724,Audrey J. Walton Stadium at Vernon Kennedy Field,2118,Central Missouri,ii,Mid America,,,,,,137,Missouri Western,ii,Mid America,,,,,,,,,
2026-08-25T14:27:48+00:00,2026,1,games,401907145,2026,1,regular,2026-09-04T00:00:00.000Z,False,False,False,False,,5890,Lewis Field Stadium,2231,Fort Hays,ii,Mid America,,,,,,2570,CSU Pueblo,ii,Rocky Mountain,,,,,,,,,
2026-08-25T14:27:48+00:00,2026,1,games,401856776,2026,1,regular,2026-09-04T00:00:00.000Z,False,False,False,False,,721,Bobby Dodd Stadium,59,Georgia Tech,fbs,ACC,,,,1563,,38,Colorado,fbs,Big 12,,,,1396,,,,,
2026-08-25T14:27:48+00:00,2026,1,games,401906536,2026,1,regular,2026-09-04T00:00:00.000Z,False,False,False,True,,6065,Cliff Harris Stadium,2888,Ouachita Baptist,ii,Great American,,,,,,2191,East Central,ii,Great American,,,,,,,,,
2026-08-25T14:27:48+00:00,2026,1,games,401858422,2026,1,regular,2026-09-04T00:00:00.000Z,False,False,False,False,,3953,Huntington Bank Stadium,135,Minnesota,fbs,Big Ten,,,,1510,,2197,Eastern Illinois,fcs,OVC,,,,,,,,,
2026-08-25T14:27:48+00:00,2026,1,games,401906566,2026,1,regular,2026-09-04T00:00:00.000Z,False,False,False,True,,6064,Crain Family Stadium,319,Oklahoma Baptist,ii,Great American,,,,,,2568,Southern Arkansas,ii,Great American,,,,,,,,,
2026-08-25T14:27:48+00:00,2026,1,games,401856663,2026,1,regular,2026-09-04T00:00:00.000Z,False,False,False,False,,3838,Memorial Stadium,142,Missouri,fbs,SEC,,,,1666,,2029,Arkansas-Pine Bluff,fcs,SWAC,,,,,,,,,
2026-08-25T14:27:48+00:00,2026,1,games,401907162,2026,1,regular,2026-09-04T00:00:00.000Z,False,False,False,False,,5782,Mountaineer Bowl,2714,Western Colorado,ii,Rocky Mountain,,,,,,2025,Angelo State,ii,Lone Star,,,,,,,,,
2026-08-25T14:27:48+00:00,2026,1,games,401906515,2026,1,regular,2026-09-04T00:00:00.000Z,False,False,False,True,,5870,Thone Stadium at Buerkle Field,2033,Arkansas Tech,ii,Great American,,,,,,2927,Southwestern Oklahoma State,ii,Great American,,,,,,,,,
2026-08-25T14:27:48+00:00,2026,1,games,401908386,2026,1,regular,2026-09-04T00:00:00.000Z,False,False,False,False,,6081,Harper Davis Field,2398,Millsaps,iii,Southern Athletic,,,,,,2056,Belhaven,iii,USA South,,,,,,,,,
2026-08-25T14:27:48+00:00,2026,1,games,401873393,2026,1,regular,2026-09-04T00:00:00.000Z,False,False,False,False,,3945,Strong Stadium,266,Beloit,iii,Midwest,,,,,,2524,Rockford,iii,NACC,,,,,,,,,
2026-08-25T14:27:48+00:00,2026,1,games,401907121,2026,1,regular,2026-09-04T00:00:00.000Z,False,False,False,False,,5880,Elliott Field at Don Beebe Stadium,2123,Chadron State,ii,Rocky Mountain,,,,,,2438,Nebraska Kearney,ii,Mid America,,,,,,,,,
2026-08-25T14:27:48+00:00,2026,1,games,401856768,2026,1,regular,2026-09-04T01:00:00.000Z,False,False,False,False,,587,Rice-Eccles Stadium,254,Utah,fbs,Big 12,,,,1817,,70,Idaho,fcs,Big Sky,,,,,,,,,
2026-08-25T14:27:48+00:00,2026,1,games,401858424,2026,1,regular,2026-09-04T01:00:00.000Z,False,False,False,False,,3832,"Memorial Stadium (Champaign, IL)",356,Illinois,fbs,Big Ten,,,,1563,,5,UAB,fbs,American Athletic,,,,1443,,,,,
2026-08-25T14:27:48+00:00,2026,1,games,401908094,2026,1,regular,2026-09-04T22:00:00.000Z,False,False,False,False,,5998,Monarch Stadium,291,Methodist,iii,USA South,,,,,,2828,Shenandoah,iii,Old Dominion,,,,,,,,,
2026-08-25T14:27:48+00:00,2026,1,games,401907008,2026,1,regular,2026-09-04T22:00:00.000Z,False,False,False,False,,3960,Top Taggart Field,2222,Ferris State,ii,GLIAC,,,,,,2060,Bentley,ii,Northeast 10,,,,,,,,,
2026-08-25T14:27:48+00:00,2026,1,games,401908162,2026,1,regular,2026-09-04T22:00:00.000Z,False,False,False,False,,5127,Gene L. Shirk Stadium,2015,Albright,iii,Mid Atlantic,,,,,,417,Gallaudet,iii,Southern Collegiate Athletic,,,,,,,,,
2026-08-25T14:27:48+00:00,2026,1,games,401908537,2026,1,regular,2026-09-04T22:00:00.000Z,False,False,False,False,,5637,Vendetti Field,2884,Nichols,iii,Commonwealth Coast,,,,,,109,MIT,iii,NEWMAC,,,,,,,,,
2026-08-25T14:27:48+00:00,2026,1,games,401908331,2026,1,regular,2026-09-04T22:00:00.000Z,False,False,False,False,,5835,Biddle Field,2175,Dickinson,iii,Centennial,,,,,,2516,Randolph Macon,iii,Old Dominion,,,,,,,,,
2026-08-25T14:27:48+00:00,2026,1,games,401908318,2026,1,regular,2026-09-04T22:00:00.000Z,False,False,False,False,,6112,Richard Wackar Stadium,2827,Rowan,iii,New Jersey,,,,,,2371,Mary Hardin Baylor,iii,American Southwest,,,,,,,,,
2026-08-25T14:27:48+00:00,2026,1,games,401906610,2026,1,regular,2026-09-04T22:30:00.000Z,False,False,False,False,,7082,Athletic Field Complex,122774,Keystone,iii,Independent DIII,,,,,,111674,Alvernia,iii,Mid Atlantic,,,,,,,,,
2026-08-25T14:27:48+00:00,2026,1,games,401864495,2026,1,regular,2026-09-04T22:30:00.000Z,False,False,False,False,,3912,Rynearson Stadium,2199,Eastern Michigan,fbs,Mid-American,,,,,,23,San José State,fbs,Mountain West,,,,1411,,,,,
2026-08-25T14:27:48+00:00,2026,1,games,401907736,2026,1,regular,2026-09-04T23:00:00.000Z,False,False,False,False,,3717,Edwin Fauver Stadium,184,Rochester (NY),iii,Liberty League,,,,,,2963,Case Western Reserve,iii,Presidents',,,,,,,,,
2026-08-25T14:27:48+00:00,2026,1,games,401907862,2026,1,regular,2026-09-04T23:00:00.000Z,False,False,False,False,,5856,Boswell Field at David J. Urick Stadium,174,Hobart,iii,Liberty League,,,,,,365,Alfred,iii,Empire 8,,,,,,,,,
2026-08-25T14:27:48+00:00,2026,1,games,401908690,2026,1,regular,2026-09-04T23:00:00.000Z,False,False,False,False,,6095,Sabine Field at Haynes Family Stadium,2467,Norwich,iii,NEWMAC,,,,,,2779,St. Lawrence,iii,Liberty League,,,,,,,,,
2026-08-25T14:27:48+00:00,2026,1,games,401908606,2026,1,regular,2026-09-04T23:00:00.000Z,False,False,False,False,,5939,Cressy Field,379,UMass Dartmouth,iii,MSCAC,,,,,,2776,Salve Regina,iii,NEWMAC,,,,,,,,,
2026-08-25T14:27:48+00:00,2026,1,games,401866623,2026,1,regular,2026-09-04T23:00:00.000Z,False,False,False,False,,4246,Center Parc Stadium,2247,Georgia State,fbs,Sun Belt,,,,1241,,2448,North Carolina A&T,fcs,Coastal Athletic,,,,,,,,,
2026-08-25T14:27:48+00:00,2026,1,games,401908181,2026,1,regular,2026-09-04T23:00:00.000Z,False,False,False,False,,6136,Patterson Field,2667,Ursinus,iii,Centennial,,,,,,2808,Delaware Valley,iii,Mid Atlantic,,,,,,,,,
2026-08-25T14:27:48+00:00,2026,1,games,401908517,2026,1,regular,2026-09-04T23:00:00.000Z,False,False,False,False,,6119,Stagg Field,81,Springfield,iii,NEWMAC,,,,,,2702,Western New England,iii,Commonwealth Coast,,,,,,,,,
2026-08-25T14:27:48+00:00,2026,1,games,401858435,2026,1,regular,2026-09-04T23:00:00.000Z,False,False,False,False,,3907,Ross-Ade Stadium,2509,Purdue,fbs,Big Ten,,,,1318,,282,Indiana State,fcs,MVFC,,,,,,,,,
2026-08-25T14:27:48+00:00,2026,1,games,401908309,2026,1,regular,2026-09-04T23:00:00.000Z,False,False,False,False,,3851,Mustang Stadium,471,Stevenson,iii,Mid Atlantic,,,,,,2079,Bridgewater,iii,Old Dominion,,,,,,,,,
2026-08-25T14:27:48+00:00,2026,1,games,401908263,2026,1,regular,2026-09-04T23:00:00.000Z,False,False,False,False,,7077,Shadek Stadium,2234,Franklin & Marshall,iii,Centennial,,,,,,388,Lebanon Valley,iii,Mid Atlantic,,,,,,,,,
2026-08-25T14:27:48+00:00,2026,1,games,401868262,2026,1,regular,2026-09-04T23:00:00.000Z,False,False,False,False,,36,Leonidoff Field,2368,Marist,fcs,Pioneer,,,,,,112334,Franklin Pierce,ii,Northeast 10,,,,,,,,,
2026-08-25T14:27:48+00:00,2026,1,games,401907537,2026,1,regular,2026-09-04T23:00:00.000Z,False,False,False,False,,6066,Pace Stadium,2487,Pace,ii,Northeast 10,,,,,,2188,East Stroudsburg,ii,Pennsylvania State Athletic,,,,,,,,,
2026-08-25T14:27:48+00:00,2026,1,games,401907966,2026,1,regular,2026-09-04T23:00:00.000Z,False,False,False,False,,6083,Mangelsdorf Field,2969,Misericordia,iii,Mid Atlantic,,,,,,173,Hartwick,iii,Empire 8,,,,,,,,,
2026-08-25T14:27:48+00:00,2026,1,games,401908359,2026,1,regular,2026-09-04T23:30:00.000Z,False,False,False,False,,3922,Kenneth R. Gill Stadium,2700,McDaniel,iii,Centennial,,,,,,2108,Catholic,iii,Landmark Conference,,,,,,,,,
2026-08-25T14:27:48+00:00,2026,1,games,401856664,2026,1,regular,2026-09-05T00:00:00.000Z,False,False,False,False,,3835,"Memorial Stadium (Norman, OK)",201,Oklahoma,fbs,SEC,,,,1706,,2638,UTEP,fbs,Mountain West,,,,1256,,,,,
2026-08-25T14:27:48+00:00,2026,1,games,401907818,2026,1,regular,2026-09-05T00:00:00.000Z,False,False,False,False,,5816,Art Keller Field,2106,Carthage,iii,CCIW,,,,,,6353,Lakeland,iii,NACC,,,,,,,,,
2026-08-25T14:27:48+00:00,2026,1,games,401858429,2026,1,regular,2026-09-05T00:00:00.000Z,False,False,False,False,,3936,Spartan Stadium,127,Michigan State,fbs,Big Ten,,,,1439,,2649,Toledo,fbs,Mid-American,,,,1597,,,,,
2026-08-25T14:27:48+00:00,2026,1,games,401856769,2026,1,regular,2026-09-05T00:00:00.000Z,False,False,False,False,,3833,Memorial Stadium,2305,Kansas,fbs,Big 12,,,,1510,,2341,Long Island University,fcs,NEC,,,,,,,,,
2026-08-25T14:27:48+00:00,2026,1,games,401858436,2026,1,regular,2026-09-05T01:00:00.000Z,False,False,False,False,,477,Los Angeles Memorial Coliseum,30,USC,fbs,Big Ten,,,,,,278,Fresno State,fbs,Pac-12,,,,1532,,,,,
2026-08-25T14:27:48+00:00,2026,1,games,401858206,2026,1,regular,2026-09-05T01:00:00.000Z,False,False,False,True,,3940,Stanford Stadium,24,Stanford,fbs,ACC,,,,,,2390,Miami,fbs,ACC,,,,1842,,,,,
2026-08-25T14:27:48+00:00,2026,1,games,401908292,2026,1,regular,2026-09-05T02:00:00.000Z,False,False,False,False,,6153,Hanson Stadium,205,Pacific (OR),iii,Northwest,,,,,,2758,Howard Payne,iii,American Southwest,,,,,,,,,
2026-08-25T14:27:48+00:00,2026,1,games,401867928,2026,1,regular,2026-09-05T04:00:00.000Z,True,False,False,False,,3979,Wagner College Stadium,2681,Wagner,fcs,NEC,,,,,,2583,Southern Connecticut State,ii,Northeast 10,,,,,,,,,
2026-08-25T14:27:48+00:00,2026,1,games,401907332,2026,1,regular,2026-09-05T04:00:00.000Z,True,False,False,False,,,,2584,Southern Oregon,,,,,,,,2848,Western Oregon,ii,Lone Star,,,,,,,,,
2026-08-25T14:27:48+00:00,2026,1,games,401869127,2026,1,regular,2026-09-05T04:00:00.000Z,True,False,False,False,,3990,William H. Greene Stadium,47,Howard,fcs,MEAC,,,,,,257,Richmond,fcs,Patriot,,,,,,,,,
2026-08-25T14:27:48+00:00,2026,1,games,401868284,2026,1,regular,2026-09-05T15:00:00.000Z,False,False,False,False,,4416,Spec Martin Municipal Stadium,56,Stetson,fcs,Pioneer,,,,,,2691,Webber International,,,,,,,,,,,
2026-08-25T14:27:48+00:00,2026,1,games,401856778,2026,1,regular,2026-09-05T16:00:00.000Z,False,False,False,False,,4728,TDECU Stadium,248,Houston,fbs,Big 12,,,,1508,,204,Oregon State,fbs,Pac-12,,,,1266,,,,,
2026-08-25T14:27:48+00:00,2026,1,games,401908475,2026,1,regular,2026-09-05T16:00:00.000Z,False,False,False,False,,5808,Edward C. Swenson Athletic Complex,18,Bridgewater State,iii,MSCAC,,,,,,40,Curry,iii,Commonwealth Coast,,,,,,,,,
2026-08-25T14:27:48+00:00,2026,1,games,401908568,2026,1,regular,2026-09-05T16:00:00.000Z,False,False,False,True,,5831,Dale Lippert Field,110438,Dean,iii,MSCAC,,,,,,114,Fitchburg State,iii,MSCAC,,,,,,,,,
2026-08-25T14:27:48+00:00,2026,1,games,401856634,2026,1,regular,2026-09-05T16:00:00.000Z,False,False,False,False,,3657,Bryant-Denny Stadium,333,Alabama,fbs,SEC,,,,1738,,151,East Carolina,fbs,American Athletic,,,,1562,,,,,
2026-08-25T14:27:48+00:00,2026,1,games,401858208,2026,1,regular,2026-09-05T16:00:00.000Z,False,False,False,False,,1964,JMA Wireless Dome,183,Syracuse,fbs,ACC,,,,1288,,160,New Hampshire,fcs,Coastal Athletic,,,,,,,,,
2026-08-25T14:27:48+00:00,2026,1,games,401908353,2026,1,regular,2026-09-05T16:00:00.000Z,False,False,False,False,,5124,Homewood Field,118,Johns Hopkins,iii,Centennial,,,,,,175,Ithaca,iii,Liberty League,,,,,,,,,
2026-08-25T14:27:48+00:00,2026,1,games,401858430,2026,1,regular,2026-09-05T16:00:00.000Z,False,False,False,False,,3834,"Memorial Stadium (Lincoln, NE)",158,Nebraska,fbs,Big Ten,,,,1538,,195,Ohio,fbs,Mid-American,,,,1372,,,,,
2026-08-25T14:27:48+00:00,2026,1,games,401858425,2026,1,regular,2026-09-05T16:00:00.000Z,False,False,False,False,,3830,"Memorial Stadium (Bloomington, IN)",84,Indiana,fbs,Big Ten,,,,2064,,249,North Texas,fbs,American Athletic,,,,1639,,,,,
2026-08-25T14:27:48+00:00,2026,1,games,401908563,2026,1,regular,2026-09-05T16:00:00.000Z,False,False,False,False,,5940,Clean Harbors Stadium,110,Mass Maritime,iii,MSCAC,,,,,,274,Maine Maritime,iii,Commonwealth Coast,,,,,,,,,
2026-08-25T14:27:48+00:00,2026,1,games,401867924,2026,1,regular,2026-09-05T16:00:00.000Z,False,False,False,True,,6058,Ralph F. DellaCamera Stadium,2441,New Haven,fcs,NEC,,,,,,284,Stonehill,fcs,NEC,,,,,,,,,
2026-08-25T14:27:48+00:00,2026,1,games,401909005,2026,1,regular,2026-09-05T16:00:00.000Z,False,False,False,False,,5123,Little Giant Stadium,89,Wabash,iii,North Coast,,,,,,297,Hampden Sydney,iii,Old Dominion,,,,,,,,,
2026-08-25T14:27:48+00:00,2026,1,games,401907832,2026,1,regular,2026-09-05T16:00:00.000Z,False,False,False,False,,5786,Sprankle-Sprandel Stadium,2790,Albion,iii,Michigan,,,,,,306,Illinois Wesleyan,iii,CCIW,,,,,,,,,
2026-08-25T14:27:48+00:00,2026,1,games,401861962,2026,1,regular,2026-09-05T16:00:00.000Z,False,False,False,False,,3892,Pratt & Whitney Stadium,41,UConn,fbs,FBS Independents,,,,1484,,322,Lafayette,fcs,Patriot,,,,,,,,,
2026-08-25T14:27:48+00:00,2026,1,games,401856780,2026,1,regular,2026-09-05T16:00:00.000Z,False,False,False,False,,3842,Milan Puskar Stadium,277,West Virginia,fbs,Big 12,,,,1360,,324,Coastal Carolina,fbs,Sun Belt,,,,1275,,,,,
2026-08-25T14:27:48+00:00,2026,1,games,401869960,2026,1,regular,2026-09-05T16:00:00.000Z,False,False,False,False,,3651,Bridgeforth Stadium,256,James Madison,fbs,Sun Belt,,,,1770,,2335,Liberty,fbs,Conference USA,,,,1703,,,,,
2026-08-25T14:27:48+00:00,2026,1,games,401908101,2026,1,regular,2026-09-05T16:00:00.000Z,False,False,False,False,,5854,Hoernemann Stadium,191,Heidelberg,iii,Ohio,,,,,,2373,Maryville (TN),iii,USA South,,,,,,,,,
2026-08-25T14:27:48+00:00,2026,1,games,401908364,2026,1,regular,2026-09-05T16:00:00.000Z,False,False,False,False,,6086,Rocco Calvo Field,323,Moravian,iii,Landmark Conference,,,,,,2422,Muhlenberg,iii,Centennial,,,,,,,,,
2026-08-25T14:27:48+00:00,2026,1,games,401866410,2026,1,regular,2026-09-05T16:00:00.000Z,False,False,False,False,,3700,Doyt L. Perry Stadium,189,Bowling Green,fbs,Mid-American,,,,1340,,2627,Tarleton State,fcs,UAC,,,,,,,,,
2026-08-25T14:27:48+00:00,2026,1,games,401907013,2026,1,regular,2026-09-05T16:00:00.000Z,False,False,False,False,,5934,Farmers Insurance Athletic Complex,110254,Davenport,ii,GLIAC,,,,,,2654,Truman State,ii,Great Lakes,,,,,,,,,
2026-08-25T14:27:48+00:00,2026,1,games,401908091,2026,1,regular,2026-09-05T16:00:00.000Z,False,False,False,False,,3675,Charles A. Gaetano Stadium,390,Utica,iii,Empire 8,,,,,,2686,Washington & Jefferson,iii,Presidents',,,,,,,,,
2026-08-25T14:27:48+00:00,2026,1,games,401908624,2026,1,regular,2026-09-05T16:00:00.000Z,False,False,False,False,,6107,ECAV Stadium,2528,Rensselaer,iii,Liberty League,,,,,,2749,WPI,iii,NEWMAC,,,,,,,,,
2026-08-25T14:27:48+00:00,2026,1,games,401907879,2026,1,regular,2026-09-05T16:00:00.000Z,False,False,False,False,,5864,Robert E. Thorn Field,146,Grove City,iii,Presidents',,,,,,2782,SUNY Cortland,iii,Empire 8,,,,,,,,,
2026-08-25T14:27:48+00:00,2026,1,games,401862701,2026,1,regular,2026-09-05T16:00:00.000Z,False,False,False,False,,3841,Michie Stadium,349,Army,fbs,American Athletic,,,,1527,,2803,Bryant,fcs,Coastal Athletic,,,,,,,,,
2026-08-25T14:27:48+00:00,2026,1,games,401906844,2026,1,regular,2026-09-05T16:00:00.000Z,False,False,False,False,,3729,"Frank ""Muddy"" Waters Stadium",2273,Hillsdale,ii,Great Midwest Athletic,,,,,,2816,McKendree,ii,Great Lakes,,,,,,,,,
2026-08-25T14:27:48+00:00,2026,1,games,401908530,2026,1,regular,2026-09-05T16:00:00.000Z,False,False,False,False,,5822,Cadet Memorial Field,2557,Coast Guard,iii,NEWMAC,,,,,,111675,New England,iii,Commonwealth Coast,,,,,,,,,
2026-08-25T14:27:48+00:00,2026,1,games,401908189,2026,1,regular,2026-09-05T16:00:00.000Z,False,False,False,False,,3709,Hempstead Stadium,452,Endicott,iii,Commonwealth Coast,,,,,,127954,Eastern,iii,Mid Atlantic,,,,,,,,,
2026-08-25T14:27:48+00:00,2026,1,games,401908738,2026,1,regular,2026-09-05T16:00:00.000Z,False,False,False,False,,6101,"Memorial Stadium (Westerville, OH)",359,Otterbein,iii,Ohio,,,,,,129738,Calvin,iii,Michigan,,,,,,,,,
2026-08-25T14:27:48+00:00,2026,1,games,401908557,2026,1,regular,2026-09-05T16:00:00.000Z,False,False,False,False,,3690,Charles L. Currier Memorial Field,2972,Plymouth State,iii,MSCAC,,,,,,131108,New England College,,,,,,,,,,,
2026-08-25T14:27:48+00:00,2026,1,games,401868017,2026,1,regular,2026-09-05T16:30:00.000Z,False,False,False,True,,3847,Cooper Field,46,Georgetown,fcs,Patriot,,,,,,2329,Lehigh,fcs,Patriot,,,,,,,,,
2026-08-25T14:27:48+00:00,2026,1,games,401858432,2026,1,regular,2026-09-05T16:30:00.000Z,False,False,False,False,,3861,Ohio Stadium,194,Ohio State,fbs,Big Ten,,,,1925,,2050,Ball State,fbs,Mid-American,,,,1173,,,,,
2026-08-25T14:27:48+00:00,2026,1,games,401858207,2026,1,regular,2026-09-05T16:30:00.000Z,False,False,False,False,,3752,Acrisure Stadium,221,Pittsburgh,fbs,ACC,,,,1576,,193,Miami (OH),fbs,Mid-American,,,,1364,,,,,
2026-08-25T14:27:48+00:00,2026,1,games,401856665,2026,1,regular,2026-09-05T16:45:00.000Z,False,False,False,False,,3994,Williams-Brice Stadium,2579,South Carolina,fbs,SEC,,,,1631,,2309,Kent State,fbs,Mid-American,,,,1167,,,,,
2026-08-25T14:27:48+00:00,2026,1,games,401908684,2026,1,regular,2026-09-05T17:00:00.000Z,False,False,False,False,,6134,Frank Bailey Field,237,Union,iii,Liberty League,,,,,,216,Susquehanna,iii,Landmark Conference,,,,,,,,,
2026-08-25T14:27:48+00:00,2026,1,games,401907138,2026,1,regular,2026-09-05T17:00:00.000Z,False,False,False,False,,6034,Yager Stadium at Moore Bowl,2687,Washburn,ii,Mid America,,,,,,2146,Colorado School of Mines,ii,Rocky Mountain,,,,,,,,,
2026-08-25T14:27:48+00:00,2026,1,games,401864496,2026,1,regular,2026-09-05T17:00:00.000Z,False,False,False,False,,3713,Falcon Stadium,2005,Air Force,fbs,Mountain West,,,,1424,,2184,Duquesne,fcs,NEC,,,,,,,,,
2026-08-25T14:27:48+00:00,2026,1,games,401906994,2026,1,regular,2026-09-05T17:00:00.000Z,False,False,False,False,,3927,Sherman Field,2392,Michigan Tech,ii,GLIAC,,,,,,2395,Midwestern State,ii,Lone Star,,,,,,,,,
2026-08-25T14:27:48+00:00,2026,1,games,401868000,2026,1,regular,2026-09-05T17:00:00.000Z,False,False,False,True,,3617,Andy Kerr Stadium,2142,Colgate,fcs,Patriot,,,,,,107,Holy Cross,fcs,Patriot,,,,,,,,,
2026-08-25T14:27:48+00:00,2026,1,games,401908576,2026,1,regular,2026-09-05T17:00:00.000Z,False,False,False,False,,3995,Dr. John W. Winkin Sports Complex,2280,Husson,iii,Commonwealth Coast,,,,,,2967,Framingham State,iii,MSCAC,,,,,,,,,
2026-08-25T14:27:48+00:00,2026,1,games,401908744,2026,1,regular,2026-09-05T17:00:00.000Z,False,False,False,False,,5834,Deeds Field-Piper Stadium,2171,Denison,iii,North Coast,,,,,,2812,Hope,iii,Michigan,,,,,,,,,
2026-08-25T14:27:48+00:00,2026,1,games,401908650,2026,1,regular,2026-09-05T17:00:00.000Z,False,False,False,False,,5787,Docking Stadium,2003,Adrian,iii,Michigan,,,,,,427,Ohio Northern,iii,Ohio,,,,,,,,,
2026-08-25T14:27:48+00:00,2026,1,games,401856779,2026,1,regular,2026-09-05T17:00:00.000Z,False,False,False,False,,3772,Jack Trice Stadium,66,Iowa State,fbs,Big 12,,,,1586,,2546,Southeast Missouri State,fcs,OVC,,,,,,,,,
2026-08-25T14:27:48+00:00,2026,1,games,401907250,2026,1,regular,2026-09-05T17:00:00.000Z,False,False,False,True,,6056,B.T. Harvey Stadium,60,Morehouse,ii,SIAC,,,,,,2805,Clark Atlanta,ii,SIAC,,,,,,,,,
2026-08-25T14:27:48+00:00,2026,1,games,401908617,2026,1,regular,2026-09-05T17:00:00.000Z,False,False,False,False,,5638,Dave Wolk Stadium,293,Vermont State Castleton,iii,New Jersey,,,,,,2909,Westfield State,iii,MSCAC,,,,,,,,,
2026-08-25T14:27:48+00:00,2026,1,games,401908623,2026,1,regular,2026-09-05T17:00:00.000Z,False,False,False,False,,3889,Reinhart Field,2951,SUNY Maritime,iii,NEWMAC,,,,,,402,Worcester State,iii,MSCAC,,,,,,,,,
2026-08-25T14:27:48+00:00,2026,1,games,401908069,2026,1,regular,2026-09-05T17:00:00.000Z,False,False,False,False,,3677,Chuck Noll Field,2614,Saint Vincent,iii,Presidents',,,,,,125974,Hilbert,iii,Empire 8,,,,,,,,,
2026-08-25T14:27:48+00:00,2026,1,games,401906118,2026,1,regular,2026-09-05T17:00:00.000Z,False,False,False,True,,3904,Rogers Stadium (VA),330,Virginia State,ii,CIAA,,,,,,2075,Bowie State,ii,CIAA,,,,,,,,,
2026-08-25T14:27:48+00:00,2026,1,games,401907826,2026,1,regular,2026-09-05T17:00:00.000Z,False,False,False,False,,5839,Langhorst Field,72,Elmhurst,iii,CCIW,,,,,,2286,Illinois College,iii,Midwest,,,,,,,,,
2026-08-25T14:27:48+00:00,2026,1,games,401908609,2026,1,regular,2026-09-05T17:00:00.000Z,False,False,False,False,,6150,Wightman Stadium,2970,William Paterson,iii,New Jersey,,,,,,2843,Western Connecticut State,iii,Landmark Conference,,,,,,,,,
2026-08-25T14:27:48+00:00,2026,1,games,401908644,2026,1,regular,2026-09-05T17:00:00.000Z,False,False,False,False,,5824,Lions Stadium,2442,The College of New Jersey,iii,New Jersey,,,,,,2354,Lycoming,iii,Landmark Conference,,,,,,,,,
2026-08-25T14:27:48+00:00,2026,1,games,401908470,2026,1,regular,2026-09-05T17:00:00.000Z,False,False,False,False,,5829,Old National Bank Stadium,509,Crown,iii,Upper Midwest,,,,,,162,Hamline,iii,Minnesota,,,,,,,,,
2026-08-25T14:27:48+00:00,2026,1,games,401873228,2026,1,regular,2026-09-05T17:00:00.000Z,False,False,False,True,,6104,Baker Stadium,2508,Puget Sound,iii,Northwest,,,,,,2333,Lewis & Clark,iii,Northwest,,,,,,,,,
2026-08-25T14:27:48+00:00,2026,1,games,401907843,2026,1,regular,2026-09-05T17:00:00.000Z,False,False,False,False,,980,Benedetti-Wehrli Stadium,3071,North Central College,iii,CCIW,,,,,,2802,Bethel (MN),iii,Minnesota,,,,,,,,,
2026-08-25T14:27:48+00:00,2026,1,games,401908049,2026,1,regular,2026-09-05T17:00:00.000Z,False,False,False,False,,5916,Carson Park,2738,Wisconsin Eau Claire,iii,Wisconsin,,,,,,2800,Alma,iii,Michigan,,,,,,,,,
2026-08-25T14:27:48+00:00,2026,1,games,401873403,2026,1,regular,2026-09-05T17:00:00.000Z,False,False,False,False,,5905,Kean Alumni Stadium,2871,Kean,iii,New Jersey,,,,,,3110,SUNY Morrisville,iii,Empire 8,,,,,,,,,
2026-08-25T14:27:48+00:00,2026,1,games,401856659,2026,1,regular,2026-09-05T17:00:00.000Z,False,False,False,False,,3683,Kroger Field,96,Kentucky,fbs,SEC,,,,1476,,2754,Youngstown State,fcs,MVFC,,,,,,,,,
2026-08-25T14:27:48+00:00,2026,1,games,401908285,2026,1,regular,2026-09-05T17:00:00.000Z,False,False,False,False,,5114,Shelton Stadium,2810,Hardin Simmons,iii,American Southwest,,,,,,411,Chapman,iii,So. Cal.,,,,,,,,,
2026-08-25T14:27:48+00:00,2026,1,games,401906133,2026,1,regular,2026-09-05T17:00:00.000Z,False,False,False,False,,3808,Lincoln University Stadium,2339,Lincoln (PA),ii,CIAA,,,,,,223,West Chester,ii,Pennsylvania State Athletic,,,,,,,,,
2026-08-25T14:27:48+00:00,2026,1,games,401908662,2026,1,regular,2026-09-05T17:00:00.000Z,False,False,False,False,,6140,John F. Wiley Stadium,2845,Waynesburg,iii,Presidents',,,,,,424,Capital,iii,Ohio,,,,,,,,,
2026-08-25T14:27:48+00:00,2026,1,games,401908805,2026,1,regular,2026-09-05T17:00:00.000Z,False,False,False,False,,5904,Angell Field,126,Kalamazoo,iii,Michigan,,,,,,352,Kenyon,iii,North Coast,,,,,,,,,
2026-08-25T14:27:48+00:00,2026,1,games,401908965,2026,1,regular,2026-09-05T17:00:00.000Z,False,False,False,False,,6138,Wilson Field,2688,Washington and Lee,iii,Old Dominion,,,,,,2746,Wittenberg,iii,North Coast,,,,,,,,,
2026-08-25T14:27:48+00:00,2026,1,games,401907604,2026,1,regular,2026-09-05T17:00:00.000Z,False,False,False,False,,5133,Ram Stadium (WV),2974,Shepherd,ii,Pennsylvania State Athletic,,,,,,341,Frostburg State,ii,Mountain East,,,,,,,,,
2026-08-25T14:27:48+00:00,2026,1,games,401868186,2026,1,regular,2026-09-05T17:30:00.000Z,False,False,False,False,,3737,Gibbs Stadium,2747,Wofford,fcs,Southern,,,,,,2241,Gardner-Webb,fcs,OVC,,,,,,,,,
2026-08-25T14:27:48+00:00,2026,1,games,401908206,2026,1,regular,2026-09-05T17:30:00.000Z,False,False,False,False,,5793,Macholtz Stadium,2023,Anderson (IN),iii,Heartland,,,,,,2018,Allegheny,iii,Presidents',,,,,,,,,
2026-08-25T14:27:48+00:00,2026,1,games,401907850,2026,1,regular,2026-09-05T18:00:00.000Z,False,False,False,False,,5115,McCully Stadium,396,Wheaton (IL),iii,CCIW,,,,,,426,Mount Union,iii,Ohio,,,,,,,,,
2026-08-25T14:27:48+00:00,2026,1,games,401907691,2026,1,regular,2026-09-05T18:00:00.000Z,False,False,False,True,,11539,Charlotte & Gordon Hansen Stadium,2939,Jamestown,ii,Northern Sun,,,,,,2894,Sioux Falls,ii,Northern Sun,,,,,,,,,
2026-08-25T14:27:48+00:00,2026,1,games,401907655,2026,1,regular,2026-09-05T18:00:00.000Z,False,False,False,False,,5814,Gesling Stadium,2102,Carnegie Mellon,iii,Presidents',,,,,,2302,John Carroll,iii,Ohio,,,,,,,,,
2026-08-25T14:27:48+00:00,2026,1,games,401907758,2026,1,regular,2026-09-05T18:00:00.000Z,False,False,False,False,,5809,J. Leslie Rollins Stadium,63,Buena Vista,iii,American Rivers,,,,,,2283,Benedictine (IL),iii,NACC,,,,,,,,,
2026-08-25T14:27:48+00:00,2026,1,games,401906049,2026,1,regular,2026-09-05T18:00:00.000Z,False,False,False,False,,3667,Callaghan Stadium,2148,Concord,ii,Mountain East,,,,,,124180,Bluefield State,ii,CIAA,,,,,,,,,
2026-08-25T14:27:48+00:00,2026,1,games,401906860,2026,1,regular,2026-09-05T18:00:00.000Z,False,False,False,False,,6040,Key Stadium,2292,Indianapolis,ii,Great Lakes,,,,,,2224,Findlay,ii,Great Midwest Athletic,,,,,,,,,
2026-08-25T14:27:48+00:00,2026,1,games,401906929,2026,1,regular,2026-09-05T18:00:00.000Z,False,False,False,False,,3723,QU Stadium,2825,Quincy,ii,Great Lakes,,,,,,127991,Roosevelt,ii,GLIAC,,,,,,,,,
2026-08-25T14:27:48+00:00,2026,1,games,401908088,2026,1,regular,2026-09-05T18:00:00.000Z,False,False,False,False,,6120,Growney Stadium,374,St. John Fisher,iii,Empire 8,,,,,,2221,FDU Florham,iii,Mid Atlantic,,,,,,,,,
2026-08-25T14:27:48+00:00,2026,1,games,401907420,2026,1,regular,2026-09-05T18:00:00.000Z,False,False,False,False,,5843,W.B. Adams Stadium,366,Ferrum,ii,Carolinas,,,,,,2213,Emory & Henry,ii,South Atlantic,,,,,,,,,
2026-08-25T14:27:48+00:00,2026,1,games,401866624,2026,1,regular,2026-09-05T18:00:00.000Z,False,False,False,True,,5389,Kessler Stadium,2405,Monmouth,fcs,Coastal Athletic,,,,,,2529,Sacred Heart,fcs,Coastal Athletic,,,,,,,,,
2026-08-25T14:27:48+00:00,2026,1,games,401908018,2026,1,regular,2026-09-05T18:00:00.000Z,False,False,False,False,,5120,J.J. Keller Field at Titan Stadium,271,Wisconsin Oshkosh,iii,Wisconsin,,,,,,203,Linfield,iii,Northwest,,,,,,,,,
2026-08-25T14:27:48+00:00,2026,1,games,401908150,2026,1,regular,2026-09-05T18:00:00.000Z,False,False,False,False,,5823,Clark Field,2141,Coe,iii,American Rivers,,,,,,2155,Cornell (IA),iii,Midwest,,,,,,,,,
2026-08-25T14:27:48+00:00,2026,1,games,401908247,2026,1,regular,2026-09-05T18:00:00.000Z,False,False,False,False,,6091,Abel Stadium,6845,Nebraska Wesleyan,iii,American Rivers,,,,,,2152,Concordia (MN),iii,Minnesota,,,,,,,,,
2026-08-25T14:27:48+00:00,2026,1,games,401908231,2026,1,regular,2026-09-05T18:00:00.000Z,False,False,False,False,,3614,Alumni Stadium (IN),2262,Hanover,iii,Heartland,,,,,,2121,Centre,iii,Southern Athletic,,,,,,,,,
2026-08-25T14:27:48+00:00,2026,1,games,401908039,2026,1,regular,2026-09-05T18:00:00.000Z,False,False,False,False,,5117,Clemens Stadium,2600,Saint John's (MN),iii,Minnesota,,,,,,2740,Wisconsin La Crosse,iii,Wisconsin,,,,,,,,,
2026-08-25T14:27:48+00:00,2026,1,games,401862698,2026,1,regular,2026-09-05T18:00:00.000Z,False,False,False,False,,3806,Lincoln Financial Field,218,Temple,fbs,American Athletic,,,,1312,,227,Rhode Island,fcs,Coastal Athletic,,,,,,,,,
2026-08-25T14:27:48+00:00,2026,1,games,401907886,2026,1,regular,2026-09-05T18:00:00.000Z,False,False,False,False,,4854,Perkins Stadium,2745,Wisconsin Whitewater,iii,Wisconsin,,,,,,2101,Carleton,iii,Minnesota,,,,,,,,,
2026-08-25T14:27:48+00:00,2026,1,games,401907789,2026,1,regular,2026-09-05T18:00:00.000Z,False,False,False,False,,6121,Donald J. Schneider Stadium,2832,St. Norbert,iii,NACC,,,,,,32,Carroll (WI),iii,CCIW,,,,,,,,,
2026-08-25T14:27:48+00:00,2026,1,games,401908412,2026,1,regular,2026-09-05T18:00:00.000Z,False,False,False,False,,3823,Hardee-McGee Field,2553,Sewanee,iii,Southern Athletic,,,,,,2062,Bethany (WV),iii,Presidents',,,,,,,,,
2026-08-25T14:27:48+00:00,2026,1,games,401908008,2026,1,regular,2026-09-05T18:00:00.000Z,False,False,False,False,,5911,Ralph E. Davis Pioneer Stadium,272,Wisconsin Platteville,iii,Wisconsin,,,,,,2044,Aurora,iii,NACC,,,,,,,,,
2026-08-25T14:27:48+00:00,2026,1,games,401908257,2026,1,regular,2026-09-05T18:00:00.000Z,False,False,False,False,,5930,Carl W. Burt Memorial Stadium,2362,Manchester,iii,Heartland,,,,,,433,Westminster (MO),iii,Upper Midwest,,,,,,,,,
2026-08-25T14:27:48+00:00,2026,1,games,401908141,2026,1,regular,2026-09-05T18:00:00.000Z,False,False,False,False,,5893,Hollingsworth Field,2968,Gustavus Adolphus,iii,Minnesota,,,,,,2964,Central College,iii,American Rivers,,,,,,,,,
2026-08-25T14:27:48+00:00,2026,1,games,401856658,2026,1,regular,2026-09-05T19:00:00.000Z,False,False,False,False,,3917,Sanford Stadium,61,Georgia,fbs,SEC,,,,1871,,2634,Tennessee State,fcs,OVC,,,,,,,,,
2026-08-25T14:27:48+00:00,2026,1,games,401868111,2026,1,regular,2026-09-05T19:00:00.000Z,False,False,False,False,,3987,Washington-Grizzly Stadium,149,Montana,fcs,Big Sky,,,,,,2181,Drake,fcs,Pioneer,,,,,,,,,
2026-08-25T14:27:48+00:00,2026,1,games,401866625,2026,1,regular,2026-09-05T19:30:00.000Z,False,False,False,False,,3629,Barker-Lane Stadium,2097,Campbell,fcs,Coastal Athletic,,,,,,2717,Western Carolina,fcs,Southern,,,,,,,,,
2026-08-25T14:27:48+00:00,2026,1,games,401858209,2026,1,regular,2026-09-05T19:30:00.000Z,False,False,False,False,,3982,Wallace Wade Stadium,150,Duke,fbs,ACC,,,,1581,,2655,Tulane,fbs,American Athletic,,,,1555,,,,,
2026-08-25T14:27:48+00:00,2026,1,games,401862694,2026,1,regular,2026-09-05T19:30:00.000Z,False,False,False,False,,4418,Jerry Richardson Stadium,2429,Charlotte,fbs,American Athletic,,,,1182,,2643,The Citadel,fcs,Southern,,,,,,,,,
2026-08-25T14:27:48+00:00,2026,1,games,401864499,2026,1,regular,2026-09-05T19:30:00.000Z,False,False,False,False,,3714,Fargodome,2449,North Dakota State,fbs,Mountain West,,,,,,2230,Fordham,fcs,Patriot,,,,,,,,,
2026-08-25T14:27:48+00:00,2026,1,games,401856636,2026,1,regular,2026-09-05T19:30:00.000Z,False,False,True,False,,5348,Mercedes-Benz Stadium,2,Auburn,fbs,SEC,,,,1613,,239,Baylor,fbs,Big 12,,,,1506,,,,Aflac Kickoff,
2026-08-25T14:27:48+00:00,2026,1,games,401866627,2026,1,regular,2026-09-05T19:30:00.000Z,False,False,False,False,,3792,Kidd Brewer Stadium,2026,App State,fbs,Sun Belt,,,,1310,,311,Maine,fcs,Coastal Athletic,,,,,,,,,
2026-08-25T14:27:48+00:00,2026,1,games,401858433,2026,1,regular,2026-09-05T19:30:00.000Z,False,False,False,False,,3626,Autzen Stadium,2483,Oregon,fbs,Big Ten,,,,1880,,68,Boise State,fbs,Pac-12,,,,1562,,,,,
2026-08-25T14:27:48+00:00,2026,1,games,401856666,2026,1,regular,2026-09-05T19:30:00.000Z,False,False,False,False,,3853,Neyland Stadium,2633,Tennessee,fbs,SEC,,,,1691,,231,Furman,fcs,Southern,,,,,,,,,
2026-08-25T14:27:48+00:00,2026,1,games,401862696,2026,1,regular,2026-09-05T19:30:00.000Z,False,False,False,False,,3852,Navy-Marine Corps Memorial Stadium,2426,Navy,fbs,American Athletic,,,,1550,,119,Towson,fcs,Coastal Athletic,,,,,,,,,
2026-08-25T14:27:48+00:00,2026,1,games,401856667,2026,1,regular,2026-09-05T19:30:00.000Z,False,False,False,False,,3910,DKR-Texas Memorial Stadium,251,Texas,fbs,SEC,,,,1784,,326,Texas State,fbs,Pac-12,,,,1570,,,,,
2026-08-25T14:27:48+00:00,2026,1,games,401856777,2026,1,regular,2026-09-05T19:30:00.000Z,False,False,False,False,,3854,Nippert Stadium,2132,Cincinnati,fbs,Big 12,,,,1480,,103,Boston College,fbs,ACC,,,,1406,,,,,
2026-08-25T14:27:48+00:00,2026,1,games,401858434,2026,1,regular,2026-09-05T19:30:00.000Z,False,False,False,False,,3632,Beaver Stadium,213,Penn State,fbs,Big Ten,,,,1802,,276,Marshall,fbs,Sun Belt,,,,1478,,,,,
2026-08-25T14:27:48+00:00,2026,1,games,401862700,2026,1,regular,2026-09-05T19:30:00.000Z,False,False,False,False,,3604,Alamodome,2636,UTSA,fbs,American Athletic,,,,1522,,292,UT Rio Grande Valley,fcs,Southland,,,,,,,,,
2026-08-25T14:27:48+00:00,2026,1,games,401856772,2026,1,regular,2026-09-05T19:45:00.000Z,False,False,False,False,,3674,Chapman Stadium,202,Tulsa,fbs,American Athletic,,,,1240,,197,Oklahoma State,fbs,Big 12,,,,1240,,,,,
2026-08-25T14:27:48+00:00,2026,1,games,401867875,2026,1,regular,2026-09-05T20:00:00.000Z,False,False,False,False,,3605,Alerus Center,155,North Dakota,fcs,MVFC,,,,,,2900,St. Thomas (MN),fcs,Pioneer,,,,,,,,,
2026-08-25T14:27:48+00:00,2026,1,games,401856635,2026,1,regular,2026-09-05T20:15:00.000Z,False,False,False,False,,3887,Razorback Stadium,8,Arkansas,fbs,SEC,,,,1547,,2453,North Alabama,fcs,UAC,,,,,,,,,
2026-08-25T14:27:48+00:00,2026,1,games,401858426,2026,1,regular,2026-09-05T20:15:00.000Z,False,False,False,False,,3793,Kinnick Stadium,2294,Iowa,fbs,Big Ten,,,,1791,,2459,Northern Illinois,fbs,Mountain West,,,,1322,,,,,
2026-08-25T14:27:48+00:00,2026,1,games,401868356,2026,1,regular,2026-09-05T21:00:00.000Z,False,False,False,False,,3815,M. M. Roberts Stadium,2572,Southern Miss,fbs,Sun Belt,,,,1350,,2016,Alcorn State,fcs,SWAC,,,,,,,,,
2026-08-25T14:27:48+00:00,2026,1,games,401868345,2026,1,regular,2026-09-05T21:30:00.000Z,False,False,False,False,,5400,William B. Greene Jr. Stadium,2193,East Tennessee State,fcs,Southern,,,,,,2839,Tusculum,ii,South Atlantic,,,,,,,,,
2026-08-25T14:27:48+00:00,2026,1,games,401867692,2026,1,regular,2026-09-05T22:00:00.000Z,False,False,False,False,,3998,Zable Stadium,2729,William & Mary,fcs,Patriot,,,,,,2169,Delaware State,fcs,MEAC,,,,,,,,,
2026-08-25T14:27:48+00:00,2026,1,games,401868336,2026,1,regular,2026-09-05T22:00:00.000Z,False,False,False,True,,3720,Finley Stadium,236,Chattanooga,fcs,Southern,,,,,,2635,Tennessee Tech,fcs,Southern,,,,,,,,,
2026-08-25T14:27:48+00:00,2026,1,games,401867989,2026,1,regular,2026-09-05T22:00:00.000Z,False,False,False,True,,3676,Christy Mathewson-Memorial Stadium,2083,Bucknell,fcs,Patriot,,,,,,222,Villanova,fcs,Patriot,,,,,,,,,
2026-08-25T14:27:48+00:00,2026,1,games,401867973,2026,1,regular,2026-09-05T22:00:00.000Z,False,False,False,False,,3918,S.B. Ballard Stadium,295,Old Dominion,fbs,Sun Belt,,,,1336,,2450,Norfolk State,fcs,MEAC,,,,,,,,,
2026-08-25T14:27:48+00:00,2026,1,games,401868325,2026,1,regular,2026-09-05T22:00:00.000Z,False,False,False,False,,4582,Hornet Stadium,2011,Alabama State,fcs,SWAC,,,,,,2323,Lane College,ii,SIAC,,,,,,,,,
2026-08-25T14:27:48+00:00,2026,1,games,401866626,2026,1,regular,2026-09-05T22:00:00.000Z,False,False,False,False,,3897,Richardson Stadium,2166,Davidson,fcs,Pioneer,,,,,,2210,Elon,fcs,Coastal Athletic,,,,,,,,,
2026-08-25T14:27:48+00:00,2026,1,games,401867917,2026,1,regular,2026-09-05T22:00:00.000Z,False,False,False,False,,3777,Joe Walton Stadium,2523,Robert Morris,fcs,NEC,,,,,,2707,West Virginia State,ii,Mountain East,,,,,,,,,
2026-08-25T14:27:48+00:00,2026,1,games,401868274,2026,1,regular,2026-09-05T22:00:00.000Z,False,False,False,False,,4417,Five Star Stadium at the Moye Complex,2382,Mercer,fcs,Southern,,,,,,2506,Presbyterian,fcs,Pioneer,,,,,,,,,
2026-08-25T14:27:48+00:00,2026,1,games,401867978,2026,1,regular,2026-09-05T22:00:00.000Z,False,False,False,False,,3862,O'Kelly-Riddick Stadium,2428,North Carolina Central,fcs,MEAC,,,,,,2207,Elizabeth City State,ii,CIAA,,,,,,,,,
2026-08-25T14:27:48+00:00,2026,1,games,401860878,2026,1,regular,2026-09-05T22:00:00.000Z,False,False,False,False,,5388,Canvas Stadium,36,Colorado State,fbs,Pac-12,,,,1273,,2751,Wyoming,fbs,Mountain West,,,,1363,,,,,
2026-08-25T14:27:48+00:00,2026,1,games,401868297,2026,1,regular,2026-09-05T23:00:00.000Z,False,False,False,False,,3809,Louis Crews Stadium,2010,Alabama A&M,fcs,SWAC,,,,,,2396,Miles,ii,SIAC,,,,,,,,,
2026-08-25T14:27:48+00:00,2026,1,games,401870763,2026,1,regular,2026-09-05T23:00:00.000Z,False,False,False,False,,3975,Veterans Memorial Stadium (AL),2653,Troy,fbs,Sun Belt,,,,1422,,2534,Sam Houston,fbs,Conference USA,,,,1162,,,,,
2026-08-25T14:27:48+00:00,2026,1,games,401868316,2026,1,regular,2026-09-05T23:00:00.000Z,False,False,False,False,,6526,Hancock Whitney Stadium,6,South Alabama,fbs,Sun Belt,,,,1390,,2545,SE Louisiana,fcs,Southland,,,,,,,,,
2026-08-25T14:27:48+00:00,2026,1,games,401868970,2026,1,regular,2026-09-05T23:00:00.000Z,False,False,False,False,,3599,Ace W. Mumford Stadium,2582,Southern,fcs,SWAC,,,,,,2310,Kentucky State,ii,SIAC,,,,,,,,,
2026-08-25T14:27:48+00:00,2026,1,games,401867845,2026,1,regular,2026-09-05T23:00:00.000Z,False,False,False,False,,3746,Hanson Field,2710,Western Illinois,fcs,OVC,,,,,,2287,Illinois State,fcs,MVFC,,,,,,,,,
2026-08-25T14:27:48+00:00,2026,1,games,401862697,2026,1,regular,2026-09-05T23:00:00.000Z,False,False,False,False,,3895,Rice Stadium,242,Rice,fbs,American Athletic,,,,1196,,2277,Houston Christian,fcs,Southland,,,,,,,,,
2026-08-25T14:27:48+00:00,2026,1,games,401856668,2026,1,regular,2026-09-05T23:00:00.000Z,False,False,False,False,,3795,Kyle Field,245,Texas A&M,fbs,SEC,,,,1748,,2623,Missouri State,fbs,Conference USA,,,,1385,,,,,
2026-08-25T14:27:48+00:00,2026,1,games,401862699,2026,1,regular,2026-09-05T23:00:00.000Z,False,False,False,False,,3886,Raymond James Stadium,58,South Florida,fbs,American Athletic,,,,1682,,2229,Florida International,fbs,Conference USA,,,,1382,,,,,
2026-08-25T14:27:48+00:00,2026,1,games,401868958,2026,1,regular,2026-09-05T23:00:00.000Z,False,False,False,False,,3976,Mississippi Veterans Memorial Stadium,2296,Jackson State,fcs,SWAC,,,,,,2206,Edward Waters,ii,SIAC,,,,,,,,,
2026-08-25T14:27:48+00:00,2026,1,games,401868140,2026,1,regular,2026-09-05T23:00:00.000Z,False,False,False,False,,3662,AmFirst Stadium,55,Jacksonville State,fbs,Conference USA,,,,,,2198,Eastern Kentucky,fcs,UAC,,,,,,,,,
2026-08-25T14:27:48+00:00,2026,1,games,401867684,2026,1,regular,2026-09-05T23:00:00.000Z,False,False,False,False,,3748,Graham Stadium,2630,UT Martin,fcs,OVC,,,,,,2130,Chicago State,fcs,FCS Independents,,,,,,,,,
2026-08-25T14:27:48+00:00,2026,1,games,401868170,2026,1,regular,2026-09-05T23:00:00.000Z,False,False,False,False,,3608,Allen E. Paulson Stadium,290,Georgia Southern,fbs,Sun Belt,,,,1376,,2127,Charleston Southern,fcs,OVC,,,,,,,,,
2026-08-25T14:27:48+00:00,2026,1,games,401868953,2026,1,regular,2026-09-05T23:00:00.000Z,False,False,False,False,,3902,Eddie Robinson Stadium,2755,Grambling,fcs,SWAC,,,,,,2119,Central State,ii,SIAC,,,,,,,,,
2026-08-25T14:27:48+00:00,2026,1,games,401856669,2026,1,regular,2026-09-05T23:00:00.000Z,False,False,False,False,,3973,FirstBank Stadium,238,Vanderbilt,fbs,SEC,,,,1753,,2046,Austin Peay,fcs,UAC,,,,,,,,,
2026-08-25T14:27:48+00:00,2026,1,games,401862695,2026,1,regular,2026-09-05T23:00:00.000Z,False,False,False,False,,3805,Simmons Bank Liberty Stadium,235,Memphis,fbs,American Athletic,,,,,,2032,Arkansas State,fbs,Sun Belt,,,,1378,,,,,
2026-08-25T14:27:48+00:00,2026,1,games,401856770,2026,1,regular,2026-09-05T23:00:00.000Z,False,False,False,False,,3784,Jones AT&T Stadium,2641,Texas Tech,fbs,Big 12,,,,1870,,2000,Abilene Christian,fcs,UAC,,,,,,,,,
2026-08-25T14:27:48+00:00,2026,1,games,401860880,2026,1,regular,2026-09-05T23:00:00.000Z,False,False,False,False,,3905,Maverik Stadium,328,Utah State,fbs,Pac-12,,,,1376,,304,Idaho State,fcs,Big Sky,,,,,,,,,
2026-08-25T14:27:48+00:00,2026,1,games,401869136,2026,1,regular,2026-09-05T23:00:00.000Z,False,False,False,False,,3686,Cowboy Stadium,2377,McNeese,fcs,Southland,,,,,,102626,Texas Wesleyan,,,,,,,,,,,
2026-08-25T14:27:48+00:00,2026,1,games,401868071,2026,1,regular,2026-09-05T23:00:00.000Z,False,False,False,True,,3711,Estes Stadium,2110,Central Arkansas,fcs,UAC,,,,,,110242,West Florida,fcs,UAC,,,,,,,,,
2026-08-25T14:27:48+00:00,2026,1,games,401867866,2026,1,regular,2026-09-05T23:00:00.000Z,False,False,False,False,,3725,"Johnny ""Red"" Floyd Stadium",2393,Middle Tennessee,fbs,Conference USA,,,,1276,,93,Murray State,fcs,MVFC,,,,,,,,,
2026-08-25T14:27:48+00:00,2026,1,games,401856771,2026,1,regular,2026-09-05T23:00:00.000Z,False,False,False,False,,3636,Bill Snyder Family Stadium,2306,Kansas State,fbs,Big 12,,,,1616,,2447,Nicholls,fcs,Southland,,,,,,,,,
2026-08-25T14:27:48+00:00,2026,1,games,401868085,2026,1,regular,2026-09-05T23:00:00.000Z,False,False,False,False,,3906,Roos Field,331,Eastern Washington,fcs,Big Sky,,,,,,2460,Northern Iowa,fcs,MVFC,,,,,,,,,
2026-08-25T14:27:48+00:00,2026,1,games,401856660,2026,1,regular,2026-09-05T23:30:00.000Z,False,False,False,False,,3958,Tiger Stadium (LA),99,LSU,fbs,SEC,,,,1616,,228,Clemson,fbs,ACC,,,,1670,,,,,
2026-08-25T14:27:48+00:00,2026,1,games,401869129,2026,1,regular,2026-09-05T23:30:00.000Z,False,False,False,False,,3776,Joe Aillet Stadium,2348,Louisiana Tech,fbs,Sun Belt,,,,1454,,2466,Northwestern State,fcs,Southland,,,,,,,,,
2026-08-25T14:27:48+00:00,2026,1,games,401858211,2026,1,regular,2026-09-05T23:30:00.000Z,False,False,False,False,,3799,Lane Stadium,259,Virginia Tech,fbs,ACC,,,,1421,,2678,VMI,fcs,Southern,,,,,,,,,
2026-08-25T14:27:48+00:00,2026,1,games,401858428,2026,1,regular,2026-09-05T23:30:00.000Z,False,False,False,False,,3558,Michigan Stadium,130,Michigan,fbs,Big Ten,,,,1690,,2711,Western Michigan,fbs,Mid-American,,,,1530,,,,,
2026-08-25T14:27:48+00:00,2026,1,games,401856662,2026,1,regular,2026-09-05T23:30:00.000Z,False,False,False,False,,3693,Davis Wade Stadium,344,Mississippi State,fbs,SEC,,,,1478,,2433,UL Monroe,fbs,Sun Belt,,,,1177,,,,,
2026-08-25T14:27:48+00:00,2026,1,games,401856637,2026,1,regular,2026-09-05T23:45:00.000Z,False,False,False,False,,3634,Ben Hill Griffin Stadium,57,Florida,fbs,SEC,,,,1562,,2226,Florida Atlantic,fbs,American Athletic,,,,1285,,,,,
2026-08-25T14:27:48+00:00,2026,1,games,401868158,2026,1,regular,2026-09-06T00:00:00.000Z,False,False,False,True,,3706,Eccles Coliseum,253,Southern Utah,fcs,Big Sky,,,,,,2692,Weber State,fcs,Big Sky,,,,,,,,,
2026-08-25T14:27:48+00:00,2026,1,games,401869142,2026,1,regular,2026-09-06T00:00:00.000Z,False,False,False,False,,3666,Cajun Field,309,Louisiana,fbs,Sun Belt,,,,1389,,2320,Lamar,fcs,Southland,,,,,,,,,
2026-08-25T14:27:48+00:00,2026,1,games,401856775,2026,1,regular,2026-09-06T00:00:00.000Z,False,False,False,False,,3801,LaVell Edwards Stadium,252,BYU,fbs,Big 12,,,,1666,,3101,Utah Tech,fcs,Big Sky,,,,,,,,,
2026-08-25T14:27:48+00:00,2026,1,games,401867883,2026,1,regular,2026-09-06T00:00:00.000Z,False,False,False,False,,3856,Nottingham Field,2458,Northern Colorado,fcs,Big Sky,,,,,,233,South Dakota,fcs,MVFC,,,,,,,,,
2026-08-25T14:27:48+00:00,2026,1,games,401868074,2026,1,regular,2026-09-06T00:00:00.000Z,False,False,False,False,,1027,Alex G. Spanos Stadium,13,Cal Poly,fcs,Big Sky,,,,,,2120,Central Washington,ii,Lone Star,,,,,,,,,
2026-08-25T14:27:48+00:00,2026,1,games,401868306,2026,1,regular,2026-09-06T00:00:00.000Z,False,False,False,True,,3756,Homer Bryce Stadium,2617,Stephen F. Austin,fcs,Southland,,,,,,2837,East Texas A&M,fcs,Southland,,,,,,,,,
2026-08-25T14:27:48+00:00,2026,1,games,401858427,2026,1,regular,2026-09-06T00:00:00.000Z,False,False,False,False,,3665,SECU Stadium,120,Maryland,fbs,Big Ten,,,,1424,,2261,Hampton,fcs,Coastal Athletic,,,,,,,,,
2026-08-25T14:27:48+00:00,2026,1,games,401858431,2026,1,regular,2026-09-06T00:00:00.000Z,False,False,False,False,,5960,Lanny and Sharon Martin Stadium,77,Northwestern,fbs,Big Ten,,,,1549,,2571,South Dakota State,fcs,MVFC,,,,,,,,,
2026-08-25T14:27:48+00:00,2026,1,games,401868119,2026,1,regular,2026-09-06T00:30:00.000Z,False,False,False,False,,3643,Bobcat Stadium,147,Montana State,fcs,Big Sky,,,,,,2086,Butler,fcs,Pioneer,,,,,,,,,
2026-08-25T14:27:48+00:00,2026,1,games,401870790,2026,1,regular,2026-09-06T01:00:00.000Z,False,False,False,False,,3601,Aggie Memorial Stadium,166,New Mexico State,fbs,Conference USA,,,,,,2385,Mercyhurst,fcs,NEC,,,,,,,,,
2026-08-25T14:27:48+00:00,2026,1,games,401856774,2026,1,regular,2026-09-06T01:00:00.000Z,False,False,False,False,,3947,Mountain America Stadium,9,Arizona State,fbs,Big 12,,,,1572,,2415,Morgan State,fcs,MEAC,,,,,,,,,
2026-08-25T14:27:48+00:00,2026,1,games,401856773,2026,1,regular,2026-09-06T01:30:00.000Z,False,False,False,False,,3619,Arizona Stadium,12,Arizona,fbs,Big 12,,,,1625,,2464,Northern Arizona,fcs,Big Sky,,,,,,,,,
2026-08-25T14:27:48+00:00,2026,1,games,401860879,2026,1,regular,2026-09-06T01:30:00.000Z,False,False,False,False,,7311,Snapdragon Stadium,21,San Diego State,fbs,Pac-12,,,,1518,,2502,Portland State,fcs,Big Sky,,,,,,,,,
2026-08-25T14:27:48+00:00,2026,1,games,401866411,2026,1,regular,2026-09-06T02:00:00.000Z,False,False,False,False,,3757,Hornet Stadium,16,Sacramento State,fbs,Mid-American,,,,,,2400,Mississippi Valley State,fcs,SWAC,,,,,,,,,
2026-08-25T14:27:48+00:00,2026,1,games,401864498,2026,1,regular,2026-09-06T02:00:00.000Z,False,False,False,False,,3971,University Stadium (NM),167,New Mexico,fbs,Mountain West,,,,1496,,2117,Central Michigan,fbs,Mid-American,,,,1321,,,,,
2026-08-25T14:27:48+00:00,2026,1,games,401864497,2026,1,regular,2026-09-06T02:00:00.000Z,False,False,False,True,,7220,Clarence T.C. Ching Athletics Complex,62,Hawai'i,fbs,Mountain West,,,,,,2439,UNLV,fbs,Mountain West,,,,,,,,,
2026-08-25T14:27:48+00:00,2026,1,games,401868163,2026,1,regular,2026-09-06T02:00:00.000Z,False,False,False,False,,716,Torero Stadium,301,San Diego,fcs,Pioneer,,,,,,302,UC Davis,fcs,Big Sky,,,,,,,,,
2026-08-25T14:27:48+00:00,2026,1,games,401858210,2026,1,regular,2026-09-06T02:30:00.000Z,False,False,False,False,,3831,California Memorial Stadium,25,California,fbs,ACC,,,,1406,,26,UCLA,fbs,Big Ten,,,,1381,,,,,
2026-08-25T14:27:48+00:00,2026,1,games,401864432,2026,1,regular,2026-09-06T02:30:00.000Z,False,False,False,False,,3816,Mackay Stadium,2440,Nevada,fbs,Mountain West,,,,1351,,98,Western Kentucky,fbs,Conference USA,,,,1438,,,,,
2026-08-25T14:27:48+00:00,2026,1,games,401868967,2026,1,regular,2026-09-06T16:00:00.000Z,False,False,False,True,,5238,Panther Stadium,2504,Prairie View A&M,fcs,SWAC,,,,,,2640,Texas Southern,fcs,SWAC,,,,,,,,Labor Day Classic,
2026-08-25T14:27:48+00:00,2026,1,games,401867939,2026,1,regular,2026-09-06T19:00:00.000Z,False,False,True,False,,3948,Hard Rock Stadium,50,Florida A&M,fcs,SWAC,,,,,,2569,South Carolina State,fcs,MEAC,,,,,,,,Orange Blossom Classic,
2026-08-25T14:27:48+00:00,2026,1,games,401858437,2026,1,regular,2026-09-06T20:00:00.000Z,False,False,False,False,,3765,Husky Stadium,264,Washington,fbs,Big Ten,,,,1744,,265,Washington State,fbs,Pac-12,,,,1619,,,,,
2026-08-25T14:27:48+00:00,2026,1,games,401858438,2026,1,regular,2026-09-06T23:30:00.000Z,False,False,True,False,,3798,Lambeau Field,87,Notre Dame,fbs,FBS Independents,,,,1995,,275,Wisconsin,fbs,Big Ten,,,,1501,,,,,
2026-08-25T14:27:48+00:00,2026,1,games,401856661,2026,1,regular,2026-09-06T23:30:00.000Z,False,False,True,False,,3810,Nissan Stadium,145,Ole Miss,fbs,SEC,,,,1839,,97,Louisville,fbs,ACC,,,,1666,,,,Liberty Mutual Music City Kickoff,
2026-08-25T14:27:48+00:00,2026,1,games,401858212,2026,1,regular,2026-09-07T23:30:00.000Z,False,False,False,True,,3697,Doak Campbell Stadium,52,Florida State,fbs,ACC,,,,,,2567,SMU,fbs,ACC,,,,1734,,,,,
2026-09-01T12:03:35+00:00,2026,2,games,401909126,2026,2,regular,2026-09-10T23:00:00.000Z,False,False,False,True,,5834,Deeds Field-Piper Stadium,2171,Denison,iii,North Coast,,,,,,391,Oberlin,iii,North Coast,,,,,,,,,
2026-09-01T12:03:35+00:00,2026,2,games,401907622,2026,2,regular,2026-09-10T23:00:00.000Z,False,False,False,False,,5784,Cebe Ross Field,455,West Virginia Wesleyan,ii,Mountain East,,,,,,2559,Shippensburg,ii,Pennsylvania State Athletic,,,,,,,,,
2026-09-01T12:03:35+00:00,2026,2,games,401906516,2026,2,regular,2026-09-10T23:00:00.000Z,False,False,False,True,,4763,Ranger Field,2823,Northwestern (OK),ii,Great American,,,,,,2033,Arkansas Tech,ii,Great American,,,,,,,,,
2026-09-01T12:03:35+00:00,2026,2,games,401906546,2026,2,regular,2026-09-11T00:00:00.000Z,False,False,False,True,,6073,Milam Stadium,2927,Southwestern Oklahoma State,ii,Great American,,,,,,2264,Harding,ii,Great American,,,,,,,,,
2026-09-01T12:03:35+00:00,2026,2,games,401858213,2026,2,regular,2026-09-11T00:00:00.000Z,False,False,False,False,,3948,Hard Rock Stadium,2390,Miami,fbs,ACC,,,,,,50,Florida A&M,fcs,SWAC,,,,,,,,,
2026-09-01T12:03:35+00:00,2026,2,games,401906527,2026,2,regular,2026-09-11T00:00:00.000Z,False,False,False,True,,5936,Koi Ishto Stadium,2191,East Central,ii,Great American,,,,,,2028,Arkansas Monticello,ii,Great American,,,,,,,,,
2026-09-01T12:03:35+00:00,2026,2,games,401858222,2026,2,regular,2026-09-11T23:00:00.000Z,False,False,False,False,,3670,Carter-Finley Stadium,152,NC State,fbs,ACC,,,,1509,,257,Richmond,fcs,Patriot,,,,,,,,,
2026-09-01T12:03:35+00:00,2026,2,games,401908202,2026,2,regular,2026-09-11T23:00:00.000Z,False,False,False,True,,5907,McCarthy Stadium (Wilkes Barre),247,King's,iii,Mid Atlantic,,,,,,471,Stevenson,iii,Mid Atlantic,,,,,,,,,
2026-09-01T12:03:35+00:00,2026,2,games,401906200,2026,2,regular,2026-09-11T23:00:00.000Z,False,False,False,False,,6061,Younts Stadium,2822,North Greenville,ii,Carolinas,,,,,,2128,Charleston (WV),ii,Mountain East,,,,,,,,,
2026-09-01T12:03:35+00:00,2026,2,games,401908691,2026,2,regular,2026-09-11T23:00:00.000Z,False,False,False,False,,6113,Leckonby Stadium,2779,St. Lawrence,iii,Liberty League,,,,,,374,St. John Fisher,iii,Empire 8,,,,,,,,,
2026-09-01T12:03:35+00:00,2026,2,games,401858215,2026,2,regular,2026-09-11T23:00:00.000Z,False,False,False,False,,3873,L&N Federal Credit Union Stadium,97,Louisville,fbs,ACC,,,,,,222,Villanova,fcs,Patriot,,,,,,,,,
2026-09-01T12:03:35+00:00,2026,2,games,401858220,2026,2,regular,2026-09-11T23:00:00.000Z,False,False,False,False,,3923,Scott Stadium,258,Virginia,fbs,ACC,,,,1652,,2450,Norfolk State,fcs,MEAC,,,,,,,,,
2026-09-01T12:03:35+00:00,2026,2,games,401858214,2026,2,regular,2026-09-11T23:30:00.000Z,False,False,False,False,,3615,"Alumni Stadium (Chestnut Hill, MA)",103,Boston College,fbs,ACC,,,,,,164,Rutgers,fbs,Big Ten,,,,,,,,,
2026-09-01T12:03:35+00:00,2026,2,games,401856678,2026,2,regular,2026-09-12T00:00:00.000Z,False,False,False,False,,3833,Memorial Stadium,2305,Kansas,fbs,Big 12,,,,,,142,Missouri,fbs,SEC,,,,,,,,,
2026-09-01T12:03:35+00:00,2026,2,games,401908207,2026,2,regular,2026-09-12T16:00:00.000Z,False,False,False,False,,5793,Macholtz Stadium,2023,Anderson (IN),iii,Heartland,,,,,,417,Gallaudet,iii,Southern Collegiate Athletic,,,,,,,,,
2026-09-01T12:03:35+00:00,2026,2,games,401907851,2026,2,regular,2026-09-12T16:00:00.000Z,False,False,False,False,,5786,Sprankle-Sprandel Stadium,2790,Albion,iii,Michigan,,,,,,396,Wheaton (IL),iii,CCIW,,,,,,,,,
2026-09-01T12:03:35+00:00,2026,2,games,401908019,2026,2,regular,2026-09-12T16:00:00.000Z,False,False,False,False,,5790,Bahlke Field,2800,Alma,iii,Michigan,,,,,,271,Wisconsin Oshkosh,iii,Wisconsin,,,,,,,,,
2026-09-01T12:03:35+00:00,2026,2,games,401858439,2026,2,regular,2026-09-12T16:00:00.000Z,False,False,False,False,,3830,"Memorial Stadium (Bloomington, IN)",84,Indiana,fbs,Big Ten,,,,,,47,Howard,fcs,MEAC,,,,,,,,,
2026-09-01T12:03:35+00:00,2026,2,games,401866628,2026,2,regular,2026-09-12T16:00:00.000Z,False,False,False,True,,11488,Centreville Bank Stadium,227,Rhode Island,fcs,Coastal Athletic,,,,,,2210,Elon,fcs,Coastal Athletic,,,,,,,,,
2026-09-01T12:03:35+00:00,2026,2,games,401858224,2026,2,regular,2026-09-12T16:00:00.000Z,False,False,False,False,,3907,Ross-Ade Stadium,2509,Purdue,fbs,Big Ten,,,,,,154,Wake Forest,fbs,ACC,,,,,,,,,
2026-09-01T12:03:35+00:00,2026,2,games,401862702,2026,2,regular,2026-09-12T16:00:00.000Z,False,False,False,True,,3841,Michie Stadium,349,Army,fbs,American Athletic,,,,1527,,58,South Florida,fbs,American Athletic,,,,,,,,,
2026-09-01T12:03:35+00:00,2026,2,games,401856679,2026,2,regular,2026-09-12T16:00:00.000Z,False,False,False,False,,3558,Michigan Stadium,130,Michigan,fbs,Big Ten,,,,,,201,Oklahoma,fbs,SEC,,,,,,,,,
2026-09-01T12:03:35+00:00,2026,2,games,401908579,2026,2,regular,2026-09-12T16:00:00.000Z,False,False,False,True,,6144,"Alumni Field (Westfield, MA)",2909,Westfield State,iii,MSCAC,,,,,,18,Bridgewater State,iii,MSCAC,,,,,,,,,
2026-09-01T12:03:35+00:00,2026,2,games,401858218,2026,2,regular,2026-09-12T16:00:00.000Z,False,False,False,False,,3787,Kenan Stadium,153,North Carolina,fbs,ACC,,,,1395,,2193,East Tennessee State,fcs,Southern,,,,,,,,,
2026-09-01T12:03:35+00:00,2026,2,games,401908569,2026,2,regular,2026-09-12T16:00:00.000Z,False,False,False,True,,5845,Elliot Field Athletic Complex,114,Fitchburg State,iii,MSCAC,,,,,,379,UMass Dartmouth,iii,MSCAC,,,,,,,,,
2026-09-01T12:03:35+00:00,2026,2,games,401856782,2026,2,regular,2026-09-12T16:00:00.000Z,False,False,False,False,,3646,Boone Pickens Stadium,197,Oklahoma State,fbs,Big 12,,,,,,2483,Oregon,fbs,Big Ten,,,,,,,,,
2026-09-01T12:03:35+00:00,2026,2,games,401858442,2026,2,regular,2026-09-12T16:00:00.000Z,False,False,False,False,,3806,Lincoln Financial Field,218,Temple,fbs,American Athletic,,,,,,213,Penn State,fbs,Big Ten,,,,,,,,,
2026-09-01T12:03:35+00:00,2026,2,games,401907559,2026,2,regular,2026-09-12T16:00:00.000Z,False,False,False,False,,6066,Pace Stadium,2487,Pace,ii,Northeast 10,,,,,,134001,Monroe,,,,,,,,,,,
2026-09-01T12:03:35+00:00,2026,2,games,401856683,2026,2,regular,2026-09-12T16:00:00.000Z,False,False,False,False,,3795,Kyle Field,245,Texas A&M,fbs,SEC,,,,,,9,Arizona State,fbs,Big 12,,,,,,,,,
2026-09-01T12:03:35+00:00,2026,2,games,401908676,2026,2,regular,2026-09-12T16:00:00.000Z,False,False,False,True,,6099,Selby Stadium,2980,Ohio Wesleyan,iii,North Coast,,,,,,2302,John Carroll,iii,Ohio,,,,,,,,,
2026-09-01T12:03:35+00:00,2026,2,games,401907485,2026,2,regular,2026-09-12T16:00:00.000Z,False,False,False,False,,3642,Bobcat Stadium (MD),341,Frostburg State,ii,Mountain East,,,,,,2038,Assumption,ii,Northeast 10,,,,,,,,,
2026-09-01T12:03:35+00:00,2026,2,games,401908699,2026,2,regular,2026-09-12T16:00:00.000Z,False,False,False,False,,6086,Rocco Calvo Field,323,Moravian,iii,Landmark Conference,,,,,,2827,Rowan,iii,New Jersey,,,,,,,,,
2026-09-01T12:03:35+00:00,2026,2,games,401856781,2026,2,regular,2026-09-12T16:00:00.000Z,False,False,False,False,,3636,Bill Snyder Family Stadium,2306,Kansas State,fbs,Big 12,,,,,,265,Washington State,fbs,Pac-12,,,,1619,,,,,
2026-09-01T12:03:35+00:00,2026,2,games,401906861,2026,2,regular,2026-09-12T16:00:00.000Z,False,False,False,False,,3698,Donnell Stadium,2224,Findlay,ii,Great Midwest Athletic,,,,,,2986,Fairmont State,ii,Mountain East,,,,,,,,,
2026-09-01T12:03:35+00:00,2026,2,games,401858221,2026,2,regular,2026-09-12T16:00:00.000Z,False,False,False,False,,3799,Lane Stadium,259,Virginia Tech,fbs,ACC,,,,,,295,Old Dominion,fbs,Sun Belt,,,,1336,,,,,
2026-09-01T12:03:35+00:00,2026,2,games,401864571,2026,2,regular,2026-09-12T16:00:00.000Z,False,False,False,False,,3699,Dowdy-Ficklen Stadium,151,East Carolina,fbs,American Athletic,,,,,,2026,App State,fbs,Sun Belt,,,,,,,,,
2026-09-01T12:03:35+00:00,2026,2,games,401908163,2026,2,regular,2026-09-12T16:00:00.000Z,False,False,False,True,,5842,Robert T. Shields Field,2221,FDU Florham,iii,Mid Atlantic,,,,,,2015,Albright,iii,Mid Atlantic,,,,,,,,,
2026-09-01T12:03:35+00:00,2026,2,games,401908077,2026,2,regular,2026-09-12T16:00:00.000Z,False,False,False,False,,12023,Stallings Field,286,North Carolina Wesleyan,iii,USA South,,,,,,3111,Apprentice School,iii,Independent DIII,,,,,,,,,
2026-09-01T12:03:35+00:00,2026,2,games,401907014,2026,2,regular,2026-09-12T16:00:00.000Z,False,False,False,False,,5934,Farmers Insurance Athletic Complex,110254,Davenport,ii,GLIAC,,,,,,2292,Indianapolis,ii,Great Lakes,,,,,,,,,
2026-09-01T12:03:35+00:00,2026,2,games,401908558,2026,2,regular,2026-09-12T16:00:00.000Z,False,False,False,False,,5926,Henry G. Steinbrenner '27 Stadium,109,MIT,iii,NEWMAC,,,,,,131108,New England College,,,,,,,,,,,
2026-09-01T12:03:35+00:00,2026,2,games,401906845,2026,2,regular,2026-09-12T16:00:00.000Z,False,False,False,False,,3729,"Frank ""Muddy"" Waters Stadium",2273,Hillsdale,ii,Great Midwest Athletic,,,,,,131,Wayne State (MI),ii,GLIAC,,,,,,,,,
2026-09-01T12:03:35+00:00,2026,2,games,401906676,2026,2,regular,2026-09-12T16:00:00.000Z,False,False,False,False,,3747,Hantz Stadium,2886,Northwood,ii,Great Midwest Athletic,,,,,,129,Saginaw Valley State,ii,GLIAC,,,,,,,,,
2026-09-01T12:03:35+00:00,2026,2,games,401908092,2026,2,regular,2026-09-12T16:00:00.000Z,False,False,False,False,,6107,ECAV Stadium,2528,Rensselaer,iii,Liberty League,,,,,,390,Utica,iii,Empire 8,,,,,,,,,
2026-09-01T12:03:35+00:00,2026,2,games,401908538,2026,2,regular,2026-09-12T16:00:00.000Z,False,False,False,False,,5997,Brooks Stadium (NY),2383,Merchant Marine,iii,NEWMAC,,,,,,2884,Nichols,iii,Commonwealth Coast,,,,,,,,,
2026-09-01T12:03:35+00:00,2026,2,games,401907553,2026,2,regular,2026-09-12T16:00:00.000Z,False,False,False,True,,5133,Ram Stadium (WV),2974,Shepherd,ii,Pennsylvania State Athletic,,,,,,367,Gannon,ii,Pennsylvania State Athletic,,,,,,,,,
2026-09-01T12:03:35+00:00,2026,2,games,401907527,2026,2,regular,2026-09-12T16:00:00.000Z,False,False,False,True,,4432,Andre Reed Stadium,2315,Kutztown,ii,Pennsylvania State Athletic,,,,,,2134,Clarion,ii,Pennsylvania State Athletic,,,,,,,,,
2026-09-01T12:03:35+00:00,2026,2,games,401908365,2026,2,regular,2026-09-12T16:00:00.000Z,False,False,False,False,,6089,Scotty Wood Stadium,2422,Muhlenberg,iii,Centennial,,,,,,452,Endicott,iii,Commonwealth Coast,,,,,,,,,
2026-09-01T12:03:35+00:00,2026,2,games,401907517,2026,2,regular,2026-09-12T16:00:00.000Z,False,False,False,True,,4431,Chryst Field at Biemesderfer Stadium,210,Millersville,ii,Pennsylvania State Athletic,,,,,,2858,California (PA),ii,Pennsylvania State Athletic,,,,,,,,,
2026-09-01T12:03:35+00:00,2026,2,games,401908586,2026,2,regular,2026-09-12T16:00:00.000Z,False,False,False,True,,5940,Clean Harbors Stadium,110,Mass Maritime,iii,MSCAC,,,,,,110438,Dean,iii,MSCAC,,,,,,,,,
2026-09-01T12:03:35+00:00,2026,2,games,401908925,2026,2,regular,2026-09-12T16:00:00.000Z,False,False,False,False,,6095,Sabine Field at Haynes Family Stadium,2467,Norwich,iii,NEWMAC,,,,,,293,Vermont State Castleton,iii,New Jersey,,,,,,,,,
2026-09-01T12:03:35+00:00,2026,2,games,401908368,2026,2,regular,2026-09-12T16:00:00.000Z,False,False,False,False,,6140,John F. Wiley Stadium,2845,Waynesburg,iii,Presidents',,,,,,2667,Ursinus,iii,Centennial,,,,,,,,,
2026-09-01T12:03:35+00:00,2026,2,games,401908531,2026,2,regular,2026-09-12T16:00:00.000Z,False,False,False,False,,5899,"Alumni Stadium (Worcester, MA)",2749,WPI,iii,NEWMAC,,,,,,111675,New England,iii,Commonwealth Coast,,,,,,,,,
2026-09-01T12:03:35+00:00,2026,2,games,401908577,2026,2,regular,2026-09-12T16:00:00.000Z,False,False,False,False,,3995,Dr. John W. Winkin Sports Complex,2280,Husson,iii,Commonwealth Coast,,,,,,81,Springfield,iii,NEWMAC,,,,,,,,,
2026-09-01T12:03:35+00:00,2026,2,games,401908476,2026,2,regular,2026-09-12T16:00:00.000Z,False,False,False,False,,5830,Walter M. Katz Field,40,Curry,iii,Commonwealth Coast,,,,,,2557,Coast Guard,iii,NEWMAC,,,,,,,,,
2026-09-01T12:03:35+00:00,2026,2,games,401907967,2026,2,regular,2026-09-12T16:00:00.000Z,False,False,False,False,,5636,Wright Stadium,173,Hartwick,iii,Empire 8,,,,,,2085,Buffalo State,iii,Liberty League,,,,,,,,,
2026-09-01T12:03:35+00:00,2026,2,games,401907880,2026,2,regular,2026-09-12T16:00:00.000Z,False,False,False,False,,6134,Frank Bailey Field,237,Union,iii,Liberty League,,,,,,2782,SUNY Cortland,iii,Empire 8,,,,,,,,,
2026-09-01T12:03:35+00:00,2026,2,games,401907746,2026,2,regular,2026-09-12T16:00:00.000Z,False,False,False,False,,3717,Edwin Fauver Stadium,184,Rochester (NY),iii,Liberty League,,,,,,3110,SUNY Morrisville,iii,Empire 8,,,,,,,,,
2026-09-01T12:03:35+00:00,2026,2,games,401870822,2026,2,regular,2026-09-12T16:00:00.000Z,False,False,False,False,,3897,Richardson Stadium,2166,Davidson,fcs,Pioneer,,,,,,2175,Dickinson,iii,Centennial,,,,,,,,,
2026-09-01T12:03:35+00:00,2026,2,games,401866416,2026,2,regular,2026-09-12T16:00:00.000Z,False,False,False,False,,3696,Dix Stadium,2309,Kent State,fbs,Mid-American,,,,,,2747,Wofford,fcs,Southern,,,,,,,,,
2026-09-01T12:03:35+00:00,2026,2,games,401907656,2026,2,regular,2026-09-12T16:00:00.000Z,False,False,False,False,,6202,Cardinal Stadium (DC),2108,Catholic,iii,Landmark Conference,,,,,,2102,Carnegie Mellon,iii,Presidents',,,,,,,,,
2026-09-01T12:03:35+00:00,2026,2,games,401868227,2026,2,regular,2026-09-12T16:00:00.000Z,False,False,False,False,,3988,Welcome Stadium,2168,Dayton,fcs,Pioneer,,,,,,2646,Thomas More,ii,Great Midwest Athletic,,,,,,,,,
2026-09-01T12:03:35+00:00,2026,2,games,401868028,2026,2,regular,2026-09-12T16:30:00.000Z,False,False,False,False,,3721,Fisher Field,322,Lafayette,fcs,Patriot,,,,,,2368,Marist,fcs,Pioneer,,,,,,,,,
2026-09-01T12:03:35+00:00,2026,2,games,401856673,2026,2,regular,2026-09-12T16:45:00.000Z,False,False,False,False,,3917,Sanford Stadium,61,Georgia,fbs,SEC,,,,,,98,Western Kentucky,fbs,Conference USA,,,,,,,,,
2026-09-01T12:03:35+00:00,2026,2,games,401906194,2026,2,regular,2026-09-12T17:00:00.000Z,False,False,False,True,,4015,Barron Stadium,2560,Shorter,ii,Carolinas,,,,,,2882,UNC Pembroke,ii,Carolinas,,,,,,,,,
2026-09-01T12:03:35+00:00,2026,2,games,401866415,2026,2,regular,2026-09-12T17:00:00.000Z,False,False,False,False,,3786,Kelly/Shorts Stadium,2117,Central Michigan,fbs,Mid-American,,,,,,2142,Colgate,fcs,Patriot,,,,,,,,,
2026-09-01T12:03:35+00:00,2026,2,games,401908377,2026,2,regular,2026-09-12T17:00:00.000Z,False,False,False,False,,5807,Brevard Memorial Stadium,2913,Brevard,iii,USA South,,,,,,2553,Sewanee,iii,Southern Athletic,,,,,,,,,
2026-09-01T12:03:35+00:00,2026,2,games,401866417,2026,2,regular,2026-09-12T17:00:00.000Z,False,False,False,False,,3996,Yager Stadium,193,Miami (OH),fbs,Mid-American,,,,1364,,107,Holy Cross,fcs,Patriot,,,,,,,,,
2026-09-01T12:03:35+00:00,2026,2,games,401907978,2026,2,regular,2026-09-12T17:00:00.000Z,False,False,False,False,,3755,Ray and Sue Smith Stadium,2812,Hope,iii,Michigan,,,,,,2743,Wisconsin Stevens Point,iii,Wisconsin,,,,,,,,,
2026-09-01T12:03:35+00:00,2026,2,games,401908354,2026,2,regular,2026-09-12T17:00:00.000Z,False,False,False,False,,6105,Day Field,2516,Randolph Macon,iii,Old Dominion,,,,,,118,Johns Hopkins,iii,Centennial,,,,,,,,,
2026-09-01T12:03:35+00:00,2026,2,games,401908339,2026,2,regular,2026-09-12T17:00:00.000Z,False,False,False,False,,6146,Memorial Field (PA),2849,Westminster (PA),iii,Presidents',,,,,,2234,Franklin & Marshall,iii,Centennial,,,,,,,,,
2026-09-01T12:03:35+00:00,2026,2,games,401908172,2026,2,regular,2026-09-12T17:00:00.000Z,False,False,False,True,,4855,Leslie C. Quick Jr. Stadium,2725,Widener,iii,Mid Atlantic,,,,,,111674,Alvernia,iii,Mid Atlantic,,,,,,,,,
2026-09-01T12:03:35+00:00,2026,2,games,401906147,2026,2,regular,2026-09-12T17:00:00.000Z,False,False,False,False,,5220,Garrison Stadium,2804,Chowan,ii,Carolinas,,,,,,2676,Virginia Union,ii,CIAA,,,,,,,,,
2026-09-01T12:03:35+00:00,2026,2,games,401907404,2026,2,regular,2026-09-12T17:00:00.000Z,False,False,False,True,,6046,Meares Stadium,2369,Mars Hill,ii,South Atlantic,,,,,,2107,Catawba,ii,South Atlantic,,,,,,,,,
2026-09-01T12:03:35+00:00,2026,2,games,401867685,2026,2,regular,2026-09-12T17:00:00.000Z,False,False,False,False,,3453,SeatGeek Stadium,2130,Chicago State,fcs,FCS Independents,,,,,,3077,Kentucky Christian,,,,,,,,,,,
2026-09-01T12:03:35+00:00,2026,2,games,401908258,2026,2,regular,2026-09-12T17:00:00.000Z,False,False,False,False,,5855,Charles A. Henry Field,2274,Hiram,iii,Presidents',,,,,,2362,Manchester,iii,Heartland,,,,,,,,,
2026-09-01T12:03:35+00:00,2026,2,games,401908102,2026,2,regular,2026-09-12T17:00:00.000Z,False,False,False,False,,5932,Lloyd L. Thornton Stadium,2373,Maryville (TN),iii,USA South,,,,,,2262,Hanover,iii,Heartland,,,,,,,,,
2026-09-01T12:03:35+00:00,2026,2,games,401908787,2026,2,regular,2026-09-12T17:00:00.000Z,False,False,False,False,,5896,Lewis C. Everett Stadium,297,Hampden Sydney,iii,Old Dominion,,,,,,2919,Monmouth (IL),iii,Midwest,,,,,,,,,
2026-09-01T12:03:35+00:00,2026,2,games,401907413,2026,2,regular,2026-09-12T17:00:00.000Z,False,False,False,True,,3663,Burke-Tarr Stadium,2105,Carson Newman,ii,South Atlantic,,,,,,351,Wingate,ii,South Atlantic,,,,,,,,,
2026-09-01T12:03:35+00:00,2026,2,games,401907704,2026,2,regular,2026-09-12T17:00:00.000Z,False,False,False,True,,5933,Sea Foam Stadium,3066,Concordia St. Paul,ii,Northern Sun,,,,,,559,University of Mary,ii,Northern Sun,,,,,,,,,
2026-09-01T12:03:35+00:00,2026,2,games,401907872,2026,2,regular,2026-09-12T17:00:00.000Z,False,False,False,False,,5856,Boswell Field at David J. Urick Stadium,174,Hobart,iii,Liberty League,,,,,,2781,Brockport,iii,Empire 8,,,,,,,,,
2026-09-01T12:03:35+00:00,2026,2,games,401907848,2026,2,regular,2026-09-12T17:00:00.000Z,False,False,False,False,,6100,Cutler Field,354,Olivet,iii,Michigan,,,,,,75,North Park,iii,CCIW,,,,,,,,,
2026-09-01T12:03:35+00:00,2026,2,games,401907759,2026,2,regular,2026-09-12T17:00:00.000Z,False,False,False,False,,5919,Ron Roberts Field at the Banta Bowl,268,Lawrence,iii,Midwest,,,,,,63,Buena Vista,iii,American Rivers,,,,,,,,,
2026-09-01T12:03:35+00:00,2026,2,games,401906590,2026,2,regular,2026-09-12T17:00:00.000Z,False,False,False,False,,6077,Stokes Stadium,2654,Truman State,ii,Great Lakes,,,,,,196,Northeastern State,ii,Independent DII,,,,,,,,,
2026-09-01T12:03:35+00:00,2026,2,games,401908638,2026,2,regular,2026-09-12T17:00:00.000Z,False,False,False,False,,5789,Frank B. Fuhrer Field,2018,Allegheny,iii,Presidents',,,,,,246,Juniata,iii,Landmark Conference,,,,,,,,,
2026-09-01T12:03:35+00:00,2026,2,games,401909137,2026,2,regular,2026-09-12T17:00:00.000Z,False,False,False,True,,5906,McBride Field,352,Kenyon,iii,North Coast,,,,,,2748,Wooster,iii,North Coast,,,,,,,,,
2026-09-01T12:03:35+00:00,2026,2,games,401908518,2026,2,regular,2026-09-12T17:00:00.000Z,False,False,False,False,,6143,Golden Bear Stadium,2702,Western New England,iii,Commonwealth Coast,,,,,,2776,Salve Regina,iii,NEWMAC,,,,,,,,,
2026-09-01T12:03:35+00:00,2026,2,games,401908966,2026,2,regular,2026-09-12T17:00:00.000Z,False,False,False,True,,5123,Little Giant Stadium,89,Wabash,iii,North Coast,,,,,,2746,Wittenberg,iii,North Coast,,,,,,,,,
2026-09-01T12:03:35+00:00,2026,2,games,401908651,2026,2,regular,2026-09-12T17:00:00.000Z,False,False,False,False,,6128,Alumni Stadium (PA),2644,Thiel,iii,Presidents',,,,,,2003,Adrian,iii,Michigan,,,,,,,,,
2026-09-01T12:03:35+00:00,2026,2,games,401856791,2026,2,regular,2026-09-12T17:00:00.000Z,False,False,False,False,,3842,Milan Puskar Stadium,277,West Virginia,fbs,Big 12,,,,,,2630,UT Martin,fcs,OVC,,,,,,,,,
2026-09-01T12:03:35+00:00,2026,2,games,401908645,2026,2,regular,2026-09-12T17:00:00.000Z,False,False,False,False,,5925,David Person Field,2354,Lycoming,iii,Landmark Conference,,,,,,2818,Montclair State,iii,New Jersey,,,,,,,,,
2026-09-01T12:03:35+00:00,2026,2,games,401908712,2026,2,regular,2026-09-12T17:00:00.000Z,False,False,False,False,,3920,Schmidt Stadium,398,Wilkes,iii,Landmark Conference,,,,,,2442,The College of New Jersey,iii,New Jersey,,,,,,,,,
2026-09-01T12:03:35+00:00,2026,2,games,401907625,2026,2,regular,2026-09-12T17:00:00.000Z,False,False,False,True,,11955,PENFED Field at Scranton Memorial Stadium,132714,Lackawanna,,,,,,,,611,Seton Hill,ii,Pennsylvania State Athletic,,,,,,,,,
2026-09-01T12:03:35+00:00,2026,2,games,401907578,2026,2,regular,2026-09-12T17:00:00.000Z,False,False,False,False,,7422,Municipal Stadium,126086,Post,ii,Northeast 10,,,,,,2699,West Liberty,ii,Mountain East,,,,,,,,,
2026-09-01T12:03:35+00:00,2026,2,games,401906950,2026,2,regular,2026-09-12T17:00:00.000Z,False,False,False,True,,6056,B.T. Harvey Stadium,60,Morehouse,ii,SIAC,,,,,,2119,Central State,ii,SIAC,,,,,,,,,
2026-09-01T12:03:35+00:00,2026,2,games,401908610,2026,2,regular,2026-09-12T17:00:00.000Z,False,False,False,False,,6142,Westside Athletic Complex,2843,Western Connecticut State,iii,Landmark Conference,,,,,,3112,Christopher Newport,iii,New Jersey,,,,,,,,,
2026-09-01T12:03:35+00:00,2026,2,games,401907421,2026,2,regular,2026-09-12T17:00:00.000Z,False,False,False,True,,5840,Fred Selfe Stadium at Nicewonder Field,2213,Emory & Henry,ii,South Atlantic,,,,,,2839,Tusculum,ii,South Atlantic,,,,,,,,,
2026-09-01T12:03:35+00:00,2026,2,games,401873229,2026,2,regular,2026-09-12T17:00:00.000Z,False,False,False,False,,6104,Baker Stadium,2508,Puget Sound,iii,Northwest,,,,,,134423,Lewis-Clark Valley College,,,,,,,,,,,
2026-09-01T12:03:35+00:00,2026,2,games,401908190,2026,2,regular,2026-09-12T17:00:00.000Z,False,False,False,True,,7513,O'Hara Field,127954,Eastern,iii,Mid Atlantic,,,,,,2969,Misericordia,iii,Mid Atlantic,,,,,,,,,
2026-09-01T12:03:35+00:00,2026,2,games,401908182,2026,2,regular,2026-09-12T17:00:00.000Z,False,False,False,True,,3621,Arnold Field (PA),388,Lebanon Valley,iii,Mid Atlantic,,,,,,2808,Delaware Valley,iii,Mid Atlantic,,,,,,,,,
2026-09-01T12:03:35+00:00,2026,2,games,401908360,2026,2,regular,2026-09-12T17:00:00.000Z,False,False,False,False,,6114,Sea Gull Stadium,2532,Salisbury,iii,New Jersey,,,,,,2700,McDaniel,iii,Centennial,,,,,,,,,
2026-09-01T12:03:35+00:00,2026,2,games,401906598,2026,2,regular,2026-09-12T17:00:00.000Z,False,False,False,False,,3957,Tiger Stadium (AL),2695,West Alabama,ii,Gulf South,,,,,,90,Pittsburg State,ii,Mid America,,,,,,,,,
2026-09-01T12:03:35+00:00,2026,2,games,401906611,2026,2,regular,2026-09-12T17:00:00.000Z,False,False,False,False,,6139,Cameron Stadium,2686,Washington & Jefferson,iii,Presidents',,,,,,122774,Keystone,iii,Independent DIII,,,,,,,,,
2026-09-01T12:03:35+00:00,2026,2,games,401873404,2026,2,regular,2026-09-12T17:00:00.000Z,False,False,False,False,,5905,Kean Alumni Stadium,2871,Kean,iii,New Jersey,,,,,,2951,SUNY Maritime,iii,NEWMAC,,,,,,,,,
2026-09-01T12:03:35+00:00,2026,2,games,401908273,2026,2,regular,2026-09-12T17:00:00.000Z,False,False,False,False,,5904,Angell Field,126,Kalamazoo,iii,Michigan,,,,,,86,Rose Hulman,iii,Heartland,,,,,,,,,
2026-09-01T12:03:35+00:00,2026,2,games,401908492,2026,2,regular,2026-09-12T17:30:00.000Z,False,False,False,False,,5801,George Finnie Stadium,188,Baldwin Wallace,iii,Ohio,,,,,,2062,Bethany (WV),iii,Presidents',,,,,,,,,
2026-09-01T12:03:35+00:00,2026,2,games,401908836,2026,2,regular,2026-09-12T17:30:00.000Z,False,False,False,False,,4856,Mount Union Stadium,426,Mount Union,iii,Ohio,,,,,,146,Grove City,iii,Presidents',,,,,,,,,
2026-09-01T12:03:35+00:00,2026,2,games,401867990,2026,2,regular,2026-09-12T17:30:00.000Z,False,False,False,False,,3597,Alumni Memorial Field,2678,VMI,fcs,Southern,,,,,,2083,Bucknell,fcs,Patriot,,,,,,,,,
2026-09-01T12:03:35+00:00,2026,2,games,401908663,2026,2,regular,2026-09-12T17:30:00.000Z,False,False,False,True,,5812,Bernlohr Stadium,424,Capital,iii,Ohio,,,,,,2733,Wilmington (OH),iii,Ohio,,,,,,,,,
2026-09-01T12:03:35+00:00,2026,2,games,401906169,2026,2,regular,2026-09-12T18:00:00.000Z,False,False,False,False,,7075,Electric Supply Company Field,122666,Barton,ii,Carolinas,,,,,,495,BLUEFIELD,,,,,,,,,,,
2026-09-01T12:03:35+00:00,2026,2,games,401907728,2026,2,regular,2026-09-12T18:00:00.000Z,False,False,False,True,,6035,"Memorial Stadium (Wayne, NE)",2844,Wayne State (NE),ii,Northern Sun,,,,,,134,Minnesota Duluth,ii,Northern Sun,,,,,,,,,
2026-09-01T12:03:35+00:00,2026,2,games,401907685,2026,2,regular,2026-09-12T18:00:00.000Z,False,False,False,True,,5872,Kirkeby-Over Stadium,2043,Augustana (SD),ii,Northern Sun,,,,,,568,Minot State,ii,Northern Sun,,,,,,,,,
2026-09-01T12:03:35+00:00,2026,2,games,401907678,2026,2,regular,2026-09-12T18:00:00.000Z,False,False,False,True,,6070,Bob Young Field,2894,Sioux Falls,ii,Northern Sun,,,,,,2817,Minnesota St Moorhead,ii,Northern Sun,,,,,,,,,
2026-09-01T12:03:35+00:00,2026,2,games,401907274,2026,2,regular,2026-09-12T18:00:00.000Z,False,False,False,True,,6033,Carl Smith Stadium,2842,UVA Wise,ii,South Atlantic,,,,,,129469,Anderson (SC),ii,South Atlantic,,,,,,,,,
2026-09-01T12:03:35+00:00,2026,2,games,401868033,2026,2,regular,2026-09-12T18:00:00.000Z,False,False,False,True,,3741,Goodman Stadium,2329,Lehigh,fcs,Patriot,,,,,,2729,William & Mary,fcs,Patriot,,,,,,,,,
2026-09-01T12:03:35+00:00,2026,2,games,401907839,2026,2,regular,2026-09-12T18:00:00.000Z,False,False,False,False,,6080,Frank M. Lindsay Field,74,Millikin,iii,CCIW,,,,,,67,Luther,iii,Midwest,,,,,,,,,
2026-09-01T12:03:35+00:00,2026,2,games,401908703,2026,2,regular,2026-09-12T18:00:00.000Z,False,False,False,False,,5800,Jopson Athletic Complex,2079,Bridgewater,iii,Old Dominion,,,,,,216,Susquehanna,iii,Landmark Conference,,,,,,,,,
2026-09-01T12:03:35+00:00,2026,2,games,401906167,2026,2,regular,2026-09-12T18:00:00.000Z,False,False,False,False,,6068,George Williams Athletic Complex,2551,Shaw,ii,CIAA,,,,,,366,Ferrum,ii,Carolinas,,,,,,,,,
2026-09-01T12:03:35+00:00,2026,2,games,401907692,2026,2,regular,2026-09-12T18:00:00.000Z,False,False,False,True,,5780,Altra Federal Credit Union Stadium,2851,Winona State,ii,Northern Sun,,,,,,2939,Jamestown,ii,Northern Sun,,,,,,,,,
2026-09-01T12:03:35+00:00,2026,2,games,401907494,2026,2,regular,2026-09-12T18:00:00.000Z,False,False,False,True,,4435,Robert B. Redman Stadium,2071,Bloomsburg,ii,Pennsylvania State Athletic,,,,,,2205,Edinboro,ii,Pennsylvania State Athletic,,,,,,,,,
2026-09-01T12:03:35+00:00,2026,2,games,401908500,2026,2,regular,2026-09-12T18:00:00.000Z,False,False,False,False,,5853,Francis Field (IL),2257,Greenville,iii,Upper Midwest,,,,,,6353,Lakeland,iii,NACC,,,,,,,,,
2026-09-01T12:03:35+00:00,2026,2,games,401908009,2026,2,regular,2026-09-12T18:00:00.000Z,False,False,False,False,,5911,Ralph E. Davis Pioneer Stadium,272,Wisconsin Platteville,iii,Wisconsin,,,,,,49,Dubuque,iii,American Rivers,,,,,,,,,
2026-09-01T12:03:35+00:00,2026,2,games,401908040,2026,2,regular,2026-09-12T18:00:00.000Z,False,False,False,False,,5914,Veterans Memorial Stadium (WI),2740,Wisconsin La Crosse,iii,Wisconsin,,,,,,2810,Hardin Simmons,iii,American Southwest,,,,,,,,,
2026-09-01T12:03:35+00:00,2026,2,games,401907780,2026,2,regular,2026-09-12T18:00:00.000Z,False,False,False,False,,5900,Don and Nona Williams Stadium,2744,Wisconsin Stout,iii,Wisconsin,,,,,,2042,Augustana (IL),iii,CCIW,,,,,,,,,
2026-09-01T12:03:35+00:00,2026,2,games,401873394,2026,2,regular,2026-09-12T18:00:00.000Z,False,False,False,False,,6110,Sam Greeley Field,2524,Rockford,iii,NACC,,,,,,72,Elmhurst,iii,CCIW,,,,,,,,,
2026-09-01T12:03:35+00:00,2026,2,games,401907844,2026,2,regular,2026-09-12T18:00:00.000Z,False,False,False,False,,6137,Walston-Hoover Stadium,2685,Wartburg,iii,American Rivers,,,,,,3071,North Central College,iii,CCIW,,,,,,,,,
2026-09-01T12:03:35+00:00,2026,2,games,401908739,2026,2,regular,2026-09-12T18:00:00.000Z,False,False,False,False,,10463,Grand Rapids Christian High School,129738,Calvin,iii,Michigan,,,,,,2832,St. Norbert,iii,NACC,,,,,,,,,
2026-09-01T12:03:35+00:00,2026,2,games,401908724,2026,2,regular,2026-09-12T18:00:00.000Z,False,False,False,True,,5828,Van Metre Field at Ash Park,2155,Cornell (IA),iii,Midwest,,,,,,266,Beloit,iii,Midwest,,,,,,,,,
2026-09-01T12:03:35+00:00,2026,2,games,401908772,2026,2,regular,2026-09-12T18:00:00.000Z,False,False,False,False,,5826,Concordia Stadium,2151,Concordia Chicago,iii,NACC,,,,,,65,Grinnell,iii,Midwest,,,,,,,,,
2026-09-01T12:03:35+00:00,2026,2,games,401908782,2026,2,regular,2026-09-12T18:00:00.000Z,False,False,False,True,,5908,Harley Knosher Bowl,255,Knox,iii,Midwest,,,,,,262,Lake Forest,iii,Midwest,,,,,,,,,
2026-09-01T12:03:35+00:00,2026,2,games,401867895,2026,2,regular,2026-09-12T18:00:00.000Z,False,False,False,False,,844,Stambaugh Stadium,2754,Youngstown State,fcs,MVFC,,,,,,2184,Duquesne,fcs,NEC,,,,,,,,,
2026-09-01T12:03:35+00:00,2026,2,games,401907833,2026,2,regular,2026-09-12T18:00:00.000Z,False,False,False,False,,5859,Tucci Stadium,306,Illinois Wesleyan,iii,CCIW,,,,,,2651,Trine,iii,Michigan,,,,,,,,,
2026-09-01T12:03:35+00:00,2026,2,games,401908401,2026,2,regular,2026-09-12T18:00:00.000Z,False,False,False,False,,5798,Jerry E. Apple Stadium,2045,Austin,iii,Southern Collegiate Athletic,,,,,,2519,Rhodes,iii,Southern Athletic,,,,,,,,,
2026-09-01T12:03:35+00:00,2026,2,games,401908305,2026,2,regular,2026-09-12T18:00:00.000Z,False,False,False,False,,,,131109,Roanoke College,,,,,,,,2256,Greensboro,iii,USA South,,,,,,,,,
2026-09-01T12:03:35+00:00,2026,2,games,401908299,2026,2,regular,2026-09-12T18:00:00.000Z,False,False,False,False,,4423,Young-Wise Memorial Stadium,418,Hendrix,iii,Southern Athletic,,,,,,2938,Huntingdon,iii,USA South,,,,,,,,,
2026-09-01T12:03:35+00:00,2026,2,games,401908515,2026,2,regular,2026-09-12T18:00:00.000Z,False,False,False,False,,10459,Jerome Berg Field,561,Mayville State,,,,,,,,2399,Minnesota Morris,iii,Upper Midwest,,,,,,,,,
2026-09-01T12:03:35+00:00,2026,2,games,401907790,2026,2,regular,2026-09-12T18:00:00.000Z,False,False,False,False,,5815,Schneider Stadium,32,Carroll (WI),iii,CCIW,,,,,,2738,Wisconsin Eau Claire,iii,Wisconsin,,,,,,,,,
2026-09-01T12:03:35+00:00,2026,2,games,401907996,2026,2,regular,2026-09-12T18:00:00.000Z,False,False,False,False,,5823,Clark Field,2141,Coe,iii,American Rivers,,,,,,2723,Wisconsin River Falls,iii,Wisconsin,,,,,,,,,
2026-09-01T12:03:35+00:00,2026,2,games,401906995,2026,2,regular,2026-09-12T18:00:00.000Z,False,False,False,False,,5942,Francis G. Welch Stadium,2214,Emporia State,ii,Mid America,,,,,,2392,Michigan Tech,ii,GLIAC,,,,,,,,,
2026-09-01T12:03:35+00:00,2026,2,games,401868280,2026,2,regular,2026-09-12T18:00:00.000Z,False,False,False,False,,5116,O'Shaughnessy Stadium,2900,St. Thomas (MN),fcs,Pioneer,,,,,,128,Northern Michigan,ii,GLIAC,,,,,,,,,
2026-09-01T12:03:35+00:00,2026,2,games,401908268,2026,2,regular,2026-09-12T18:00:00.000Z,False,False,False,False,,5797,Vago Field,2044,Aurora,iii,NACC,,,,,,2419,Mount St Joseph,iii,Heartland,,,,,,,,,
2026-09-01T12:03:35+00:00,2026,2,games,401907466,2026,2,regular,2026-09-12T18:00:00.000Z,False,False,False,True,,5897,Francis Field (MO),143,Washington St. Louis,iii,North Coast,,,,,,83,DePauw,iii,North Coast,,,,,,,,,
2026-09-01T12:03:35+00:00,2026,2,games,401908790,2026,2,regular,2026-09-12T18:00:00.000Z,False,False,False,True,,5931,Don Drumm Stadium,317,Marietta,iii,Ohio,,,,,,427,Ohio Northern,iii,Ohio,,,,,,,,,
2026-09-01T12:03:35+00:00,2026,2,games,401868255,2026,2,regular,2026-09-12T18:00:00.000Z,False,False,False,False,,3967,UNI-Dome,2460,Northern Iowa,fcs,MVFC,,,,,,2181,Drake,fcs,Pioneer,,,,,,,,,
2026-09-01T12:03:35+00:00,2026,2,games,401867884,2026,2,regular,2026-09-12T18:00:00.000Z,False,False,False,False,,1905,DakotaDome,233,South Dakota,fcs,MVFC,,,,,,331,Eastern Washington,fcs,Big Sky,,,,,,,,,
2026-09-01T12:03:35+00:00,2026,2,games,401866413,2026,2,regular,2026-09-12T18:00:00.000Z,False,False,False,False,,3919,Scheumann Stadium,2050,Ball State,fbs,Mid-American,,,,,,2619,Stony Brook,fcs,Coastal Athletic,,,,,,,,,
2026-09-01T12:03:35+00:00,2026,2,games,401907887,2026,2,regular,2026-09-12T18:00:00.000Z,False,False,False,False,,4854,Perkins Stadium,2745,Wisconsin Whitewater,iii,Wisconsin,,,,,,2615,Saint Xavier,,,,,,,,,,,
2026-09-01T12:03:35+00:00,2026,2,games,401906930,2026,2,regular,2026-09-12T18:00:00.000Z,False,False,False,False,,3878,Plaster Sports Complex,2586,Southwest Baptist,ii,Great Lakes,,,,,,127991,Roosevelt,ii,GLIAC,,,,,,,,,
2026-09-01T12:03:35+00:00,2026,2,games,401908603,2026,2,regular,2026-09-12T18:30:00.000Z,False,False,False,True,,5898,John Coughlin Memorial Field,402,Worcester State,iii,MSCAC,,,,,,2972,Plymouth State,iii,MSCAC,,,,,,,,,
2026-09-01T12:03:35+00:00,2026,2,games,401907385,2026,2,regular,2026-09-12T18:30:00.000Z,False,False,False,True,,5134,Bearcat Stadium,138,Northwest Missouri State,ii,Mid America,,,,,,2687,Washburn,ii,Mid America,,,,,,,,,
2026-09-01T12:03:35+00:00,2026,2,games,401868112,2026,2,regular,2026-09-12T19:00:00.000Z,False,False,False,True,,3987,Washington-Grizzly Stadium,149,Montana,fcs,Big Sky,,,,,,3101,Utah Tech,fcs,Big Sky,,,,,,,,,
2026-09-01T12:03:35+00:00,2026,2,games,401908319,2026,2,regular,2026-09-12T19:00:00.000Z,False,False,False,False,,6102,Sparks Stadium,2486,Pacific Lutheran,iii,Northwest,,,,,,2371,Mary Hardin Baylor,iii,American Southwest,,,,,,,,,
2026-09-01T12:03:35+00:00,2026,2,games,401867953,2026,2,regular,2026-09-12T19:00:00.000Z,False,False,False,False,,3613,Alumni Stadium,2169,Delaware State,fcs,MEAC,,,,,,2075,Bowie State,ii,CIAA,,,,,,,,,
2026-09-01T12:03:35+00:00,2026,2,games,401907131,2026,2,regular,2026-09-12T19:00:00.000Z,False,False,False,True,,3860,O'Harra Stadium,613,South Dakota Mines,ii,Rocky Mountain,,,,,,11,Colorado Mesa,ii,Rocky Mountain,,,,,,,,,
2026-09-01T12:03:35+00:00,2026,2,games,401907101,2026,2,regular,2026-09-12T19:00:00.000Z,False,False,False,True,,5877,Lyle Hare Stadium,2069,Black Hills State,ii,Rocky Mountain,,,,,,2001,Adams State,ii,Rocky Mountain,,,,,,,,,
2026-09-01T12:03:35+00:00,2026,2,games,401908509,2026,2,regular,2026-09-12T19:00:00.000Z,False,False,False,False,,5827,Tomasini Stadium,409,Concordia (WI),iii,NACC,,,,,,446,Martin Luther,iii,Upper Midwest,,,,,,,,,
2026-09-01T12:03:35+00:00,2026,2,games,401906957,2026,2,regular,2026-09-12T19:00:00.000Z,False,False,False,True,,6027,Albert J. H. Sloan - Alumni Stadium,2396,Miles,ii,SIAC,,,,,,2206,Edward Waters,ii,SIAC,,,,,,,,,
2026-09-01T12:03:35+00:00,2026,2,games,401856677,2026,2,regular,2026-09-12T19:30:00.000Z,False,False,False,False,,3953,Huntington Bank Stadium,135,Minnesota,fbs,Big Ten,,,,,,344,Mississippi State,fbs,SEC,,,,,,,,,
2026-09-01T12:03:35+00:00,2026,2,games,401858444,2026,2,regular,2026-09-12T19:30:00.000Z,False,False,False,False,,3892,Pratt & Whitney Stadium,41,UConn,fbs,FBS Independents,,,,,,120,Maryland,fbs,Big Ten,,,,,,,,,
2026-09-01T12:03:35+00:00,2026,2,games,401856790,2026,2,regular,2026-09-12T19:30:00.000Z,False,False,False,False,,3752,Acrisure Stadium,221,Pittsburgh,fbs,ACC,,,,,,2116,UCF,fbs,Big 12,,,,,,,,,
2026-09-01T12:03:35+00:00,2026,2,games,401856810,2026,2,regular,2026-09-12T19:30:00.000Z,False,False,False,True,,3801,LaVell Edwards Stadium,252,BYU,fbs,Big 12,,,,,,12,Arizona,fbs,Big 12,,,,,,,,,
2026-09-01T12:03:35+00:00,2026,2,games,401858216,2026,2,regular,2026-09-12T19:30:00.000Z,False,False,False,True,,1964,JMA Wireless Dome,183,Syracuse,fbs,ACC,,,,,,25,California,fbs,ACC,,,,,,,,,
2026-09-01T12:03:35+00:00,2026,2,games,401862708,2026,2,regular,2026-09-12T19:30:00.000Z,False,False,False,False,,7221,Protective Stadium,5,UAB,fbs,American Athletic,,,,1443,,2433,UL Monroe,fbs,Sun Belt,,,,,,,,,
2026-09-01T12:03:35+00:00,2026,2,games,401856785,2026,2,regular,2026-09-12T19:30:00.000Z,False,False,False,False,,3726,Folsom Field,38,Colorado,fbs,Big 12,,,,,,2692,Weber State,fcs,Big Sky,,,,,,,,,
2026-09-01T12:03:35+00:00,2026,2,games,401866420,2026,2,regular,2026-09-12T19:30:00.000Z,False,False,False,False,,3985,Warren McGuirk Alumni Stadium,113,Massachusetts,fbs,Mid-American,,,,,,2529,Sacred Heart,fcs,Coastal Athletic,,,,,,,,,
2026-09-01T12:03:35+00:00,2026,2,games,401866419,2026,2,regular,2026-09-12T19:30:00.000Z,False,False,False,False,,3739,Glass Bowl,2649,Toledo,fbs,Mid-American,,,,,,2115,Central Connecticut,fcs,NEC,,,,,,,,,
2026-09-01T12:03:35+00:00,2026,2,games,401858217,2026,2,regular,2026-09-12T19:30:00.000Z,False,False,False,False,,3832,"Memorial Stadium (Champaign, IL)",356,Illinois,fbs,Big Ten,,,,,,150,Duke,fbs,ACC,,,,,,,,,
2026-09-01T12:03:35+00:00,2026,2,games,401860884,2026,2,regular,2026-09-12T19:30:00.000Z,False,False,False,False,,3644,Bobcat Stadium (TX),326,Texas State,fbs,Pac-12,,,,,,2636,UTSA,fbs,American Athletic,,,,1522,,,,,
2026-09-01T12:03:35+00:00,2026,2,games,401867929,2026,2,regular,2026-09-12T19:30:00.000Z,False,False,False,False,,3651,Bridgeforth Stadium,256,James Madison,fbs,Sun Belt,,,,,,2681,Wagner,fcs,NEC,,,,,,,,,
2026-09-01T12:03:35+00:00,2026,2,games,401866412,2026,2,regular,2026-09-12T19:30:00.000Z,False,False,False,False,,3768,InfoCision Stadium,2006,Akron,fbs,Mid-American,,,,925,,2523,Robert Morris,fcs,NEC,,,,,,,,,
2026-09-01T12:03:35+00:00,2026,2,games,401859184,2026,2,regular,2026-09-12T19:30:00.000Z,False,False,False,False,,3855,Notre Dame Stadium,87,Notre Dame,fbs,FBS Independents,,,,,,242,Rice,fbs,American Athletic,,,,,,,,,
2026-09-01T12:03:35+00:00,2026,2,games,401856674,2026,2,regular,2026-09-12T19:30:00.000Z,False,False,False,True,,3683,Kroger Field,96,Kentucky,fbs,SEC,,,,,,333,Alabama,fbs,SEC,,,,,,,,,
2026-09-01T12:03:35+00:00,2026,2,games,401858446,2026,2,regular,2026-09-12T19:30:00.000Z,False,False,False,False,,3765,Husky Stadium,264,Washington,fbs,Big Ten,,,,,,328,Utah State,fbs,Pac-12,,,,1376,,,,,
2026-09-01T12:03:35+00:00,2026,2,games,401858440,2026,2,regular,2026-09-12T19:30:00.000Z,False,False,False,False,,3936,Spartan Stadium,127,Michigan State,fbs,Big Ten,,,,,,2199,Eastern Michigan,fbs,Mid-American,,,,1350,,,,,
2026-09-01T12:03:35+00:00,2026,2,games,401862705,2026,2,regular,2026-09-12T19:45:00.000Z,False,False,False,False,,3825,DATCU Stadium,249,North Texas,fbs,American Athletic,,,,,,2439,UNLV,fbs,Mountain West,,,,1566,,,,,
2026-09-01T12:03:35+00:00,2026,2,games,401907504,2026,2,regular,2026-09-12T20:00:00.000Z,False,False,False,True,,6074,Grappone Stadium,2830,Saint Anselm,ii,Northeast 10,,,,,,2060,Bentley,ii,Northeast 10,,,,,,,,,
2026-09-01T12:03:35+00:00,2026,2,games,401868093,2026,2,regular,2026-09-12T20:00:00.000Z,False,False,False,False,,3791,Kibbie Dome,70,Idaho,fcs,Big Sky,,,,,,2320,Lamar,fcs,Southland,,,,,,,,,
2026-09-01T12:03:35+00:00,2026,2,games,401868326,2026,2,regular,2026-09-12T20:00:00.000Z,False,False,False,False,,3975,Veterans Memorial Stadium (AL),2653,Troy,fbs,Sun Belt,,,,,,2011,Alabama State,fcs,SWAC,,,,,,,,,
2026-09-01T12:03:35+00:00,2026,2,games,401868285,2026,2,regular,2026-09-12T20:00:00.000Z,False,False,False,False,,3850,Municipal Stadium,2065,Bethune-Cookman,fcs,SWAC,,,,,,56,Stetson,fcs,Pioneer,,,,,,,,,
2026-09-01T12:03:35+00:00,2026,2,games,401907139,2026,2,regular,2026-09-12T20:00:00.000Z,False,False,False,True,,4852,Neta and Eddie DeRose ThunderBowl,2570,CSU Pueblo,ii,Rocky Mountain,,,,,,2146,Colorado School of Mines,ii,Rocky Mountain,,,,,,,,,
2026-09-01T12:03:35+00:00,2026,2,games,401864506,2026,2,regular,2026-09-12T20:00:00.000Z,False,False,False,False,,3984,War Memorial Stadium,2751,Wyoming,fbs,Mountain West,,,,,,2458,Northern Colorado,fcs,Big Sky,,,,,,,,,
2026-09-01T12:03:35+00:00,2026,2,games,401909074,2026,2,regular,2026-09-12T20:00:00.000Z,False,False,False,False,,6148,The Pine Bowl,2721,Whitworth,iii,Northwest,,,,,,2202,Eastern Oregon,,,,,,,,,,,
2026-09-01T12:03:35+00:00,2026,2,games,401858223,2026,2,regular,2026-09-12T20:00:00.000Z,False,False,False,False,,3735,Gerald J. Ford Stadium,2567,SMU,fbs,ACC,,,,,,302,UC Davis,fcs,Big Sky,,,,,,,,,
2026-09-01T12:03:35+00:00,2026,2,games,401906683,2026,2,regular,2026-09-12T20:00:00.000Z,False,False,False,False,,6212,Bishop Schmitt Field,112335,Wheeling,ii,Mountain East,,,,,,437,Lake Erie,ii,Great Midwest Athletic,,,,,,,,,
2026-09-01T12:03:35+00:00,2026,2,games,401868963,2026,2,regular,2026-09-12T20:00:00.000Z,False,False,True,False,,3933,Soldier Field,2400,Mississippi Valley State,fcs,SWAC,,,,,,2339,Lincoln (PA),ii,CIAA,,,,,,,,,
2026-09-01T12:03:35+00:00,2026,2,games,401906186,2026,2,regular,2026-09-12T20:00:00.000Z,False,False,False,False,,,,134000,Thomas,,,,,,,,101784,Erskine,ii,Carolinas,,,,,,,,,
2026-09-01T12:03:35+00:00,2026,2,games,401865252,2026,2,regular,2026-09-12T20:00:00.000Z,False,False,False,False,,3971,University Stadium (NM),167,New Mexico,fbs,Mountain West,,,,,,2385,Mercyhurst,fcs,NEC,,,,,,,,,
2026-09-01T12:03:35+00:00,2026,2,games,401856684,2026,2,regular,2026-09-12T20:15:00.000Z,False,False,False,False,,3973,FirstBank Stadium,238,Vanderbilt,fbs,SEC,,,,,,48,Delaware,fbs,Conference USA,,,,,,,,,
2026-09-01T12:03:35+00:00,2026,2,games,401868061,2026,2,regular,2026-09-12T21:00:00.000Z,False,False,False,False,,3742,Governors Stadium,2046,Austin Peay,fcs,UAC,,,,,,2413,Morehead State,fcs,Pioneer,,,,,,,,,
2026-09-01T12:03:35+00:00,2026,2,games,401868123,2026,2,regular,2026-09-12T21:00:00.000Z,False,False,False,False,,2023,Walkup Skydome,2464,Northern Arizona,fcs,Big Sky,,,,,,2916,Incarnate Word,fcs,Southland,,,,,,,,,
2026-09-01T12:03:35+00:00,2026,2,games,401866630,2026,2,regular,2026-09-12T21:00:00.000Z,False,False,False,False,,3607,Alfond Stadium,311,Maine,fcs,Coastal Athletic,,,,,,2771,Merrimack,fcs,FCS Independents,,,,,,,,,
2026-09-01T12:03:35+00:00,2026,2,games,401906922,2026,2,regular,2026-09-12T21:00:00.000Z,False,False,False,True,,6044,Lane Field,2323,Lane College,ii,SIAC,,,,,,2019,Allen,ii,SIAC,,,,,,,,,
2026-09-01T12:03:35+00:00,2026,2,games,401856672,2026,2,regular,2026-09-12T21:30:00.000Z,False,False,False,False,,3634,Ben Hill Griffin Stadium,57,Florida,fbs,SEC,,,,,,2097,Campbell,fcs,Coastal Athletic,,,,,,,,,
2026-09-01T12:03:35+00:00,2026,2,games,401866632,2026,2,regular,2026-09-12T22:00:00.000Z,False,False,False,False,,11553,Shark Stadium,2341,Long Island University,fcs,NEC,,,,,,399,UAlbany,fcs,Coastal Athletic,,,,,,,,,
2026-09-01T12:03:35+00:00,2026,2,games,401908528,2026,2,regular,2026-09-12T22:00:00.000Z,False,False,False,False,,5841,Pete FioRito Stadium at McKinzie Field,101,Eureka,iii,NACC,,,,,,433,Westminster (MO),iii,Upper Midwest,,,,,,,,,
2026-09-01T12:03:35+00:00,2026,2,games,401908217,2026,2,regular,2026-09-12T22:00:00.000Z,False,False,False,False,,5805,Alumni Field (OH),2074,Bluffton,iii,Heartland,,,,,,127078,Madonna University (Mich.),,,,,,,,,,,
2026-09-01T12:03:35+00:00,2026,2,games,401908347,2026,2,regular,2026-09-12T22:00:00.000Z,False,False,False,False,,5851,Shirk Field at Musselman Stadium,2248,Gettysburg,iii,Centennial,,,,,,2688,Washington and Lee,iii,Old Dominion,,,,,,,,,
2026-09-01T12:03:35+00:00,2026,2,games,401907563,2026,2,regular,2026-09-12T22:00:00.000Z,False,False,False,True,,4427,John A. Farrell Stadium,223,West Chester,ii,Pennsylvania State Athletic,,,,,,2291,IU Pennsylvania,ii,Pennsylvania State Athletic,,,,,,,,,
2026-09-01T12:03:35+00:00,2026,2,games,401907863,2026,2,regular,2026-09-12T22:00:00.000Z,False,False,False,False,,5862,Butterfield Stadium,175,Ithaca,iii,Liberty League,,,,,,365,Alfred,iii,Empire 8,,,,,,,,,
2026-09-01T12:03:35+00:00,2026,2,games,401906050,2026,2,regular,2026-09-12T22:00:00.000Z,False,False,False,True,,6221,Mitchell Stadium,124180,Bluefield State,ii,CIAA,,,,,,2940,Livingstone,ii,CIAA,,,,,,,,,
2026-09-01T12:03:35+00:00,2026,2,games,401906159,2026,2,regular,2026-09-12T22:00:00.000Z,False,False,False,True,,3649,Bowman Gray Stadium,2736,Winston-Salem State,ii,CIAA,,,,,,2304,Johnson C. Smith,ii,CIAA,,,,,,,,,
2026-09-01T12:03:35+00:00,2026,2,games,401867983,2026,2,regular,2026-09-12T22:00:00.000Z,False,False,False,False,,3864,Oliver C. Dawson Stadium,2569,South Carolina State,fcs,MEAC,,,,,,330,Virginia State,ii,CIAA,,,,,,,,,
2026-09-01T12:03:35+00:00,2026,2,games,401906840,2026,2,regular,2026-09-12T22:00:00.000Z,False,False,False,False,,5263,Steele Stadium,2316,Kentucky Wesleyan,ii,Great Midwest Athletic,,,,,,2911,William Jewell,ii,Great Lakes,,,,,,,,,
2026-09-01T12:03:35+00:00,2026,2,games,401906153,2026,2,regular,2026-09-12T22:00:00.000Z,False,False,False,False,,3813,"Luther ""Nick"" Jeralds Stadium",2220,Fayetteville State,ii,CIAA,,,,,,2673,Valdosta State,ii,Gulf South,,,,,,,,,
2026-09-01T12:03:35+00:00,2026,2,games,401868210,2026,2,regular,2026-09-12T22:00:00.000Z,False,False,False,False,,3664,Butler Bowl,2086,Butler,fcs,Pioneer,,,,,,2233,Franklin,iii,Heartland,,,,,,,,,
2026-09-01T12:03:35+00:00,2026,2,games,401907853,2026,2,regular,2026-09-12T22:00:00.000Z,False,False,False,False,,3877,Pioneer Stadium,3162,Alfred State,iii,Empire 8,,,,,,125974,Hilbert,iii,Empire 8,,,,,,,,,
2026-09-01T12:03:35+00:00,2026,2,games,401867966,2026,2,regular,2026-09-12T22:00:00.000Z,False,False,False,False,,3762,Hughes Stadium,2415,Morgan State,fcs,MEAC,,,,,,2355,Virginia Lynchburg,,,,,,,,,,,
2026-09-01T12:03:35+00:00,2026,2,games,401908050,2026,2,regular,2026-09-12T22:00:00.000Z,False,False,False,False,,6117,Knight Stadium,2896,Southern Virginia,iii,USA South,,,,,,2047,Averett,iii,Old Dominion,,,,,,,,,
2026-09-01T12:03:35+00:00,2026,2,games,401866631,2026,2,regular,2026-09-12T22:00:00.000Z,False,False,False,False,,3688,Wildcat Stadium,160,New Hampshire,fcs,Coastal Athletic,,,,,,284,Stonehill,fcs,NEC,,,,,,,,,
2026-09-01T12:03:35+00:00,2026,2,games,401866414,2026,2,regular,2026-09-12T22:00:00.000Z,False,False,False,False,,2031,Pitbull Stadium,2229,Florida International,fbs,Conference USA,,,,,,2084,Buffalo,fbs,Mid-American,,,,,,,,,
2026-09-01T12:03:35+00:00,2026,2,games,401866629,2026,2,regular,2026-09-12T22:00:00.000Z,False,False,False,True,,3620,Armstrong Stadium,2261,Hampton,fcs,Coastal Athletic,,,,,,2803,Bryant,fcs,Coastal Athletic,,,,,,,,,
2026-09-01T12:03:35+00:00,2026,2,games,401860881,2026,2,regular,2026-09-12T22:00:00.000Z,False,False,False,False,,3653,Albertsons Stadium,68,Boise State,fbs,Pac-12,,,,,,235,Memphis,fbs,American Athletic,,,,1541,,,,,
2026-09-01T12:03:35+00:00,2026,2,games,401868171,2026,2,regular,2026-09-12T22:00:00.000Z,False,False,False,False,,3782,Johnson Hagood Stadium,2643,The Citadel,fcs,Southern,,,,,,2127,Charleston Southern,fcs,OVC,,,,,,,,,
2026-09-01T12:03:35+00:00,2026,2,games,401868141,2026,2,regular,2026-09-12T22:00:00.000Z,False,False,False,False,,3908,Roy Kidd Stadium,2198,Eastern Kentucky,fcs,UAC,,,,,,236,Chattanooga,fcs,Southern,,,,,,,,,
2026-09-01T12:03:35+00:00,2026,2,games,401906911,2026,2,regular,2026-09-12T22:00:00.000Z,False,False,False,True,,3952,Ted Wright Stadium,2542,Savannah State,ii,SIAC,,,,,,2013,Albany State,ii,SIAC,,,,,,,,,
2026-09-01T12:03:35+00:00,2026,2,games,401907698,2026,2,regular,2026-09-12T22:00:00.000Z,False,False,False,True,,6072,Schwan Regional Event Center,2587,Southwest Minnesota State,ii,Northern Sun,,,,,,425,Northern State,ii,Northern Sun,,,,,,,,,
2026-09-01T12:03:35+00:00,2026,2,games,401868374,2026,2,regular,2026-09-12T22:00:00.000Z,False,False,False,True,,4417,Five Star Stadium at the Moye Complex,2382,Mercer,fcs,Southern,,,,,,231,Furman,fcs,Southern,,,,,,,,,
2026-09-01T12:03:35+00:00,2026,2,games,401868187,2026,2,regular,2026-09-12T22:00:00.000Z,False,False,False,False,,3992,Williams Stadium (VA),2335,Liberty,fbs,Conference USA,,,,1703,,2241,Gardner-Webb,fcs,OVC,,,,,,,,,
2026-09-01T12:03:35+00:00,2026,2,games,401866633,2026,2,regular,2026-09-12T22:00:00.000Z,False,False,False,False,,3862,O'Kelly-Riddick Stadium,2428,North Carolina Central,fcs,MEAC,,,,,,2448,North Carolina A&T,fcs,Coastal Athletic,,,,,,,,,
2026-09-01T12:03:35+00:00,2026,2,games,401868102,2026,2,regular,2026-09-12T22:00:00.000Z,False,False,False,False,,1930,Holt Arena,304,Idaho State,fcs,Big Sky,,,,,,301,San Diego,fcs,Pioneer,,,,,,,,,
2026-09-01T12:03:35+00:00,2026,2,games,401908112,2026,2,regular,2026-09-12T22:00:00.000Z,False,False,False,False,,4422,Valhalla Stadium,2757,Berry,iii,Southern Athletic,,,,,,548,LaGrange,iii,USA South,,,,,,,,,
2026-09-01T12:03:35+00:00,2026,2,games,401907251,2026,2,regular,2026-09-12T22:00:00.000Z,False,False,False,True,,5881,CAU Panther Stadium,2805,Clark Atlanta,ii,SIAC,,,,,,2310,Kentucky State,ii,SIAC,,,,,,,,,
2026-09-01T12:03:35+00:00,2026,2,games,401866418,2026,2,regular,2026-09-12T22:00:00.000Z,False,False,False,False,,3876,Peden Stadium,195,Ohio,fbs,Mid-American,,,,1372,,55,Jacksonville State,fbs,Conference USA,,,,1432,,,,,
2026-09-01T12:03:35+00:00,2026,2,games,401866421,2026,2,regular,2026-09-12T22:30:00.000Z,False,False,False,False,,3980,Waldo Stadium,2711,Western Michigan,fbs,Mid-American,,,,,,2405,Monmouth,fcs,Coastal Athletic,,,,,,,,,
2026-09-01T12:03:35+00:00,2026,2,games,401907538,2026,2,regular,2026-09-12T22:35:00.000Z,False,False,False,True,,4439,Eiler-Martin Stadium,2188,East Stroudsburg,ii,Pennsylvania State Athletic,,,,,,215,Slippery Rock,ii,Pennsylvania State Athletic,,,,,,,,,
2026-09-01T12:03:35+00:00,2026,2,games,401868150,2026,2,regular,2026-09-12T23:00:00.000Z,False,False,False,False,,3944,Strawberry Stadium,2545,SE Louisiana,fcs,Southland,,,,,,2453,North Alabama,fcs,UAC,,,,,,,,,
2026-09-01T12:03:35+00:00,2026,2,games,401909018,2026,2,regular,2026-09-12T23:00:00.000Z,False,False,False,False,,6116,Shentel Stadium,2828,Shenandoah,iii,Old Dominion,,,,,,2242,Geneva,iii,Presidents',,,,,,,,,
2026-09-01T12:03:35+00:00,2026,2,games,401908427,2026,2,regular,2026-09-12T23:00:00.000Z,False,False,False,False,,6125,Bulldog Stadium (TX),2639,Texas Lutheran,iii,Southern Collegiate Athletic,,,,,,2588,Southwestern U,iii,Southern Athletic,,,,,,,,,
2026-09-01T12:03:35+00:00,2026,2,games,401864503,2026,2,regular,2026-09-12T23:00:00.000Z,False,False,False,False,,3764,Huskie Stadium,2459,Northern Illinois,fbs,Mountain West,,,,,,2287,Illinois State,fcs,MVFC,,,,,,,,,
2026-09-01T12:03:35+00:00,2026,2,games,401868246,2026,2,regular,2026-09-12T23:00:00.000Z,False,False,False,True,,3779,Manning Field at John L. Guidry Stadium,2447,Nicholls,fcs,Southland,,,,,,292,UT Rio Grande Valley,fcs,Southland,,,,,,,,,
2026-09-01T12:03:35+00:00,2026,2,games,401908434,2026,2,regular,2026-09-12T23:00:00.000Z,False,False,False,False,,6132,Trinity University Stadium,386,Trinity (TX),iii,Southern Athletic,,,,,,241,McMurry,iii,American Southwest,,,,,,,,,
2026-09-01T12:03:35+00:00,2026,2,games,401856680,2026,2,regular,2026-09-12T23:00:00.000Z,False,False,False,False,,3994,Williams-Brice Stadium,2579,South Carolina,fbs,SEC,,,,,,119,Towson,fcs,Coastal Athletic,,,,,,,,,
2026-09-01T12:03:35+00:00,2026,2,games,401908670,2026,2,regular,2026-09-12T23:00:00.000Z,False,False,False,True,,6101,"Memorial Stadium (Westerville, OH)",359,Otterbein,iii,Ohio,,,,,,191,Heidelberg,iii,Ohio,,,,,,,,,
2026-09-01T12:03:35+00:00,2026,2,games,401906878,2026,2,regular,2026-09-12T23:00:00.000Z,False,False,False,False,,3770,Jack Miller Stadium,308,Ashland,ii,Great Midwest Athletic,,,,,,125,Grand Valley State,ii,GLIAC,,,,,,,,,
2026-09-01T12:03:35+00:00,2026,2,games,401868241,2026,2,regular,2026-09-12T23:00:00.000Z,False,False,False,False,,3625,Centennial Bank Stadium,2032,Arkansas State,fbs,Sun Belt,,,,,,2698,West Georgia,fcs,UAC,,,,,,,,,
2026-09-01T12:03:35+00:00,2026,2,games,401908095,2026,2,regular,2026-09-12T23:00:00.000Z,False,False,False,False,,5892,Armfield Athletic Center,2258,Guilford,iii,Old Dominion,,,,,,291,Methodist,iii,USA South,,,,,,,,,
2026-09-01T12:03:35+00:00,2026,2,games,401862707,2026,2,regular,2026-09-12T23:00:00.000Z,False,False,False,False,,3647,Elliott T. Bowers Stadium,2534,Sam Houston,fbs,Conference USA,,,,,,202,Tulsa,fbs,American Athletic,,,,,,,,,
2026-09-01T12:03:35+00:00,2026,2,games,401908248,2026,2,regular,2026-09-12T23:00:00.000Z,False,False,False,False,,6220,Trojan Stadium,512,Dakota State University,,,,,,,,6845,Nebraska Wesleyan,iii,American Rivers,,,,,,,,,
2026-09-01T12:03:35+00:00,2026,2,games,401908142,2026,2,regular,2026-09-12T23:00:00.000Z,False,False,False,False,,6094,Reynolds Field,583,Northwestern (MN),iii,Upper Midwest,,,,,,2964,Central College,iii,American Rivers,,,,,,,,,
2026-09-01T12:03:35+00:00,2026,2,games,401907205,2026,2,regular,2026-09-12T23:00:00.000Z,False,False,False,False,,6045,Dwight T. Reed Stadium,2876,Lincoln (MO),ii,Great Lakes,,,,,,2324,Langston,,,,,,,,,,,
2026-09-01T12:03:35+00:00,2026,2,games,401908251,2026,2,regular,2026-09-12T23:00:00.000Z,False,False,False,False,,3635,Bill Buxton Stadium,2564,Simpson (IA),iii,American Rivers,,,,,,509,Crown,iii,Upper Midwest,,,,,,,,,
2026-09-01T12:03:35+00:00,2026,2,games,401868386,2026,2,regular,2026-09-12T23:00:00.000Z,False,False,False,True,,3962,Tucker Stadium,2635,Tennessee Tech,fcs,Southern,,,,,,2535,Samford,fcs,Southern,,,,,,,,,
2026-09-01T12:03:35+00:00,2026,2,games,401907427,2026,2,regular,2026-09-12T23:00:00.000Z,False,False,False,True,,3926,Setzler Field,2444,Newberry,ii,South Atlantic,,,,,,2331,Lenoir Rhyne,ii,South Atlantic,,,,,,,,,
2026-09-01T12:03:35+00:00,2026,2,games,401908766,2026,2,regular,2026-09-12T23:00:00.000Z,False,False,False,False,,5913,Warrior Field at Raabe Stadium,2741,Wisconsin Lutheran,iii,NACC,,,,,,2891,Ripon,iii,Midwest,,,,,,,,,
2026-09-01T12:03:35+00:00,2026,2,games,401907315,2026,2,regular,2026-09-12T23:00:00.000Z,False,False,False,True,,5917,Ratliff Stadium,110243,UT Permian Basin,ii,Lone Star,,,,,,2703,Western New Mexico,ii,Lone Star,,,,,,,,,
2026-09-01T12:03:35+00:00,2026,2,games,401867856,2026,2,regular,2026-09-12T23:00:00.000Z,False,False,False,False,,3858,O'Brien Stadium,2197,Eastern Illinois,fcs,OVC,,,,,,282,Indiana State,fcs,MVFC,,,,,,,,,
2026-09-01T12:03:35+00:00,2026,2,games,401871046,2026,2,regular,2026-09-12T23:00:00.000Z,False,False,False,False,,3878,Plaster Sports Complex,2623,Missouri State,fbs,Conference USA,,,,,,2815,Lindenwood,fcs,OVC,,,,,,,,,
2026-09-01T12:03:35+00:00,2026,2,games,401908242,2026,2,regular,2026-09-12T23:00:00.000Z,False,False,False,False,,6284,Village of Lisle-Benedictine University Sports Complex,2283,Benedictine (IL),iii,NACC,,,,,,263,Loras,iii,American Rivers,,,,,,,,,
2026-09-01T12:03:35+00:00,2026,2,games,401908387,2026,2,regular,2026-09-12T23:00:00.000Z,False,False,False,False,,10465,Mayo Field,101442,Centenary (LA),iii,Southern Collegiate Athletic,,,,,,2398,Millsaps,iii,Southern Athletic,,,,,,,,,
2026-09-01T12:03:35+00:00,2026,2,games,401869130,2026,2,regular,2026-09-12T23:00:00.000Z,False,False,False,True,,4762,Memorial Stadium (Commerce TX),2837,East Texas A&M,fcs,Southland,,,,,,2466,Northwestern State,fcs,Southland,,,,,,,,,
2026-09-01T12:03:35+00:00,2026,2,games,401856786,2026,2,regular,2026-09-12T23:00:00.000Z,False,False,False,False,,3854,Nippert Stadium,2132,Cincinnati,fbs,Big 12,,,,,,2717,Western Carolina,fcs,Southern,,,,,,,,,
2026-09-01T12:03:35+00:00,2026,2,games,401867890,2026,2,regular,2026-09-12T23:00:00.000Z,False,False,False,False,,3913,Saluki Stadium,79,Southern Illinois,fcs,MVFC,,,,,,2546,Southeast Missouri State,fcs,OVC,,,,,,,,,
2026-09-01T12:03:35+00:00,2026,2,games,401908276,2026,2,regular,2026-09-12T23:00:00.000Z,False,False,False,False,,5802,Belhaven Bowl Stadium,2056,Belhaven,iii,USA South,,,,,,2194,East Texas Baptist,iii,American Southwest,,,,,,,,,
2026-09-01T12:03:35+00:00,2026,2,games,401907635,2026,2,regular,2026-09-12T23:00:00.000Z,False,False,False,True,,3641,Blakeslee Stadium,2364,Minnesota State,ii,Northern Sun,,,,,,132,Bemidji State,ii,Northern Sun,,,,,,,,,
2026-09-01T12:03:35+00:00,2026,2,games,401907220,2026,2,regular,2026-09-12T23:00:00.000Z,False,False,False,False,,3609,Allgood-Bailey Stadium,2402,Missouri S&T,ii,Great Lakes,,,,,,137,Missouri Western,ii,Mid America,,,,,,,,,
2026-09-01T12:03:35+00:00,2026,2,games,401864575,2026,2,regular,2026-09-12T23:00:00.000Z,False,False,False,False,,4729,Yulman Stadium,2655,Tulane,fbs,American Athletic,,,,,,6,South Alabama,fbs,Sun Belt,,,,,,,,,
2026-09-01T12:03:35+00:00,2026,2,games,401869955,2026,2,regular,2026-09-12T23:00:00.000Z,False,False,False,False,,4899,Fifth Third Stadium,338,Kennesaw State,fbs,Conference USA,,,,,,2247,Georgia State,fbs,Sun Belt,,,,,,,,,
2026-09-01T12:03:35+00:00,2026,2,games,401856787,2026,2,regular,2026-09-12T23:00:00.000Z,False,False,False,False,,4728,TDECU Stadium,248,Houston,fbs,Big 12,,,,,,2582,Southern,fcs,SWAC,,,,,,,,,
2026-09-01T12:03:35+00:00,2026,2,games,401868355,2026,2,regular,2026-09-12T23:00:00.000Z,False,False,True,True,,3805,Simmons Bank Liberty Stadium,2016,Alcorn State,fcs,SWAC,,,,,,2029,Arkansas-Pine Bluff,fcs,SWAC,,,,,,,,,
2026-09-01T12:03:35+00:00,2026,2,games,401871045,2026,2,regular,2026-09-12T23:00:00.000Z,False,False,False,False,,3775,Joan C. Edwards Stadium,276,Marshall,fbs,Sun Belt,,,,,,2393,Middle Tennessee,fbs,Conference USA,,,,,,,,,
2026-09-01T12:03:35+00:00,2026,2,games,401869150,2026,2,regular,2026-09-12T23:00:00.000Z,False,False,False,False,,4424,Husky Stadium,2277,Houston Christian,fcs,Southland,,,,,,124386,Arkansas Baptist,,,,,,,,,,,
2026-09-01T12:03:35+00:00,2026,2,games,401868072,2026,2,regular,2026-09-12T23:00:00.000Z,False,False,False,False,,3711,Estes Stadium,2110,Central Arkansas,fcs,UAC,,,,,,2122,Central Oklahoma,ii,Mid America,,,,,,,,,
2026-09-01T12:03:35+00:00,2026,2,games,401908567,2026,2,regular,2026-09-12T23:00:00.000Z,False,False,False,False,,5858,England Stadium,2286,Illinois College,iii,Midwest,,,,,,101161,Lyon,iii,Southern Collegiate Athletic,,,,,,,,,
2026-09-01T12:03:35+00:00,2026,2,games,401867867,2026,2,regular,2026-09-12T23:00:00.000Z,False,False,False,False,,3909,Roy Stewart Stadium,93,Murray State,fcs,MVFC,,,,,,2674,Valparaiso,fcs,Pioneer,,,,,,,,,
2026-09-01T12:03:35+00:00,2026,2,games,401868236,2026,2,regular,2026-09-12T23:00:00.000Z,False,False,False,False,,3686,Cowboy Stadium,2377,McNeese,fcs,Southland,,,,,,2627,Tarleton State,fcs,UAC,,,,,,,,,
2026-09-01T12:03:35+00:00,2026,2,games,401872616,2026,2,regular,2026-09-12T23:00:00.000Z,False,False,False,False,,5237,Dana J. Dykhouse Stadium,2571,South Dakota State,fcs,MVFC,,,,,,2441,New Haven,fcs,NEC,,,,,,,,,
2026-09-01T12:03:35+00:00,2026,2,games,401860882,2026,2,regular,2026-09-12T23:00:00.000Z,False,False,False,False,,5388,Canvas Stadium,36,Colorado State,fbs,Pac-12,,,,1273,,253,Southern Utah,fcs,Big Sky,,,,,,,,,
2026-09-01T12:03:35+00:00,2026,2,games,401858441,2026,2,regular,2026-09-12T23:00:00.000Z,False,False,False,False,,3834,"Memorial Stadium (Lincoln, NE)",158,Nebraska,fbs,Big Ten,,,,,,189,Bowling Green,fbs,Mid-American,,,,,,,,,
2026-09-01T12:03:35+00:00,2026,2,games,401906579,2026,2,regular,2026-09-12T23:00:00.000Z,False,False,False,True,,5891,Wilkins Stadium,2568,Southern Arkansas,ii,Great American,,,,,,200,Southern Nazarene,ii,Great American,,,,,,,,,
2026-09-01T12:03:35+00:00,2026,2,games,401906571,2026,2,regular,2026-09-12T23:00:00.000Z,False,False,False,True,,3875,Paul Laird Field,199,Southeastern Oklahoma State,ii,Great American,,,,,,2888,Ouachita Baptist,ii,Great American,,,,,,,,,
2026-09-01T12:03:35+00:00,2026,2,games,401906554,2026,2,regular,2026-09-12T23:00:00.000Z,False,False,False,True,,5113,Ruggles Field at Carpenter-Haygood Stadium,2271,Henderson State,ii,Great American,,,,,,319,Oklahoma Baptist,ii,Great American,,,,,,,,,
2026-09-01T12:03:35+00:00,2026,2,games,401856681,2026,2,regular,2026-09-12T23:00:00.000Z,False,False,False,False,,721,Bobby Dodd Stadium,59,Georgia Tech,fbs,ACC,,,,,,2633,Tennessee,fbs,SEC,,,,,,,,,
2026-09-01T12:03:35+00:00,2026,2,games,401858443,2026,2,regular,2026-09-12T23:15:00.000Z,False,False,False,False,,1056,Rose Bowl,26,UCLA,fbs,Big Ten,,,,,,21,San Diego State,fbs,Pac-12,,,,,,,,,
2026-09-01T12:03:35+00:00,2026,2,games,401858447,2026,2,regular,2026-09-12T23:15:00.000Z,False,False,False,False,,347,Camp Randall Stadium,275,Wisconsin,fbs,Big Ten,,,,,,2710,Western Illinois,fcs,OVC,,,,,,,,,
2026-09-01T12:03:35+00:00,2026,2,games,401868195,2026,2,regular,2026-09-12T23:30:00.000Z,False,False,False,False,,3809,Louis Crews Stadium,2010,Alabama A&M,fcs,SWAC,,,,,,2634,Tennessee State,fcs,OVC,,,,,,,,,
2026-09-01T12:03:35+00:00,2026,2,games,401856682,2026,2,regular,2026-09-12T23:30:00.000Z,False,False,False,False,,3910,DKR-Texas Memorial Stadium,251,Texas,fbs,SEC,,,,,,194,Ohio State,fbs,Big Ten,,,,,,,,,
2026-09-01T12:03:35+00:00,2026,2,games,401856788,2026,2,regular,2026-09-12T23:30:00.000Z,False,False,False,False,,3793,Kinnick Stadium,2294,Iowa,fbs,Big Ten,,,,,,66,Iowa State,fbs,Big 12,,,,,,,,,
2026-09-01T12:03:35+00:00,2026,2,games,401867796,2026,2,regular,2026-09-12T23:30:00.000Z,False,False,False,False,,3958,Tiger Stadium (LA),99,LSU,fbs,SEC,,,,,,2348,Louisiana Tech,fbs,Sun Belt,,,,,,,,,
2026-09-01T12:03:35+00:00,2026,2,games,401868008,2026,2,regular,2026-09-12T23:30:00.000Z,False,False,False,False,,3654,Brooks Stadium (SC),324,Coastal Carolina,fbs,Sun Belt,,,,,,2230,Fordham,fcs,Patriot,,,,,,,,,
2026-09-01T12:03:35+00:00,2026,2,games,401862703,2026,2,regular,2026-09-12T23:30:00.000Z,False,False,False,True,,3715,FAU Stadium,2226,Florida Atlantic,fbs,American Athletic,,,,,,2426,Navy,fbs,American Athletic,,,,,,,,,
2026-09-01T12:03:35+00:00,2026,2,games,401858219,2026,2,regular,2026-09-12T23:30:00.000Z,False,False,False,False,,3836,"Memorial Stadium (Clemson, SC)",228,Clemson,fbs,ACC,,,,,,290,Georgia Southern,fbs,Sun Belt,,,,,,,,,
2026-09-01T12:03:35+00:00,2026,2,games,401856783,2026,2,regular,2026-09-12T23:30:00.000Z,False,False,False,False,,3893,Reser Stadium,204,Oregon State,fbs,Pac-12,,,,,,2641,Texas Tech,fbs,Big 12,,,,,,,,,
2026-09-01T12:03:35+00:00,2026,2,games,401856676,2026,2,regular,2026-09-12T23:45:00.000Z,False,False,False,False,,3974,Vaught-Hemingway Stadium,145,Ole Miss,fbs,SEC,,,,,,2429,Charlotte,fbs,American Athletic,,,,,,,,,
2026-09-01T12:03:35+00:00,2026,2,games,401856671,2026,2,regular,2026-09-12T23:45:00.000Z,False,False,False,False,,3785,Jordan-Hare Stadium,2,Auburn,fbs,SEC,,,,,,2572,Southern Miss,fbs,Sun Belt,,,,,,,,,
2026-09-01T12:03:35+00:00,2026,2,games,401856789,2026,2,regular,2026-09-13T00:00:00.000Z,False,False,False,False,,3616,Amon G. Carter Stadium,2628,TCU,fbs,Big 12,,,,1598,,2755,Grambling,fcs,SWAC,,,,,,,,,
2026-09-01T12:03:35+00:00,2026,2,games,401908326,2026,2,regular,2026-09-13T00:00:00.000Z,False,False,False,False,,,,2824,Oklahoma Panhandle,ii,Independent DII,,,,,,102549,Schreiner,,,,,,,,,,,
2026-09-01T12:03:35+00:00,2026,2,games,401868050,2026,2,regular,2026-09-13T00:00:00.000Z,False,False,False,False,,5440,Wildcat Stadium (TX),2000,Abilene Christian,fcs,UAC,,,,,,2617,Stephen F. Austin,fcs,Southland,,,,,,,,,
2026-09-01T12:03:35+00:00,2026,2,games,401907152,2026,2,regular,2026-09-13T00:00:00.000Z,False,False,False,True,,5944,Ray Dennison Memorial Field,2237,Fort Lewis,ii,Rocky Mountain,,,,,,2424,New Mexico Highlands,ii,Rocky Mountain,,,,,,,,,
2026-09-01T12:03:35+00:00,2026,2,games,401908817,2026,2,regular,2026-09-13T00:00:00.000Z,False,False,False,True,,5825,Jake Christiansen Stadium,2152,Concordia (MN),iii,Minnesota,,,,,,133,St. Olaf,iii,Minnesota,,,,,,,,,
2026-09-01T12:03:35+00:00,2026,2,games,401906606,2026,2,regular,2026-09-13T00:00:00.000Z,False,False,False,False,,4724,Audrey J. Walton Stadium at Vernon Kennedy Field,2118,Central Missouri,ii,Mid America,,,,,,2170,Delta State,ii,Gulf South,,,,,,,,,
2026-09-01T12:03:35+00:00,2026,2,games,401856784,2026,2,regular,2026-09-13T00:00:00.000Z,False,False,False,False,,4727,McLane Stadium,239,Baylor,fbs,Big 12,,,,,,2504,Prairie View A&M,fcs,SWAC,,,,,,,,,
2026-09-01T12:03:35+00:00,2026,2,games,401907122,2026,2,regular,2026-09-13T00:00:00.000Z,False,False,False,True,,5782,Mountaineer Bowl,2714,Western Colorado,ii,Rocky Mountain,,,,,,2123,Chadron State,ii,Rocky Mountain,,,,,,,,,
2026-09-01T12:03:35+00:00,2026,2,games,401908468,2026,2,regular,2026-09-13T00:00:00.000Z,False,False,False,False,,6147,"Memorial Stadium (Whittier, CA)",2850,Whittier,iii,So. Cal.,,,,,,134180,Cetys University,,,,,,,,,,,
2026-09-01T12:03:35+00:00,2026,2,games,401864505,2026,2,regular,2026-09-13T01:00:00.000Z,False,False,False,False,,3946,Sun Bowl,2638,UTEP,fbs,Mountain West,,,,,,2640,Texas Southern,fcs,SWAC,,,,,,,,,
2026-09-01T12:03:35+00:00,2026,2,games,401907009,2026,2,regular,2026-09-13T01:00:00.000Z,False,False,False,False,,5879,Tomlinson Stadium,2120,Central Washington,ii,Lone Star,,,,,,2222,Ferris State,ii,GLIAC,,,,,,,,,
2026-09-01T12:03:35+00:00,2026,2,games,401864504,2026,2,regular,2026-09-13T01:00:00.000Z,False,False,False,False,,3935,CEFCU Stadium,23,San José State,fbs,Mountain West,,,,1395,,13,Cal Poly,fcs,Big Sky,,,,,,,,,
2026-09-01T12:03:35+00:00,2026,2,games,401867876,2026,2,regular,2026-09-13T02:00:00.000Z,False,False,False,False,,4765,Hillsboro Stadium,2502,Portland State,fcs,Big Sky,,,,,,155,North Dakota,fcs,MVFC,,,,,,,,,
2026-09-01T12:03:35+00:00,2026,2,games,401864502,2026,2,regular,2026-09-13T02:00:00.000Z,False,False,False,True,,3713,Falcon Stadium,2005,Air Force,fbs,Mountain West,,,,,,2449,North Dakota State,fbs,Mountain West,,,,1562,,,,,
2026-09-01T12:03:35+00:00,2026,2,games,401908422,2026,2,regular,2026-09-13T02:00:00.000Z,False,False,False,True,,6153,Hanson Stadium,205,Pacific (OR),iii,Northwest,,,,,,2930,Willamette,iii,Northwest,,,,,,,,,
2026-09-01T12:03:35+00:00,2026,2,games,401856670,2026,2,regular,2026-09-13T02:15:00.000Z,False,False,False,False,,587,Rice-Eccles Stadium,254,Utah,fbs,Big 12,,,,,,8,Arkansas,fbs,SEC,,,,,,,,,
2026-09-01T12:03:35+00:00,2026,2,games,401864500,2026,2,regular,2026-09-13T02:30:00.000Z,False,False,False,False,,3816,Mackay Stadium,2440,Nevada,fbs,Mountain West,,,,,,147,Montana State,fcs,Big Sky,,,,,,,,,
2026-09-01T12:03:35+00:00,2026,2,games,401860883,2026,2,regular,2026-09-13T02:30:00.000Z,False,False,False,False,,3660,Valley Children's Stadium,278,Fresno State,fbs,Pac-12,,,,,,16,Sacramento State,fbs,Mid-American,,,,1476,,,,,
2026-09-01T12:03:35+00:00,2026,2,games,401858445,2026,2,regular,2026-09-13T03:00:00.000Z,False,False,False,False,,477,Los Angeles Memorial Coliseum,30,USC,fbs,Big Ten,,,,1763,,309,Louisiana,fbs,Sun Belt,,,,,,,,,
2026-09-01T12:03:35+00:00,2026,2,games,401864578,2026,2,regular,2026-09-13T03:59:00.000Z,False,False,False,False,,7220,Clarence T.C. Ching Athletics Complex,62,Hawai'i,fbs,Mountain West,,,,1454,,166,New Mexico State,fbs,Conference USA,,,,1259,,,,,
