captured_at,capture_season,capture_week,source,year,team,conference,rating,ranking,secondOrderWins,sos,offense_ranking,offense_rating,offense_success,offense_explosiveness,offense_rushing,offense_passing,offense_standardDowns,offense_passingDowns,offense_runRate,offense_pace,defense_ranking,defense_rating,defense_success,defense_explosiveness,defense_rushing,defense_passing,defense_standardDowns,defense_passingDowns,defense_havoc,specialTeams_rating
2026-08-21T18:47:07+00:00,2026,1,sp_plus,2026,Ohio State,Big Ten,32.7,1,,,2,41,,,,,,,,,1,8.4,,,,,,,"{'total': None, 'frontSeven': None, 'db': None}",0.1
2026-08-21T18:47:07+00:00,2026,1,sp_plus,2026,Oregon,Big Ten,29.2,2,,,1,41.1,,,,,,,,,2,12.2,,,,,,,"{'total': None, 'frontSeven': None, 'db': None}",0.3
2026-08-21T18:47:07+00:00,2026,1,sp_plus,2026,Notre Dame,FBS Independents,26.5,3,,,3,40.6,,,,,,,,,9,14.3,,,,,,,"{'total': None, 'frontSeven': None, 'db': None}",0.3
2026-08-21T18:47:07+00:00,2026,1,sp_plus,2026,Georgia,SEC,26.4,4,,,5,38.7,,,,,,,,,5,12.9,,,,,,,"{'total': None, 'frontSeven': None, 'db': None}",0.6
2026-08-21T18:47:07+00:00,2026,1,sp_plus,2026,Indiana,Big Ten,25.8,5,,,7,37.8,,,,,,,,,4,12.5,,,,,,,"{'total': None, 'frontSeven': None, 'db': None}",0.5
2026-08-21T18:47:07+00:00,2026,1,sp_plus,2026,Texas,SEC,22.8,6,,,9,37.3,,,,,,,,,10,14.9,,,,,,,"{'total': None, 'frontSeven': None, 'db': None}",0.4
2026-08-21T18:47:07+00:00,2026,1,sp_plus,2026,Miami,ACC,22,7,,,12,35,,,,,,,,,7,13.3,,,,,,,"{'total': None, 'frontSeven': None, 'db': None}",0.3
2026-08-21T18:47:07+00:00,2026,1,sp_plus,2026,Texas Tech,Big 12,21.8,8,,,10,36.6,,,,,,,,,11,15,,,,,,,"{'total': None, 'frontSeven': None, 'db': None}",0.2
2026-08-21T18:47:07+00:00,2026,1,sp_plus,2026,Texas A&M,SEC,20.9,9,,,8,37.6,,,,,,,,,14,16.4,,,,,,,"{'total': None, 'frontSeven': None, 'db': None}",-0.3
2026-08-21T18:47:07+00:00,2026,1,sp_plus,2026,LSU,SEC,20.4,10,,,21,32.6,,,,,,,,,3,12.4,,,,,,,"{'total': None, 'frontSeven': None, 'db': None}",0.2
2026-08-21T18:47:07+00:00,2026,1,sp_plus,2026,Oklahoma,SEC,18.8,11,,,25,32.1,,,,,,,,,8,13.7,,,,,,,"{'total': None, 'frontSeven': None, 'db': None}",0.4
2026-08-21T18:47:07+00:00,2026,1,sp_plus,2026,USC,Big Ten,17.7,12,,,6,38,,,,,,,,,28,19.9,,,,,,,"{'total': None, 'frontSeven': None, 'db': None}",-0.3
2026-08-21T18:47:07+00:00,2026,1,sp_plus,2026,Alabama,SEC,17.6,13,,,32,31,,,,,,,,,6,13,,,,,,,"{'total': None, 'frontSeven': None, 'db': None}",-0.4
2026-08-21T18:47:07+00:00,2026,1,sp_plus,2026,Tennessee,SEC,17.3,14,,,4,39.3,,,,,,,,,44,22.4,,,,,,,"{'total': None, 'frontSeven': None, 'db': None}",0.4
2026-08-21T18:47:07+00:00,2026,1,sp_plus,2026,Michigan,Big Ten,17,15,,,16,33.2,,,,,,,,,12,15.8,,,,,,,"{'total': None, 'frontSeven': None, 'db': None}",-0.5
2026-08-21T18:47:07+00:00,2026,1,sp_plus,2026,Ole Miss,SEC,16.5,16,,,11,35.2,,,,,,,,,26,19.4,,,,,,,"{'total': None, 'frontSeven': None, 'db': None}",0.7
2026-08-21T18:47:07+00:00,2026,1,sp_plus,2026,Penn State,Big Ten,16.2,17,,,14,33.9,,,,,,,,,22,18.3,,,,,,,"{'total': None, 'frontSeven': None, 'db': None}",0.6
2026-08-21T18:47:07+00:00,2026,1,sp_plus,2026,Washington,Big Ten,15.8,18,,,18,33,,,,,,,,,17,17,,,,,,,"{'total': None, 'frontSeven': None, 'db': None}",-0.3
2026-08-21T18:47:07+00:00,2026,1,sp_plus,2026,Missouri,SEC,15.4,19,,,24,32.3,,,,,,,,,14,16.4,,,,,,,"{'total': None, 'frontSeven': None, 'db': None}",-0.5
2026-08-21T18:47:07+00:00,2026,1,sp_plus,2026,Florida,SEC,15.2,20,,,40,30.4,,,,,,,,,12,15.8,,,,,,,"{'total': None, 'frontSeven': None, 'db': None}",0.5
2026-08-21T18:47:07+00:00,2026,1,sp_plus,2026,BYU,Big 12,14.9,21,,,19,32.9,,,,,,,,,22,18.3,,,,,,,"{'total': None, 'frontSeven': None, 'db': None}",0.3
2026-08-21T18:47:07+00:00,2026,1,sp_plus,2026,Iowa,Big Ten,14.6,22,,,35,30.8,,,,,,,,,16,16.8,,,,,,,"{'total': None, 'frontSeven': None, 'db': None}",0.6
2026-08-21T18:47:07+00:00,2026,1,sp_plus,2026,Clemson,ACC,13.1,23,,,46,29.8,,,,,,,,,18,17.1,,,,,,,"{'total': None, 'frontSeven': None, 'db': None}",0.3
2026-08-21T18:47:07+00:00,2026,1,sp_plus,2026,South Carolina,SEC,12.6,24,,,41,30.2,,,,,,,,,21,18.1,,,,,,,"{'total': None, 'frontSeven': None, 'db': None}",0.5
2026-08-21T18:47:07+00:00,2026,1,sp_plus,2026,SMU,ACC,12.1,25,,,22,32.5,,,,,,,,,29,20.1,,,,,,,"{'total': None, 'frontSeven': None, 'db': None}",-0.4
2026-08-21T18:47:07+00:00,2026,1,sp_plus,2026,Auburn,SEC,11.5,26,,,55,28.5,,,,,,,,,19,17.3,,,,,,,"{'total': None, 'frontSeven': None, 'db': None}",0.3
2026-08-21T18:47:07+00:00,2026,1,sp_plus,2026,Louisville,ACC,11.1,27,,,38,30.7,,,,,,,,,27,19.8,,,,,,,"{'total': None, 'frontSeven': None, 'db': None}",0.2
2026-08-21T18:47:07+00:00,2026,1,sp_plus,2026,Illinois,Big Ten,10.4,28,,,26,32,,,,,,,,,41,22.1,,,,,,,"{'total': None, 'frontSeven': None, 'db': None}",0.4
2026-08-21T18:47:07+00:00,2026,1,sp_plus,2026,Vanderbilt,SEC,9.8,29,,,15,33.3,,,,,,,,,56,24.2,,,,,,,"{'total': None, 'frontSeven': None, 'db': None}",0.6
2026-08-21T18:47:07+00:00,2026,1,sp_plus,2026,Utah,Big 12,9.8,29,,,27,31.9,,,,,,,,,41,22.1,,,,,,,"{'total': None, 'frontSeven': None, 'db': None}",0
2026-08-21T18:47:07+00:00,2026,1,sp_plus,2026,Arizona,Big 12,9.5,31,,,31,31.1,,,,,,,,,35,21.2,,,,,,,"{'total': None, 'frontSeven': None, 'db': None}",-0.5
2026-08-21T18:47:07+00:00,2026,1,sp_plus,2026,TCU,Big 12,9.4,32,,,29,31.4,,,,,,,,,37,21.8,,,,,,,"{'total': None, 'frontSeven': None, 'db': None}",-0.2
2026-08-21T18:47:07+00:00,2026,1,sp_plus,2026,Nebraska,Big Ten,9.3,33,,,42,30,,,,,,,,,31,20.7,,,,,,,"{'total': None, 'frontSeven': None, 'db': None}",0.1
2026-08-21T18:47:07+00:00,2026,1,sp_plus,2026,Kansas State,Big 12,9.2,34,,,22,32.5,,,,,,,,,50,23.6,,,,,,,"{'total': None, 'frontSeven': None, 'db': None}",0.3
2026-08-21T18:47:07+00:00,2026,1,sp_plus,2026,Florida State,ACC,9.1,35,,,46,29.8,,,,,,,,,30,20.4,,,,,,,"{'total': None, 'frontSeven': None, 'db': None}",-0.3
2026-08-21T18:47:07+00:00,2026,1,sp_plus,2026,Virginia Tech,ACC,8.6,36,,,38,30.7,,,,,,,,,38,21.9,,,,,,,"{'total': None, 'frontSeven': None, 'db': None}",-0.2
2026-08-21T18:47:07+00:00,2026,1,sp_plus,2026,Virginia,ACC,8.1,37,,,62,26.9,,,,,,,,,24,18.9,,,,,,,"{'total': None, 'frontSeven': None, 'db': None}",0.2
2026-08-21T18:47:07+00:00,2026,1,sp_plus,2026,Houston,Big 12,7.4,38,,,34,30.9,,,,,,,,,46,23.1,,,,,,,"{'total': None, 'frontSeven': None, 'db': None}",-0.4
2026-08-21T18:47:07+00:00,2026,1,sp_plus,2026,Oklahoma State,Big 12,6.9,39,,,44,29.9,,,,,,,,,48,23.4,,,,,,,"{'total': None, 'frontSeven': None, 'db': None}",0.5
2026-08-21T18:47:07+00:00,2026,1,sp_plus,2026,Minnesota,Big Ten,6.2,40,,,69,25.7,,,,,,,,,25,19,,,,,,,"{'total': None, 'frontSeven': None, 'db': None}",-0.5
2026-08-21T18:47:07+00:00,2026,1,sp_plus,2026,Pittsburgh,ACC,6.2,40,,,42,30,,,,,,,,,54,23.9,,,,,,,"{'total': None, 'frontSeven': None, 'db': None}",0.1
2026-08-21T18:47:07+00:00,2026,1,sp_plus,2026,Georgia Tech,ACC,5.9,42,,,54,28.7,,,,,,,,,48,23.4,,,,,,,"{'total': None, 'frontSeven': None, 'db': None}",0.6
2026-08-21T18:47:07+00:00,2026,1,sp_plus,2026,NC State,ACC,5.7,43,,,32,31,,,,,,,,,59,24.9,,,,,,,"{'total': None, 'frontSeven': None, 'db': None}",-0.4
2026-08-21T18:47:07+00:00,2026,1,sp_plus,2026,Arkansas,SEC,5.6,44,,,13,34.4,,,,,,,,,90,29,,,,,,,"{'total': None, 'frontSeven': None, 'db': None}",0.3
2026-08-21T18:47:07+00:00,2026,1,sp_plus,2026,Duke,ACC,5.6,44,,,20,32.8,,,,,,,,,81,27.6,,,,,,,"{'total': None, 'frontSeven': None, 'db': None}",0.4
2026-08-21T18:47:07+00:00,2026,1,sp_plus,2026,UCLA,Big Ten,5.4,46,,,48,29.1,,,,,,,,,51,23.7,,,,,,,"{'total': None, 'frontSeven': None, 'db': None}",0
2026-08-21T18:47:07+00:00,2026,1,sp_plus,2026,Maryland,Big Ten,5.2,47,,,63,26.8,,,,,,,,,39,22,,,,,,,"{'total': None, 'frontSeven': None, 'db': None}",0.3
2026-08-21T18:47:07+00:00,2026,1,sp_plus,2026,Kentucky,SEC,5.2,47,,,65,26.3,,,,,,,,,34,21.1,,,,,,,"{'total': None, 'frontSeven': None, 'db': None}",0
2026-08-21T18:47:07+00:00,2026,1,sp_plus,2026,Northwestern,Big Ten,5.1,49,,,71,25.3,,,,,,,,,31,20.7,,,,,,,"{'total': None, 'frontSeven': None, 'db': None}",0.5
2026-08-21T18:47:07+00:00,2026,1,sp_plus,2026,Boise State,Pac-12,5.1,49,,,49,29,,,,,,,,,51,23.7,,,,,,,"{'total': None, 'frontSeven': None, 'db': None}",-0.3
2026-08-21T18:47:07+00:00,2026,1,sp_plus,2026,Arizona State,Big 12,4.9,51,,,61,27.4,,,,,,,,,39,22,,,,,,,"{'total': None, 'frontSeven': None, 'db': None}",-0.6
2026-08-21T18:47:07+00:00,2026,1,sp_plus,2026,Mississippi State,SEC,4.8,52,,,35,30.8,,,,,,,,,74,26.5,,,,,,,"{'total': None, 'frontSeven': None, 'db': None}",0.5
2026-08-21T18:47:07+00:00,2026,1,sp_plus,2026,Baylor,Big 12,3.8,53,,,27,31.9,,,,,,,,,89,28.8,,,,,,,"{'total': None, 'frontSeven': None, 'db': None}",0.6
2026-08-21T18:47:07+00:00,2026,1,sp_plus,2026,Wisconsin,Big Ten,3.8,53,,,100,21.6,,,,,,,,,20,17.5,,,,,,,"{'total': None, 'frontSeven': None, 'db': None}",-0.3
2026-08-21T18:47:07+00:00,2026,1,sp_plus,2026,UNLV,Mountain West,3.6,55,,,29,31.4,,,,,,,,,84,28,,,,,,,"{'total': None, 'frontSeven': None, 'db': None}",0.1
2026-08-21T18:47:07+00:00,2026,1,sp_plus,2026,North Carolina,ACC,3.5,56,,,79,24.3,,,,,,,,,35,21.2,,,,,,,"{'total': None, 'frontSeven': None, 'db': None}",0.4
2026-08-21T18:47:07+00:00,2026,1,sp_plus,2026,Wake Forest,ACC,3.4,57,,,80,24.2,,,,,,,,,31,20.7,,,,,,,"{'total': None, 'frontSeven': None, 'db': None}",0
2026-08-21T18:47:07+00:00,2026,1,sp_plus,2026,Kansas,Big 12,3.3,58,,,52,28.8,,,,,,,,,69,26.1,,,,,,,"{'total': None, 'frontSeven': None, 'db': None}",0.6
2026-08-21T18:47:07+00:00,2026,1,sp_plus,2026,Cincinnati,Big 12,3,59,,,51,28.9,,,,,,,,,69,26.1,,,,,,,"{'total': None, 'frontSeven': None, 'db': None}",0.3
2026-08-21T18:47:07+00:00,2026,1,sp_plus,2026,California,ACC,3,59,,,52,28.8,,,,,,,,,64,25.5,,,,,,,"{'total': None, 'frontSeven': None, 'db': None}",-0.3
2026-08-21T18:47:07+00:00,2026,1,sp_plus,2026,Rutgers,Big Ten,2.7,61,,,35,30.8,,,,,,,,,86,28.2,,,,,,,"{'total': None, 'frontSeven': None, 'db': None}",0.1
2026-08-21T18:47:07+00:00,2026,1,sp_plus,2026,Michigan State,Big Ten,2.2,62,,,58,27.7,,,,,,,,,61,25.1,,,,,,,"{'total': None, 'frontSeven': None, 'db': None}",-0.4
2026-08-21T18:47:07+00:00,2026,1,sp_plus,2026,UCF,Big 12,1.7,63,,,80,24.2,,,,,,,,,43,22.3,,,,,,,"{'total': None, 'frontSeven': None, 'db': None}",-0.1
2026-08-21T18:47:07+00:00,2026,1,sp_plus,2026,Navy,American Athletic,1.2,64,,,57,27.8,,,,,,,,,77,26.8,,,,,,,"{'total': None, 'frontSeven': None, 'db': None}",0.2
2026-08-21T18:47:07+00:00,2026,1,sp_plus,2026,San Diego State,Pac-12,0.7,65,,,85,24.1,,,,,,,,,55,24,,,,,,,"{'total': None, 'frontSeven': None, 'db': None}",0.6
2026-08-21T18:47:07+00:00,2026,1,sp_plus,2026,Colorado,Big 12,0.7,65,,,66,26.1,,,,,,,,,60,25,,,,,,,"{'total': None, 'frontSeven': None, 'db': None}",-0.5
2026-08-21T18:47:07+00:00,2026,1,sp_plus,2026,Memphis,American Athletic,0.3,67,,,49,29,,,,,,,,,92,29.2,,,,,,,"{'total': None, 'frontSeven': None, 'db': None}",0.5
2026-08-21T18:47:07+00:00,2026,1,sp_plus,2026,New Mexico,Mountain West,0,68,,,70,25.6,,,,,,,,,69,26.1,,,,,,,"{'total': None, 'frontSeven': None, 'db': None}",0.6
2026-08-21T18:47:07+00:00,2026,1,sp_plus,2026,Iowa State,Big 12,-0.4,69,,,96,22.4,,,,,,,,,47,23.2,,,,,,,"{'total': None, 'frontSeven': None, 'db': None}",0.5
2026-08-21T18:47:07+00:00,2026,1,sp_plus,2026,James Madison,Sun Belt,-0.9,70,,,64,26.7,,,,,,,,,79,27.2,,,,,,,"{'total': None, 'frontSeven': None, 'db': None}",-0.4
2026-08-21T18:47:07+00:00,2026,1,sp_plus,2026,UTSA,American Athletic,-1.1,71,,,44,29.9,,,,,,,,,101,31.1,,,,,,,"{'total': None, 'frontSeven': None, 'db': None}",0.1
2026-08-21T18:47:07+00:00,2026,1,sp_plus,2026,West Virginia,Big 12,-1.3,72,,,71,25.3,,,,,,,,,75,26.6,,,,,,,"{'total': None, 'frontSeven': None, 'db': None}",0.1
2026-08-21T18:47:07+00:00,2026,1,sp_plus,2026,Fresno State,Pac-12,-1.4,73,,,103,21,,,,,,,,,44,22.4,,,,,,,"{'total': None, 'frontSeven': None, 'db': None}",0
2026-08-21T18:47:07+00:00,2026,1,sp_plus,2026,South Florida,American Athletic,-1.7,74,,,56,28.1,,,,,,,,,94,29.6,,,,,,,"{'total': None, 'frontSeven': None, 'db': None}",-0.3
2026-08-21T18:47:07+00:00,2026,1,sp_plus,2026,North Dakota State,Mountain West,-1.8,75,,,85,24.1,,,,,,,,,68,25.9,,,,,,,"{'total': None, 'frontSeven': None, 'db': None}",0
2026-08-21T18:47:07+00:00,2026,1,sp_plus,2026,Syracuse,ACC,-1.9,76,,,90,23.3,,,,,,,,,65,25.6,,,,,,,"{'total': None, 'frontSeven': None, 'db': None}",0.4
2026-08-21T18:47:07+00:00,2026,1,sp_plus,2026,Texas State,Pac-12,-2.1,77,,,16,33.2,,,,,,,,,124,35.4,,,,,,,"{'total': None, 'frontSeven': None, 'db': None}",0.1
2026-08-21T18:47:07+00:00,2026,1,sp_plus,2026,Purdue,Big Ten,-2.2,78,,,80,24.2,,,,,,,,,78,27,,,,,,,"{'total': None, 'frontSeven': None, 'db': None}",0.6
2026-08-21T18:47:07+00:00,2026,1,sp_plus,2026,Stanford,ACC,-2.3,79,,,94,22.5,,,,,,,,,56,24.2,,,,,,,"{'total': None, 'frontSeven': None, 'db': None}",-0.6
2026-08-21T18:47:07+00:00,2026,1,sp_plus,2026,East Carolina,American Athletic,-2.3,79,,,85,24.1,,,,,,,,,73,26.3,,,,,,,"{'total': None, 'frontSeven': None, 'db': None}",-0.2
2026-08-21T18:47:07+00:00,2026,1,sp_plus,2026,Army,American Athletic,-2.4,81,,,74,24.8,,,,,,,,,79,27.2,,,,,,,"{'total': None, 'frontSeven': None, 'db': None}",0.1
2026-08-21T18:47:07+00:00,2026,1,sp_plus,2026,Boston College,ACC,-2.5,82,,,77,24.7,,,,,,,,,82,27.7,,,,,,,"{'total': None, 'frontSeven': None, 'db': None}",0.5
2026-08-21T18:47:07+00:00,2026,1,sp_plus,2026,Hawai'i,Mountain West,-2.6,83,,,68,25.9,,,,,,,,,91,29.1,,,,,,,"{'total': None, 'frontSeven': None, 'db': None}",0.6
2026-08-21T18:47:07+00:00,2026,1,sp_plus,2026,Air Force,Mountain West,-3.2,84,,,74,24.8,,,,,,,,,85,28.1,,,,,,,"{'total': None, 'frontSeven': None, 'db': None}",0.1
2026-08-21T18:47:07+00:00,2026,1,sp_plus,2026,Miami (OH),Mid-American,-4,85,,,112,19.2,,,,,,,,,53,23.8,,,,,,,"{'total': None, 'frontSeven': None, 'db': None}",0.5
2026-08-21T18:47:07+00:00,2026,1,sp_plus,2026,Washington State,Pac-12,-4.3,86,,,107,20.4,,,,,,,,,58,24.6,,,,,,,"{'total': None, 'frontSeven': None, 'db': None}",-0.1
2026-08-21T18:47:07+00:00,2026,1,sp_plus,2026,Tulane,American Athletic,-4.3,86,,,91,22.8,,,,,,,,,82,27.7,,,,,,,"{'total': None, 'frontSeven': None, 'db': None}",0.6
2026-08-21T18:47:07+00:00,2026,1,sp_plus,2026,Liberty,Conference USA,-5.3,88,,,67,26,,,,,,,,,101,31.1,,,,,,,"{'total': None, 'frontSeven': None, 'db': None}",-0.2
2026-08-21T18:47:07+00:00,2026,1,sp_plus,2026,Oregon State,Pac-12,-5.6,89,,,101,21.2,,,,,,,,,69,26.1,,,,,,,"{'total': None, 'frontSeven': None, 'db': None}",-0.7
2026-08-21T18:47:07+00:00,2026,1,sp_plus,2026,Western Michigan,Mid-American,-6,90,,,109,19.6,,,,,,,,,62,25.2,,,,,,,"{'total': None, 'frontSeven': None, 'db': None}",-0.4
2026-08-21T18:47:07+00:00,2026,1,sp_plus,2026,Florida Atlantic,American Athletic,-6.1,91,,,58,27.7,,,,,,,,,116,34.3,,,,,,,"{'total': None, 'frontSeven': None, 'db': None}",0.5
2026-08-21T18:47:07+00:00,2026,1,sp_plus,2026,Tulsa,American Athletic,-6.1,91,,,80,24.2,,,,,,,,,99,30.9,,,,,,,"{'total': None, 'frontSeven': None, 'db': None}",0.5
2026-08-21T18:47:07+00:00,2026,1,sp_plus,2026,Old Dominion,Sun Belt,-6.9,93,,,109,19.6,,,,,,,,,67,25.8,,,,,,,"{'total': None, 'frontSeven': None, 'db': None}",-0.7
2026-08-21T18:47:07+00:00,2026,1,sp_plus,2026,Western Kentucky,Conference USA,-7.3,94,,,80,24.2,,,,,,,,,104,32,,,,,,,"{'total': None, 'frontSeven': None, 'db': None}",0.5
2026-08-21T18:47:07+00:00,2026,1,sp_plus,2026,Jacksonville State,Conference USA,-7.8,95,,,74,24.8,,,,,,,,,104,32,,,,,,,"{'total': None, 'frontSeven': None, 'db': None}",-0.5
2026-08-21T18:47:07+00:00,2026,1,sp_plus,2026,Utah State,Pac-12,-7.9,96,,,89,23.4,,,,,,,,,98,30.8,,,,,,,"{'total': None, 'frontSeven': None, 'db': None}",-0.5
2026-08-21T18:47:07+00:00,2026,1,sp_plus,2026,Troy,Sun Belt,-8,97,,,94,22.5,,,,,,,,,97,30.7,,,,,,,"{'total': None, 'frontSeven': None, 'db': None}",0.2
2026-08-21T18:47:07+00:00,2026,1,sp_plus,2026,Marshall,Sun Belt,-8.2,98,,,60,27.6,,,,,,,,,127,36,,,,,,,"{'total': None, 'frontSeven': None, 'db': None}",0.3
2026-08-21T18:47:07+00:00,2026,1,sp_plus,2026,Louisiana Tech,Sun Belt,-9.1,99,,,99,21.9,,,,,,,,,100,31,,,,,,,"{'total': None, 'frontSeven': None, 'db': None}",0
2026-08-21T18:47:07+00:00,2026,1,sp_plus,2026,Temple,American Athletic,-9.1,99,,,73,25,,,,,,,,,117,34.4,,,,,,,"{'total': None, 'frontSeven': None, 'db': None}",0.3
2026-08-21T18:47:07+00:00,2026,1,sp_plus,2026,Toledo,Mid-American,-9.1,99,,,114,17.9,,,,,,,,,75,26.6,,,,,,,"{'total': None, 'frontSeven': None, 'db': None}",-0.4
2026-08-21T18:47:07+00:00,2026,1,sp_plus,2026,Louisiana,Sun Belt,-10.6,102,,,78,24.4,,,,,,,,,119,34.6,,,,,,,"{'total': None, 'frontSeven': None, 'db': None}",-0.5
2026-08-21T18:47:07+00:00,2026,1,sp_plus,2026,Georgia Southern,Sun Belt,-10.8,103,,,93,22.7,,,,,,,,,110,33.5,,,,,,,"{'total': None, 'frontSeven': None, 'db': None}",0
2026-08-21T18:47:07+00:00,2026,1,sp_plus,2026,Wyoming,Mountain West,-10.8,103,,,122,15.5,,,,,,,,,65,25.6,,,,,,,"{'total': None, 'frontSeven': None, 'db': None}",-0.6
2026-08-21T18:47:07+00:00,2026,1,sp_plus,2026,North Texas,American Athletic,-11.6,105,,,88,23.7,,,,,,,,,121,35,,,,,,,"{'total': None, 'frontSeven': None, 'db': None}",-0.2
2026-08-21T18:47:07+00:00,2026,1,sp_plus,2026,Arkansas State,Sun Belt,-11.6,105,,,97,22.1,,,,,,,,,113,33.8,,,,,,,"{'total': None, 'frontSeven': None, 'db': None}",0.1
2026-08-21T18:47:07+00:00,2026,1,sp_plus,2026,Colorado State,Pac-12,-11.6,105,,,118,16.8,,,,,,,,,87,28.3,,,,,,,"{'total': None, 'frontSeven': None, 'db': None}",-0.1
2026-08-21T18:47:07+00:00,2026,1,sp_plus,2026,Nevada,Mountain West,-11.7,108,,,116,17.6,,,,,,,,,95,29.7,,,,,,,"{'total': None, 'frontSeven': None, 'db': None}",0.4
2026-08-21T18:47:07+00:00,2026,1,sp_plus,2026,Ohio,Mid-American,-11.8,109,,,132,14.1,,,,,,,,,63,25.3,,,,,,,"{'total': None, 'frontSeven': None, 'db': None}",-0.6
2026-08-21T18:47:07+00:00,2026,1,sp_plus,2026,UConn,FBS Independents,-11.9,110,,,108,19.9,,,,,,,,,107,32.4,,,,,,,"{'total': None, 'frontSeven': None, 'db': None}",0.6
2026-08-21T18:47:07+00:00,2026,1,sp_plus,2026,App State,Sun Belt,-12.7,111,,,104,20.8,,,,,,,,,114,33.9,,,,,,,"{'total': None, 'frontSeven': None, 'db': None}",0.3
2026-08-21T18:47:07+00:00,2026,1,sp_plus,2026,Buffalo,Mid-American,-12.7,111,,,124,15.3,,,,,,,,,88,28.5,,,,,,,"{'total': None, 'frontSeven': None, 'db': None}",0.6
2026-08-21T18:47:07+00:00,2026,1,sp_plus,2026,Kennesaw State,Conference USA,-12.9,113,,,111,19.5,,,,,,,,,103,31.8,,,,,,,"{'total': None, 'frontSeven': None, 'db': None}",-0.5
2026-08-21T18:47:07+00:00,2026,1,sp_plus,2026,Delaware,Conference USA,-12.9,113,,,91,22.8,,,,,,,,,124,35.4,,,,,,,"{'total': None, 'frontSeven': None, 'db': None}",-0.3
2026-08-21T18:47:07+00:00,2026,1,sp_plus,2026,Florida International,Conference USA,-14.5,115,,,102,21.1,,,,,,,,,123,35.3,,,,,,,"{'total': None, 'frontSeven': None, 'db': None}",-0.3
2026-08-21T18:47:07+00:00,2026,1,sp_plus,2026,South Alabama,Sun Belt,-14.6,116,,,98,22,,,,,,,,,126,35.9,,,,,,,"{'total': None, 'frontSeven': None, 'db': None}",-0.7
2026-08-21T18:47:07+00:00,2026,1,sp_plus,2026,Coastal Carolina,Sun Belt,-14.7,117,,,105,20.6,,,,,,,,,120,34.8,,,,,,,"{'total': None, 'frontSeven': None, 'db': None}",-0.5
2026-08-21T18:47:07+00:00,2026,1,sp_plus,2026,Bowling Green,Mid-American,-15,118,,,133,13.9,,,,,,,,,92,29.2,,,,,,,"{'total': None, 'frontSeven': None, 'db': None}",0.3
2026-08-21T18:47:07+00:00,2026,1,sp_plus,2026,Central Michigan,Mid-American,-15.1,119,,,122,15.5,,,,,,,,,96,30.4,,,,,,,"{'total': None, 'frontSeven': None, 'db': None}",-0.2
2026-08-21T18:47:07+00:00,2026,1,sp_plus,2026,Rice,American Athletic,-15.3,120,,,119,16.7,,,,,,,,,108,32.5,,,,,,,"{'total': None, 'frontSeven': None, 'db': None}",0.5
2026-08-21T18:47:07+00:00,2026,1,sp_plus,2026,San José State,Mountain West,-15.7,121,,,113,18.3,,,,,,,,,110,33.5,,,,,,,"{'total': None, 'frontSeven': None, 'db': None}",-0.5
2026-08-21T18:47:07+00:00,2026,1,sp_plus,2026,Eastern Michigan,Mid-American,-16.1,122,,,117,17.2,,,,,,,,,109,33.4,,,,,,,"{'total': None, 'frontSeven': None, 'db': None}",0
2026-08-21T18:47:07+00:00,2026,1,sp_plus,2026,Northern Illinois,Mountain West,-17.2,123,,,125,15.2,,,,,,,,,106,32.1,,,,,,,"{'total': None, 'frontSeven': None, 'db': None}",-0.2
2026-08-21T18:47:07+00:00,2026,1,sp_plus,2026,UAB,American Athletic,-17.5,124,,,105,20.6,,,,,,,,,130,37.6,,,,,,,"{'total': None, 'frontSeven': None, 'db': None}",-0.5
2026-08-21T18:47:07+00:00,2026,1,sp_plus,2026,New Mexico State,Conference USA,-18.5,125,,,121,15.9,,,,,,,,,117,34.4,,,,,,,"{'total': None, 'frontSeven': None, 'db': None}",-0.1
2026-08-21T18:47:07+00:00,2026,1,sp_plus,2026,Missouri State,Conference USA,-19.1,126,,,120,16.4,,,,,,,,,122,35.1,,,,,,,"{'total': None, 'frontSeven': None, 'db': None}",-0.5
2026-08-21T18:47:07+00:00,2026,1,sp_plus,2026,UTEP,Mountain West,-19.3,127,,,125,15.2,,,,,,,,,115,34.1,,,,,,,"{'total': None, 'frontSeven': None, 'db': None}",-0.5
2026-08-21T18:47:07+00:00,2026,1,sp_plus,2026,Southern Miss,Sun Belt,-20.7,128,,,115,17.8,,,,,,,,,131,38,,,,,,,"{'total': None, 'frontSeven': None, 'db': None}",-0.4
2026-08-21T18:47:07+00:00,2026,1,sp_plus,2026,Kent State,Mid-American,-22.4,129,,,128,14.7,,,,,,,,,128,36.6,,,,,,,"{'total': None, 'frontSeven': None, 'db': None}",-0.5
2026-08-21T18:47:07+00:00,2026,1,sp_plus,2026,Akron,Mid-American,-22.9,130,,,137,11.3,,,,,,,,,112,33.6,,,,,,,"{'total': None, 'frontSeven': None, 'db': None}",-0.6
2026-08-21T18:47:07+00:00,2026,1,sp_plus,2026,Sacramento State,Mid-American,-23.4,131,,,128,14.7,,,,,,,,,133,38.2,,,,,,,"{'total': None, 'frontSeven': None, 'db': None}",0
2026-08-21T18:47:07+00:00,2026,1,sp_plus,2026,Charlotte,American Athletic,-24.1,132,,,130,14.5,,,,,,,,,132,38.1,,,,,,,"{'total': None, 'frontSeven': None, 'db': None}",-0.5
2026-08-21T18:47:07+00:00,2026,1,sp_plus,2026,Ball State,Mid-American,-25.1,133,,,135,12.2,,,,,,,,,129,36.7,,,,,,,"{'total': None, 'frontSeven': None, 'db': None}",-0.7
2026-08-21T18:47:07+00:00,2026,1,sp_plus,2026,Sam Houston,Conference USA,-26,134,,,131,14.2,,,,,,,,,134,39.8,,,,,,,"{'total': None, 'frontSeven': None, 'db': None}",-0.4
2026-08-21T18:47:07+00:00,2026,1,sp_plus,2026,Middle Tennessee,Conference USA,-26.5,135,,,134,13.8,,,,,,,,,136,40.5,,,,,,,"{'total': None, 'frontSeven': None, 'db': None}",0.2
2026-08-21T18:47:07+00:00,2026,1,sp_plus,2026,UL Monroe,Sun Belt,-28.9,136,,,136,11.9,,,,,,,,,135,40.1,,,,,,,"{'total': None, 'frontSeven': None, 'db': None}",-0.7
2026-08-21T18:47:07+00:00,2026,1,sp_plus,2026,Georgia State,Sun Belt,-29.3,137,,,127,14.8,,,,,,,,,138,43.4,,,,,,,"{'total': None, 'frontSeven': None, 'db': None}",-0.7
2026-08-21T18:47:07+00:00,2026,1,sp_plus,2026,Massachusetts,Mid-American,-32.9,138,,,138,8.8,,,,,,,,,137,41.2,,,,,,,"{'total': None, 'frontSeven': None, 'db': None}",-0.5
2026-08-21T18:47:07+00:00,2026,1,sp_plus,2026,nationalAverages,,-0.5246376811594203,,,,,25.655797101449277,,,,,,,,,,26.194927536231884,,,,,,,"{'total': None, 'frontSeven': None, 'db': None}",0.010869565217391304
2026-08-25T14:27:48+00:00,2026,1,sp_plus,2026,Ohio State,Big Ten,32.7,1,,,2,41,,,,,,,,,1,8.4,,,,,,,"{'total': None, 'frontSeven': None, 'db': None}",0.1
2026-08-25T14:27:48+00:00,2026,1,sp_plus,2026,Oregon,Big Ten,29.2,2,,,1,41.1,,,,,,,,,2,12.2,,,,,,,"{'total': None, 'frontSeven': None, 'db': None}",0.3
2026-08-25T14:27:48+00:00,2026,1,sp_plus,2026,Notre Dame,FBS Independents,26.5,3,,,3,40.6,,,,,,,,,9,14.3,,,,,,,"{'total': None, 'frontSeven': None, 'db': None}",0.3
2026-08-25T14:27:48+00:00,2026,1,sp_plus,2026,Georgia,SEC,26.4,4,,,5,38.7,,,,,,,,,5,12.9,,,,,,,"{'total': None, 'frontSeven': None, 'db': None}",0.6
2026-08-25T14:27:48+00:00,2026,1,sp_plus,2026,Indiana,Big Ten,25.8,5,,,7,37.8,,,,,,,,,4,12.5,,,,,,,"{'total': None, 'frontSeven': None, 'db': None}",0.5
2026-08-25T14:27:48+00:00,2026,1,sp_plus,2026,Texas,SEC,22.8,6,,,9,37.3,,,,,,,,,10,14.9,,,,,,,"{'total': None, 'frontSeven': None, 'db': None}",0.4
2026-08-25T14:27:48+00:00,2026,1,sp_plus,2026,Miami,ACC,22,7,,,12,35,,,,,,,,,7,13.3,,,,,,,"{'total': None, 'frontSeven': None, 'db': None}",0.3
2026-08-25T14:27:48+00:00,2026,1,sp_plus,2026,Texas Tech,Big 12,21.8,8,,,10,36.6,,,,,,,,,11,15,,,,,,,"{'total': None, 'frontSeven': None, 'db': None}",0.2
2026-08-25T14:27:48+00:00,2026,1,sp_plus,2026,Texas A&M,SEC,20.9,9,,,8,37.6,,,,,,,,,14,16.4,,,,,,,"{'total': None, 'frontSeven': None, 'db': None}",-0.3
2026-08-25T14:27:48+00:00,2026,1,sp_plus,2026,LSU,SEC,20.4,10,,,21,32.6,,,,,,,,,3,12.4,,,,,,,"{'total': None, 'frontSeven': None, 'db': None}",0.2
2026-08-25T14:27:48+00:00,2026,1,sp_plus,2026,Oklahoma,SEC,18.8,11,,,25,32.1,,,,,,,,,8,13.7,,,,,,,"{'total': None, 'frontSeven': None, 'db': None}",0.4
2026-08-25T14:27:48+00:00,2026,1,sp_plus,2026,USC,Big Ten,17.7,12,,,6,38,,,,,,,,,28,19.9,,,,,,,"{'total': None, 'frontSeven': None, 'db': None}",-0.3
2026-08-25T14:27:48+00:00,2026,1,sp_plus,2026,Alabama,SEC,17.6,13,,,32,31,,,,,,,,,6,13,,,,,,,"{'total': None, 'frontSeven': None, 'db': None}",-0.4
2026-08-25T14:27:48+00:00,2026,1,sp_plus,2026,Tennessee,SEC,17.3,14,,,4,39.3,,,,,,,,,44,22.4,,,,,,,"{'total': None, 'frontSeven': None, 'db': None}",0.4
2026-08-25T14:27:48+00:00,2026,1,sp_plus,2026,Michigan,Big Ten,17,15,,,16,33.2,,,,,,,,,12,15.8,,,,,,,"{'total': None, 'frontSeven': None, 'db': None}",-0.5
2026-08-25T14:27:48+00:00,2026,1,sp_plus,2026,Ole Miss,SEC,16.5,16,,,11,35.2,,,,,,,,,26,19.4,,,,,,,"{'total': None, 'frontSeven': None, 'db': None}",0.7
2026-08-25T14:27:48+00:00,2026,1,sp_plus,2026,Penn State,Big Ten,16.2,17,,,14,33.9,,,,,,,,,22,18.3,,,,,,,"{'total': None, 'frontSeven': None, 'db': None}",0.6
2026-08-25T14:27:48+00:00,2026,1,sp_plus,2026,Washington,Big Ten,15.8,18,,,18,33,,,,,,,,,17,17,,,,,,,"{'total': None, 'frontSeven': None, 'db': None}",-0.3
2026-08-25T14:27:48+00:00,2026,1,sp_plus,2026,Missouri,SEC,15.4,19,,,24,32.3,,,,,,,,,14,16.4,,,,,,,"{'total': None, 'frontSeven': None, 'db': None}",-0.5
2026-08-25T14:27:48+00:00,2026,1,sp_plus,2026,Florida,SEC,15.2,20,,,40,30.4,,,,,,,,,12,15.8,,,,,,,"{'total': None, 'frontSeven': None, 'db': None}",0.5
2026-08-25T14:27:48+00:00,2026,1,sp_plus,2026,BYU,Big 12,14.9,21,,,19,32.9,,,,,,,,,22,18.3,,,,,,,"{'total': None, 'frontSeven': None, 'db': None}",0.3
2026-08-25T14:27:48+00:00,2026,1,sp_plus,2026,Iowa,Big Ten,14.6,22,,,35,30.8,,,,,,,,,16,16.8,,,,,,,"{'total': None, 'frontSeven': None, 'db': None}",0.6
2026-08-25T14:27:48+00:00,2026,1,sp_plus,2026,Clemson,ACC,13.1,23,,,46,29.8,,,,,,,,,18,17.1,,,,,,,"{'total': None, 'frontSeven': None, 'db': None}",0.3
2026-08-25T14:27:48+00:00,2026,1,sp_plus,2026,South Carolina,SEC,12.6,24,,,41,30.2,,,,,,,,,21,18.1,,,,,,,"{'total': None, 'frontSeven': None, 'db': None}",0.5
2026-08-25T14:27:48+00:00,2026,1,sp_plus,2026,SMU,ACC,12.1,25,,,22,32.5,,,,,,,,,29,20.1,,,,,,,"{'total': None, 'frontSeven': None, 'db': None}",-0.4
2026-08-25T14:27:48+00:00,2026,1,sp_plus,2026,Auburn,SEC,11.5,26,,,55,28.5,,,,,,,,,19,17.3,,,,,,,"{'total': None, 'frontSeven': None, 'db': None}",0.3
2026-08-25T14:27:48+00:00,2026,1,sp_plus,2026,Louisville,ACC,11.1,27,,,38,30.7,,,,,,,,,27,19.8,,,,,,,"{'total': None, 'frontSeven': None, 'db': None}",0.2
2026-08-25T14:27:48+00:00,2026,1,sp_plus,2026,Illinois,Big Ten,10.4,28,,,26,32,,,,,,,,,41,22.1,,,,,,,"{'total': None, 'frontSeven': None, 'db': None}",0.4
2026-08-25T14:27:48+00:00,2026,1,sp_plus,2026,Vanderbilt,SEC,9.8,29,,,15,33.3,,,,,,,,,56,24.2,,,,,,,"{'total': None, 'frontSeven': None, 'db': None}",0.6
2026-08-25T14:27:48+00:00,2026,1,sp_plus,2026,Utah,Big 12,9.8,29,,,27,31.9,,,,,,,,,41,22.1,,,,,,,"{'total': None, 'frontSeven': None, 'db': None}",0
2026-08-25T14:27:48+00:00,2026,1,sp_plus,2026,Arizona,Big 12,9.5,31,,,31,31.1,,,,,,,,,35,21.2,,,,,,,"{'total': None, 'frontSeven': None, 'db': None}",-0.5
2026-08-25T14:27:48+00:00,2026,1,sp_plus,2026,TCU,Big 12,9.4,32,,,29,31.4,,,,,,,,,37,21.8,,,,,,,"{'total': None, 'frontSeven': None, 'db': None}",-0.2
2026-08-25T14:27:48+00:00,2026,1,sp_plus,2026,Nebraska,Big Ten,9.3,33,,,42,30,,,,,,,,,31,20.7,,,,,,,"{'total': None, 'frontSeven': None, 'db': None}",0.1
2026-08-25T14:27:48+00:00,2026,1,sp_plus,2026,Kansas State,Big 12,9.2,34,,,22,32.5,,,,,,,,,50,23.6,,,,,,,"{'total': None, 'frontSeven': None, 'db': None}",0.3
2026-08-25T14:27:48+00:00,2026,1,sp_plus,2026,Florida State,ACC,9.1,35,,,46,29.8,,,,,,,,,30,20.4,,,,,,,"{'total': None, 'frontSeven': None, 'db': None}",-0.3
2026-08-25T14:27:48+00:00,2026,1,sp_plus,2026,Virginia Tech,ACC,8.6,36,,,38,30.7,,,,,,,,,38,21.9,,,,,,,"{'total': None, 'frontSeven': None, 'db': None}",-0.2
2026-08-25T14:27:48+00:00,2026,1,sp_plus,2026,Virginia,ACC,8.1,37,,,62,26.9,,,,,,,,,24,18.9,,,,,,,"{'total': None, 'frontSeven': None, 'db': None}",0.2
2026-08-25T14:27:48+00:00,2026,1,sp_plus,2026,Houston,Big 12,7.4,38,,,34,30.9,,,,,,,,,46,23.1,,,,,,,"{'total': None, 'frontSeven': None, 'db': None}",-0.4
2026-08-25T14:27:48+00:00,2026,1,sp_plus,2026,Oklahoma State,Big 12,6.9,39,,,44,29.9,,,,,,,,,48,23.4,,,,,,,"{'total': None, 'frontSeven': None, 'db': None}",0.5
2026-08-25T14:27:48+00:00,2026,1,sp_plus,2026,Minnesota,Big Ten,6.2,40,,,69,25.7,,,,,,,,,25,19,,,,,,,"{'total': None, 'frontSeven': None, 'db': None}",-0.5
2026-08-25T14:27:48+00:00,2026,1,sp_plus,2026,Pittsburgh,ACC,6.2,40,,,42,30,,,,,,,,,54,23.9,,,,,,,"{'total': None, 'frontSeven': None, 'db': None}",0.1
2026-08-25T14:27:48+00:00,2026,1,sp_plus,2026,Georgia Tech,ACC,5.9,42,,,54,28.7,,,,,,,,,48,23.4,,,,,,,"{'total': None, 'frontSeven': None, 'db': None}",0.6
2026-08-25T14:27:48+00:00,2026,1,sp_plus,2026,NC State,ACC,5.7,43,,,32,31,,,,,,,,,59,24.9,,,,,,,"{'total': None, 'frontSeven': None, 'db': None}",-0.4
2026-08-25T14:27:48+00:00,2026,1,sp_plus,2026,Arkansas,SEC,5.6,44,,,13,34.4,,,,,,,,,90,29,,,,,,,"{'total': None, 'frontSeven': None, 'db': None}",0.3
2026-08-25T14:27:48+00:00,2026,1,sp_plus,2026,Duke,ACC,5.6,44,,,20,32.8,,,,,,,,,81,27.6,,,,,,,"{'total': None, 'frontSeven': None, 'db': None}",0.4
2026-08-25T14:27:48+00:00,2026,1,sp_plus,2026,UCLA,Big Ten,5.4,46,,,48,29.1,,,,,,,,,51,23.7,,,,,,,"{'total': None, 'frontSeven': None, 'db': None}",0
2026-08-25T14:27:48+00:00,2026,1,sp_plus,2026,Maryland,Big Ten,5.2,47,,,63,26.8,,,,,,,,,39,22,,,,,,,"{'total': None, 'frontSeven': None, 'db': None}",0.3
2026-08-25T14:27:48+00:00,2026,1,sp_plus,2026,Kentucky,SEC,5.2,47,,,65,26.3,,,,,,,,,34,21.1,,,,,,,"{'total': None, 'frontSeven': None, 'db': None}",0
2026-08-25T14:27:48+00:00,2026,1,sp_plus,2026,Northwestern,Big Ten,5.1,49,,,71,25.3,,,,,,,,,31,20.7,,,,,,,"{'total': None, 'frontSeven': None, 'db': None}",0.5
2026-08-25T14:27:48+00:00,2026,1,sp_plus,2026,Boise State,Pac-12,5.1,49,,,49,29,,,,,,,,,51,23.7,,,,,,,"{'total': None, 'frontSeven': None, 'db': None}",-0.3
2026-08-25T14:27:48+00:00,2026,1,sp_plus,2026,Arizona State,Big 12,4.9,51,,,61,27.4,,,,,,,,,39,22,,,,,,,"{'total': None, 'frontSeven': None, 'db': None}",-0.6
2026-08-25T14:27:48+00:00,2026,1,sp_plus,2026,Mississippi State,SEC,4.8,52,,,35,30.8,,,,,,,,,74,26.5,,,,,,,"{'total': None, 'frontSeven': None, 'db': None}",0.5
2026-08-25T14:27:48+00:00,2026,1,sp_plus,2026,Baylor,Big 12,3.8,53,,,27,31.9,,,,,,,,,89,28.8,,,,,,,"{'total': None, 'frontSeven': None, 'db': None}",0.6
2026-08-25T14:27:48+00:00,2026,1,sp_plus,2026,Wisconsin,Big Ten,3.8,53,,,100,21.6,,,,,,,,,20,17.5,,,,,,,"{'total': None, 'frontSeven': None, 'db': None}",-0.3
2026-08-25T14:27:48+00:00,2026,1,sp_plus,2026,UNLV,Mountain West,3.6,55,,,29,31.4,,,,,,,,,84,28,,,,,,,"{'total': None, 'frontSeven': None, 'db': None}",0.1
2026-08-25T14:27:48+00:00,2026,1,sp_plus,2026,North Carolina,ACC,3.5,56,,,79,24.3,,,,,,,,,35,21.2,,,,,,,"{'total': None, 'frontSeven': None, 'db': None}",0.4
2026-08-25T14:27:48+00:00,2026,1,sp_plus,2026,Wake Forest,ACC,3.4,57,,,80,24.2,,,,,,,,,31,20.7,,,,,,,"{'total': None, 'frontSeven': None, 'db': None}",0
2026-08-25T14:27:48+00:00,2026,1,sp_plus,2026,Kansas,Big 12,3.3,58,,,52,28.8,,,,,,,,,69,26.1,,,,,,,"{'total': None, 'frontSeven': None, 'db': None}",0.6
2026-08-25T14:27:48+00:00,2026,1,sp_plus,2026,Cincinnati,Big 12,3,59,,,51,28.9,,,,,,,,,69,26.1,,,,,,,"{'total': None, 'frontSeven': None, 'db': None}",0.3
2026-08-25T14:27:48+00:00,2026,1,sp_plus,2026,California,ACC,3,59,,,52,28.8,,,,,,,,,64,25.5,,,,,,,"{'total': None, 'frontSeven': None, 'db': None}",-0.3
2026-08-25T14:27:48+00:00,2026,1,sp_plus,2026,Rutgers,Big Ten,2.7,61,,,35,30.8,,,,,,,,,86,28.2,,,,,,,"{'total': None, 'frontSeven': None, 'db': None}",0.1
2026-08-25T14:27:48+00:00,2026,1,sp_plus,2026,Michigan State,Big Ten,2.2,62,,,58,27.7,,,,,,,,,61,25.1,,,,,,,"{'total': None, 'frontSeven': None, 'db': None}",-0.4
2026-08-25T14:27:48+00:00,2026,1,sp_plus,2026,UCF,Big 12,1.7,63,,,80,24.2,,,,,,,,,43,22.3,,,,,,,"{'total': None, 'frontSeven': None, 'db': None}",-0.1
2026-08-25T14:27:48+00:00,2026,1,sp_plus,2026,Navy,American Athletic,1.2,64,,,57,27.8,,,,,,,,,77,26.8,,,,,,,"{'total': None, 'frontSeven': None, 'db': None}",0.2
2026-08-25T14:27:48+00:00,2026,1,sp_plus,2026,San Diego State,Pac-12,0.7,65,,,85,24.1,,,,,,,,,55,24,,,,,,,"{'total': None, 'frontSeven': None, 'db': None}",0.6
2026-08-25T14:27:48+00:00,2026,1,sp_plus,2026,Colorado,Big 12,0.7,65,,,66,26.1,,,,,,,,,60,25,,,,,,,"{'total': None, 'frontSeven': None, 'db': None}",-0.5
2026-08-25T14:27:48+00:00,2026,1,sp_plus,2026,Memphis,American Athletic,0.3,67,,,49,29,,,,,,,,,92,29.2,,,,,,,"{'total': None, 'frontSeven': None, 'db': None}",0.5
2026-08-25T14:27:48+00:00,2026,1,sp_plus,2026,New Mexico,Mountain West,0,68,,,70,25.6,,,,,,,,,69,26.1,,,,,,,"{'total': None, 'frontSeven': None, 'db': None}",0.6
2026-08-25T14:27:48+00:00,2026,1,sp_plus,2026,Iowa State,Big 12,-0.4,69,,,96,22.4,,,,,,,,,47,23.2,,,,,,,"{'total': None, 'frontSeven': None, 'db': None}",0.5
2026-08-25T14:27:48+00:00,2026,1,sp_plus,2026,James Madison,Sun Belt,-0.9,70,,,64,26.7,,,,,,,,,79,27.2,,,,,,,"{'total': None, 'frontSeven': None, 'db': None}",-0.4
2026-08-25T14:27:48+00:00,2026,1,sp_plus,2026,UTSA,American Athletic,-1.1,71,,,44,29.9,,,,,,,,,101,31.1,,,,,,,"{'total': None, 'frontSeven': None, 'db': None}",0.1
2026-08-25T14:27:48+00:00,2026,1,sp_plus,2026,West Virginia,Big 12,-1.3,72,,,71,25.3,,,,,,,,,75,26.6,,,,,,,"{'total': None, 'frontSeven': None, 'db': None}",0.1
2026-08-25T14:27:48+00:00,2026,1,sp_plus,2026,Fresno State,Pac-12,-1.4,73,,,103,21,,,,,,,,,44,22.4,,,,,,,"{'total': None, 'frontSeven': None, 'db': None}",0
2026-08-25T14:27:48+00:00,2026,1,sp_plus,2026,South Florida,American Athletic,-1.7,74,,,56,28.1,,,,,,,,,94,29.6,,,,,,,"{'total': None, 'frontSeven': None, 'db': None}",-0.3
2026-08-25T14:27:48+00:00,2026,1,sp_plus,2026,North Dakota State,Mountain West,-1.8,75,,,85,24.1,,,,,,,,,68,25.9,,,,,,,"{'total': None, 'frontSeven': None, 'db': None}",0
2026-08-25T14:27:48+00:00,2026,1,sp_plus,2026,Syracuse,ACC,-1.9,76,,,90,23.3,,,,,,,,,65,25.6,,,,,,,"{'total': None, 'frontSeven': None, 'db': None}",0.4
2026-08-25T14:27:48+00:00,2026,1,sp_plus,2026,Texas State,Pac-12,-2.1,77,,,16,33.2,,,,,,,,,124,35.4,,,,,,,"{'total': None, 'frontSeven': None, 'db': None}",0.1
2026-08-25T14:27:48+00:00,2026,1,sp_plus,2026,Purdue,Big Ten,-2.2,78,,,80,24.2,,,,,,,,,78,27,,,,,,,"{'total': None, 'frontSeven': None, 'db': None}",0.6
2026-08-25T14:27:48+00:00,2026,1,sp_plus,2026,Stanford,ACC,-2.3,79,,,94,22.5,,,,,,,,,56,24.2,,,,,,,"{'total': None, 'frontSeven': None, 'db': None}",-0.6
2026-08-25T14:27:48+00:00,2026,1,sp_plus,2026,East Carolina,American Athletic,-2.3,79,,,85,24.1,,,,,,,,,73,26.3,,,,,,,"{'total': None, 'frontSeven': None, 'db': None}",-0.2
2026-08-25T14:27:48+00:00,2026,1,sp_plus,2026,Army,American Athletic,-2.4,81,,,74,24.8,,,,,,,,,79,27.2,,,,,,,"{'total': None, 'frontSeven': None, 'db': None}",0.1
2026-08-25T14:27:48+00:00,2026,1,sp_plus,2026,Boston College,ACC,-2.5,82,,,77,24.7,,,,,,,,,82,27.7,,,,,,,"{'total': None, 'frontSeven': None, 'db': None}",0.5
2026-08-25T14:27:48+00:00,2026,1,sp_plus,2026,Hawai'i,Mountain West,-2.6,83,,,68,25.9,,,,,,,,,91,29.1,,,,,,,"{'total': None, 'frontSeven': None, 'db': None}",0.6
2026-08-25T14:27:48+00:00,2026,1,sp_plus,2026,Air Force,Mountain West,-3.2,84,,,74,24.8,,,,,,,,,85,28.1,,,,,,,"{'total': None, 'frontSeven': None, 'db': None}",0.1
2026-08-25T14:27:48+00:00,2026,1,sp_plus,2026,Miami (OH),Mid-American,-4,85,,,112,19.2,,,,,,,,,53,23.8,,,,,,,"{'total': None, 'frontSeven': None, 'db': None}",0.5
2026-08-25T14:27:48+00:00,2026,1,sp_plus,2026,Washington State,Pac-12,-4.3,86,,,107,20.4,,,,,,,,,58,24.6,,,,,,,"{'total': None, 'frontSeven': None, 'db': None}",-0.1
2026-08-25T14:27:48+00:00,2026,1,sp_plus,2026,Tulane,American Athletic,-4.3,86,,,91,22.8,,,,,,,,,82,27.7,,,,,,,"{'total': None, 'frontSeven': None, 'db': None}",0.6
2026-08-25T14:27:48+00:00,2026,1,sp_plus,2026,Liberty,Conference USA,-5.3,88,,,67,26,,,,,,,,,101,31.1,,,,,,,"{'total': None, 'frontSeven': None, 'db': None}",-0.2
2026-08-25T14:27:48+00:00,2026,1,sp_plus,2026,Oregon State,Pac-12,-5.6,89,,,101,21.2,,,,,,,,,69,26.1,,,,,,,"{'total': None, 'frontSeven': None, 'db': None}",-0.7
2026-08-25T14:27:48+00:00,2026,1,sp_plus,2026,Western Michigan,Mid-American,-6,90,,,109,19.6,,,,,,,,,62,25.2,,,,,,,"{'total': None, 'frontSeven': None, 'db': None}",-0.4
2026-08-25T14:27:48+00:00,2026,1,sp_plus,2026,Florida Atlantic,American Athletic,-6.1,91,,,58,27.7,,,,,,,,,116,34.3,,,,,,,"{'total': None, 'frontSeven': None, 'db': None}",0.5
2026-08-25T14:27:48+00:00,2026,1,sp_plus,2026,Tulsa,American Athletic,-6.1,91,,,80,24.2,,,,,,,,,99,30.9,,,,,,,"{'total': None, 'frontSeven': None, 'db': None}",0.5
2026-08-25T14:27:48+00:00,2026,1,sp_plus,2026,Old Dominion,Sun Belt,-6.9,93,,,109,19.6,,,,,,,,,67,25.8,,,,,,,"{'total': None, 'frontSeven': None, 'db': None}",-0.7
2026-08-25T14:27:48+00:00,2026,1,sp_plus,2026,Western Kentucky,Conference USA,-7.3,94,,,80,24.2,,,,,,,,,104,32,,,,,,,"{'total': None, 'frontSeven': None, 'db': None}",0.5
2026-08-25T14:27:48+00:00,2026,1,sp_plus,2026,Jacksonville State,Conference USA,-7.8,95,,,74,24.8,,,,,,,,,104,32,,,,,,,"{'total': None, 'frontSeven': None, 'db': None}",-0.5
2026-08-25T14:27:48+00:00,2026,1,sp_plus,2026,Utah State,Pac-12,-7.9,96,,,89,23.4,,,,,,,,,98,30.8,,,,,,,"{'total': None, 'frontSeven': None, 'db': None}",-0.5
2026-08-25T14:27:48+00:00,2026,1,sp_plus,2026,Troy,Sun Belt,-8,97,,,94,22.5,,,,,,,,,97,30.7,,,,,,,"{'total': None, 'frontSeven': None, 'db': None}",0.2
2026-08-25T14:27:48+00:00,2026,1,sp_plus,2026,Marshall,Sun Belt,-8.2,98,,,60,27.6,,,,,,,,,127,36,,,,,,,"{'total': None, 'frontSeven': None, 'db': None}",0.3
2026-08-25T14:27:48+00:00,2026,1,sp_plus,2026,Louisiana Tech,Sun Belt,-9.1,99,,,99,21.9,,,,,,,,,100,31,,,,,,,"{'total': None, 'frontSeven': None, 'db': None}",0
2026-08-25T14:27:48+00:00,2026,1,sp_plus,2026,Temple,American Athletic,-9.1,99,,,73,25,,,,,,,,,117,34.4,,,,,,,"{'total': None, 'frontSeven': None, 'db': None}",0.3
2026-08-25T14:27:48+00:00,2026,1,sp_plus,2026,Toledo,Mid-American,-9.1,99,,,114,17.9,,,,,,,,,75,26.6,,,,,,,"{'total': None, 'frontSeven': None, 'db': None}",-0.4
2026-08-25T14:27:48+00:00,2026,1,sp_plus,2026,Louisiana,Sun Belt,-10.6,102,,,78,24.4,,,,,,,,,119,34.6,,,,,,,"{'total': None, 'frontSeven': None, 'db': None}",-0.5
2026-08-25T14:27:48+00:00,2026,1,sp_plus,2026,Georgia Southern,Sun Belt,-10.8,103,,,93,22.7,,,,,,,,,110,33.5,,,,,,,"{'total': None, 'frontSeven': None, 'db': None}",0
2026-08-25T14:27:48+00:00,2026,1,sp_plus,2026,Wyoming,Mountain West,-10.8,103,,,122,15.5,,,,,,,,,65,25.6,,,,,,,"{'total': None, 'frontSeven': None, 'db': None}",-0.6
2026-08-25T14:27:48+00:00,2026,1,sp_plus,2026,North Texas,American Athletic,-11.6,105,,,88,23.7,,,,,,,,,121,35,,,,,,,"{'total': None, 'frontSeven': None, 'db': None}",-0.2
2026-08-25T14:27:48+00:00,2026,1,sp_plus,2026,Arkansas State,Sun Belt,-11.6,105,,,97,22.1,,,,,,,,,113,33.8,,,,,,,"{'total': None, 'frontSeven': None, 'db': None}",0.1
2026-08-25T14:27:48+00:00,2026,1,sp_plus,2026,Colorado State,Pac-12,-11.6,105,,,118,16.8,,,,,,,,,87,28.3,,,,,,,"{'total': None, 'frontSeven': None, 'db': None}",-0.1
2026-08-25T14:27:48+00:00,2026,1,sp_plus,2026,Nevada,Mountain West,-11.7,108,,,116,17.6,,,,,,,,,95,29.7,,,,,,,"{'total': None, 'frontSeven': None, 'db': None}",0.4
2026-08-25T14:27:48+00:00,2026,1,sp_plus,2026,Ohio,Mid-American,-11.8,109,,,132,14.1,,,,,,,,,63,25.3,,,,,,,"{'total': None, 'frontSeven': None, 'db': None}",-0.6
2026-08-25T14:27:48+00:00,2026,1,sp_plus,2026,UConn,FBS Independents,-11.9,110,,,108,19.9,,,,,,,,,107,32.4,,,,,,,"{'total': None, 'frontSeven': None, 'db': None}",0.6
2026-08-25T14:27:48+00:00,2026,1,sp_plus,2026,App State,Sun Belt,-12.7,111,,,104,20.8,,,,,,,,,114,33.9,,,,,,,"{'total': None, 'frontSeven': None, 'db': None}",0.3
2026-08-25T14:27:48+00:00,2026,1,sp_plus,2026,Buffalo,Mid-American,-12.7,111,,,124,15.3,,,,,,,,,88,28.5,,,,,,,"{'total': None, 'frontSeven': None, 'db': None}",0.6
2026-08-25T14:27:48+00:00,2026,1,sp_plus,2026,Kennesaw State,Conference USA,-12.9,113,,,111,19.5,,,,,,,,,103,31.8,,,,,,,"{'total': None, 'frontSeven': None, 'db': None}",-0.5
2026-08-25T14:27:48+00:00,2026,1,sp_plus,2026,Delaware,Conference USA,-12.9,113,,,91,22.8,,,,,,,,,124,35.4,,,,,,,"{'total': None, 'frontSeven': None, 'db': None}",-0.3
2026-08-25T14:27:48+00:00,2026,1,sp_plus,2026,Florida International,Conference USA,-14.5,115,,,102,21.1,,,,,,,,,123,35.3,,,,,,,"{'total': None, 'frontSeven': None, 'db': None}",-0.3
2026-08-25T14:27:48+00:00,2026,1,sp_plus,2026,South Alabama,Sun Belt,-14.6,116,,,98,22,,,,,,,,,126,35.9,,,,,,,"{'total': None, 'frontSeven': None, 'db': None}",-0.7
2026-08-25T14:27:48+00:00,2026,1,sp_plus,2026,Coastal Carolina,Sun Belt,-14.7,117,,,105,20.6,,,,,,,,,120,34.8,,,,,,,"{'total': None, 'frontSeven': None, 'db': None}",-0.5
2026-08-25T14:27:48+00:00,2026,1,sp_plus,2026,Bowling Green,Mid-American,-15,118,,,133,13.9,,,,,,,,,92,29.2,,,,,,,"{'total': None, 'frontSeven': None, 'db': None}",0.3
2026-08-25T14:27:48+00:00,2026,1,sp_plus,2026,Central Michigan,Mid-American,-15.1,119,,,122,15.5,,,,,,,,,96,30.4,,,,,,,"{'total': None, 'frontSeven': None, 'db': None}",-0.2
2026-08-25T14:27:48+00:00,2026,1,sp_plus,2026,Rice,American Athletic,-15.3,120,,,119,16.7,,,,,,,,,108,32.5,,,,,,,"{'total': None, 'frontSeven': None, 'db': None}",0.5
2026-08-25T14:27:48+00:00,2026,1,sp_plus,2026,San José State,Mountain West,-15.7,121,,,113,18.3,,,,,,,,,110,33.5,,,,,,,"{'total': None, 'frontSeven': None, 'db': None}",-0.5
2026-08-25T14:27:48+00:00,2026,1,sp_plus,2026,Eastern Michigan,Mid-American,-16.1,122,,,117,17.2,,,,,,,,,109,33.4,,,,,,,"{'total': None, 'frontSeven': None, 'db': None}",0
2026-08-25T14:27:48+00:00,2026,1,sp_plus,2026,Northern Illinois,Mountain West,-17.2,123,,,125,15.2,,,,,,,,,106,32.1,,,,,,,"{'total': None, 'frontSeven': None, 'db': None}",-0.2
2026-08-25T14:27:48+00:00,2026,1,sp_plus,2026,UAB,American Athletic,-17.5,124,,,105,20.6,,,,,,,,,130,37.6,,,,,,,"{'total': None, 'frontSeven': None, 'db': None}",-0.5
2026-08-25T14:27:48+00:00,2026,1,sp_plus,2026,New Mexico State,Conference USA,-18.5,125,,,121,15.9,,,,,,,,,117,34.4,,,,,,,"{'total': None, 'frontSeven': None, 'db': None}",-0.1
2026-08-25T14:27:48+00:00,2026,1,sp_plus,2026,Missouri State,Conference USA,-19.1,126,,,120,16.4,,,,,,,,,122,35.1,,,,,,,"{'total': None, 'frontSeven': None, 'db': None}",-0.5
2026-08-25T14:27:48+00:00,2026,1,sp_plus,2026,UTEP,Mountain West,-19.3,127,,,125,15.2,,,,,,,,,115,34.1,,,,,,,"{'total': None, 'frontSeven': None, 'db': None}",-0.5
2026-08-25T14:27:48+00:00,2026,1,sp_plus,2026,Southern Miss,Sun Belt,-20.7,128,,,115,17.8,,,,,,,,,131,38,,,,,,,"{'total': None, 'frontSeven': None, 'db': None}",-0.4
2026-08-25T14:27:48+00:00,2026,1,sp_plus,2026,Kent State,Mid-American,-22.4,129,,,128,14.7,,,,,,,,,128,36.6,,,,,,,"{'total': None, 'frontSeven': None, 'db': None}",-0.5
2026-08-25T14:27:48+00:00,2026,1,sp_plus,2026,Akron,Mid-American,-22.9,130,,,137,11.3,,,,,,,,,112,33.6,,,,,,,"{'total': None, 'frontSeven': None, 'db': None}",-0.6
2026-08-25T14:27:48+00:00,2026,1,sp_plus,2026,Sacramento State,Mid-American,-23.4,131,,,128,14.7,,,,,,,,,133,38.2,,,,,,,"{'total': None, 'frontSeven': None, 'db': None}",0
2026-08-25T14:27:48+00:00,2026,1,sp_plus,2026,Charlotte,American Athletic,-24.1,132,,,130,14.5,,,,,,,,,132,38.1,,,,,,,"{'total': None, 'frontSeven': None, 'db': None}",-0.5
2026-08-25T14:27:48+00:00,2026,1,sp_plus,2026,Ball State,Mid-American,-25.1,133,,,135,12.2,,,,,,,,,129,36.7,,,,,,,"{'total': None, 'frontSeven': None, 'db': None}",-0.7
2026-08-25T14:27:48+00:00,2026,1,sp_plus,2026,Sam Houston,Conference USA,-26,134,,,131,14.2,,,,,,,,,134,39.8,,,,,,,"{'total': None, 'frontSeven': None, 'db': None}",-0.4
2026-08-25T14:27:48+00:00,2026,1,sp_plus,2026,Middle Tennessee,Conference USA,-26.5,135,,,134,13.8,,,,,,,,,136,40.5,,,,,,,"{'total': None, 'frontSeven': None, 'db': None}",0.2
2026-08-25T14:27:48+00:00,2026,1,sp_plus,2026,UL Monroe,Sun Belt,-28.9,136,,,136,11.9,,,,,,,,,135,40.1,,,,,,,"{'total': None, 'frontSeven': None, 'db': None}",-0.7
2026-08-25T14:27:48+00:00,2026,1,sp_plus,2026,Georgia State,Sun Belt,-29.3,137,,,127,14.8,,,,,,,,,138,43.4,,,,,,,"{'total': None, 'frontSeven': None, 'db': None}",-0.7
2026-08-25T14:27:48+00:00,2026,1,sp_plus,2026,Massachusetts,Mid-American,-32.9,138,,,138,8.8,,,,,,,,,137,41.2,,,,,,,"{'total': None, 'frontSeven': None, 'db': None}",-0.5
2026-08-25T14:27:48+00:00,2026,1,sp_plus,2026,nationalAverages,,-0.5246376811594203,,,,,25.655797101449277,,,,,,,,,,26.194927536231884,,,,,,,"{'total': None, 'frontSeven': None, 'db': None}",0.010869565217391304
2026-09-01T12:03:12+00:00,2026,2,sp_plus,2026,Ohio State,Big Ten,32.7,1,,,2,41,,,,,,,,,1,8.4,,,,,,,"{'total': None, 'frontSeven': None, 'db': None}",0.1
2026-09-01T12:03:12+00:00,2026,2,sp_plus,2026,Oregon,Big Ten,29.2,2,,,1,41.1,,,,,,,,,2,12.2,,,,,,,"{'total': None, 'frontSeven': None, 'db': None}",0.3
2026-09-01T12:03:12+00:00,2026,2,sp_plus,2026,Notre Dame,FBS Independents,26.5,3,,,3,40.6,,,,,,,,,9,14.3,,,,,,,"{'total': None, 'frontSeven': None, 'db': None}",0.3
2026-09-01T12:03:12+00:00,2026,2,sp_plus,2026,Georgia,SEC,26.4,4,,,5,38.7,,,,,,,,,5,12.9,,,,,,,"{'total': None, 'frontSeven': None, 'db': None}",0.6
2026-09-01T12:03:12+00:00,2026,2,sp_plus,2026,Indiana,Big Ten,25.8,5,,,7,37.8,,,,,,,,,4,12.5,,,,,,,"{'total': None, 'frontSeven': None, 'db': None}",0.5
2026-09-01T12:03:12+00:00,2026,2,sp_plus,2026,Texas,SEC,22.8,6,,,9,37.3,,,,,,,,,10,14.9,,,,,,,"{'total': None, 'frontSeven': None, 'db': None}",0.4
2026-09-01T12:03:12+00:00,2026,2,sp_plus,2026,Miami,ACC,22,7,,,12,35,,,,,,,,,7,13.3,,,,,,,"{'total': None, 'frontSeven': None, 'db': None}",0.3
2026-09-01T12:03:12+00:00,2026,2,sp_plus,2026,Texas Tech,Big 12,21.8,8,,,10,36.6,,,,,,,,,11,15,,,,,,,"{'total': None, 'frontSeven': None, 'db': None}",0.2
2026-09-01T12:03:12+00:00,2026,2,sp_plus,2026,Texas A&M,SEC,20.9,9,,,8,37.6,,,,,,,,,14,16.4,,,,,,,"{'total': None, 'frontSeven': None, 'db': None}",-0.3
2026-09-01T12:03:12+00:00,2026,2,sp_plus,2026,LSU,SEC,20.4,10,,,21,32.6,,,,,,,,,3,12.4,,,,,,,"{'total': None, 'frontSeven': None, 'db': None}",0.2
2026-09-01T12:03:12+00:00,2026,2,sp_plus,2026,Oklahoma,SEC,18.8,11,,,25,32.1,,,,,,,,,8,13.7,,,,,,,"{'total': None, 'frontSeven': None, 'db': None}",0.4
2026-09-01T12:03:12+00:00,2026,2,sp_plus,2026,USC,Big Ten,17.7,12,,,6,38,,,,,,,,,28,19.9,,,,,,,"{'total': None, 'frontSeven': None, 'db': None}",-0.3
2026-09-01T12:03:12+00:00,2026,2,sp_plus,2026,Alabama,SEC,17.6,13,,,32,31,,,,,,,,,6,13,,,,,,,"{'total': None, 'frontSeven': None, 'db': None}",-0.4
2026-09-01T12:03:12+00:00,2026,2,sp_plus,2026,Tennessee,SEC,17.3,14,,,4,39.3,,,,,,,,,44,22.4,,,,,,,"{'total': None, 'frontSeven': None, 'db': None}",0.4
2026-09-01T12:03:12+00:00,2026,2,sp_plus,2026,Michigan,Big Ten,17,15,,,16,33.2,,,,,,,,,12,15.8,,,,,,,"{'total': None, 'frontSeven': None, 'db': None}",-0.5
2026-09-01T12:03:12+00:00,2026,2,sp_plus,2026,Ole Miss,SEC,16.5,16,,,11,35.2,,,,,,,,,26,19.4,,,,,,,"{'total': None, 'frontSeven': None, 'db': None}",0.7
2026-09-01T12:03:12+00:00,2026,2,sp_plus,2026,Penn State,Big Ten,16.2,17,,,14,33.9,,,,,,,,,22,18.3,,,,,,,"{'total': None, 'frontSeven': None, 'db': None}",0.6
2026-09-01T12:03:12+00:00,2026,2,sp_plus,2026,Washington,Big Ten,15.8,18,,,18,33,,,,,,,,,17,17,,,,,,,"{'total': None, 'frontSeven': None, 'db': None}",-0.3
2026-09-01T12:03:12+00:00,2026,2,sp_plus,2026,Missouri,SEC,15.4,19,,,24,32.3,,,,,,,,,14,16.4,,,,,,,"{'total': None, 'frontSeven': None, 'db': None}",-0.5
2026-09-01T12:03:12+00:00,2026,2,sp_plus,2026,Florida,SEC,15.2,20,,,40,30.4,,,,,,,,,12,15.8,,,,,,,"{'total': None, 'frontSeven': None, 'db': None}",0.5
2026-09-01T12:03:12+00:00,2026,2,sp_plus,2026,BYU,Big 12,14.9,21,,,19,32.9,,,,,,,,,22,18.3,,,,,,,"{'total': None, 'frontSeven': None, 'db': None}",0.3
2026-09-01T12:03:12+00:00,2026,2,sp_plus,2026,Iowa,Big Ten,14.6,22,,,35,30.8,,,,,,,,,16,16.8,,,,,,,"{'total': None, 'frontSeven': None, 'db': None}",0.6
2026-09-01T12:03:12+00:00,2026,2,sp_plus,2026,Clemson,ACC,13.1,23,,,46,29.8,,,,,,,,,18,17.1,,,,,,,"{'total': None, 'frontSeven': None, 'db': None}",0.3
2026-09-01T12:03:12+00:00,2026,2,sp_plus,2026,South Carolina,SEC,12.6,24,,,41,30.2,,,,,,,,,21,18.1,,,,,,,"{'total': None, 'frontSeven': None, 'db': None}",0.5
2026-09-01T12:03:12+00:00,2026,2,sp_plus,2026,SMU,ACC,12.1,25,,,22,32.5,,,,,,,,,29,20.1,,,,,,,"{'total': None, 'frontSeven': None, 'db': None}",-0.4
2026-09-01T12:03:12+00:00,2026,2,sp_plus,2026,Auburn,SEC,11.5,26,,,55,28.5,,,,,,,,,19,17.3,,,,,,,"{'total': None, 'frontSeven': None, 'db': None}",0.3
2026-09-01T12:03:12+00:00,2026,2,sp_plus,2026,Louisville,ACC,11.1,27,,,38,30.7,,,,,,,,,27,19.8,,,,,,,"{'total': None, 'frontSeven': None, 'db': None}",0.2
2026-09-01T12:03:12+00:00,2026,2,sp_plus,2026,Illinois,Big Ten,10.4,28,,,26,32,,,,,,,,,41,22.1,,,,,,,"{'total': None, 'frontSeven': None, 'db': None}",0.4
2026-09-01T12:03:12+00:00,2026,2,sp_plus,2026,Vanderbilt,SEC,9.8,29,,,15,33.3,,,,,,,,,56,24.2,,,,,,,"{'total': None, 'frontSeven': None, 'db': None}",0.6
2026-09-01T12:03:12+00:00,2026,2,sp_plus,2026,Utah,Big 12,9.8,29,,,27,31.9,,,,,,,,,41,22.1,,,,,,,"{'total': None, 'frontSeven': None, 'db': None}",0
2026-09-01T12:03:12+00:00,2026,2,sp_plus,2026,Arizona,Big 12,9.5,31,,,31,31.1,,,,,,,,,35,21.2,,,,,,,"{'total': None, 'frontSeven': None, 'db': None}",-0.5
2026-09-01T12:03:12+00:00,2026,2,sp_plus,2026,TCU,Big 12,9.4,32,,,29,31.4,,,,,,,,,37,21.8,,,,,,,"{'total': None, 'frontSeven': None, 'db': None}",-0.2
2026-09-01T12:03:12+00:00,2026,2,sp_plus,2026,Nebraska,Big Ten,9.3,33,,,42,30,,,,,,,,,31,20.7,,,,,,,"{'total': None, 'frontSeven': None, 'db': None}",0.1
2026-09-01T12:03:12+00:00,2026,2,sp_plus,2026,Kansas State,Big 12,9.2,34,,,22,32.5,,,,,,,,,50,23.6,,,,,,,"{'total': None, 'frontSeven': None, 'db': None}",0.3
2026-09-01T12:03:12+00:00,2026,2,sp_plus,2026,Florida State,ACC,9.1,35,,,46,29.8,,,,,,,,,30,20.4,,,,,,,"{'total': None, 'frontSeven': None, 'db': None}",-0.3
2026-09-01T12:03:12+00:00,2026,2,sp_plus,2026,Virginia Tech,ACC,8.6,36,,,38,30.7,,,,,,,,,38,21.9,,,,,,,"{'total': None, 'frontSeven': None, 'db': None}",-0.2
2026-09-01T12:03:12+00:00,2026,2,sp_plus,2026,Virginia,ACC,8.1,37,,,62,26.9,,,,,,,,,24,18.9,,,,,,,"{'total': None, 'frontSeven': None, 'db': None}",0.2
2026-09-01T12:03:12+00:00,2026,2,sp_plus,2026,Houston,Big 12,7.4,38,,,34,30.9,,,,,,,,,46,23.1,,,,,,,"{'total': None, 'frontSeven': None, 'db': None}",-0.4
2026-09-01T12:03:12+00:00,2026,2,sp_plus,2026,Oklahoma State,Big 12,6.9,39,,,44,29.9,,,,,,,,,48,23.4,,,,,,,"{'total': None, 'frontSeven': None, 'db': None}",0.5
2026-09-01T12:03:12+00:00,2026,2,sp_plus,2026,Minnesota,Big Ten,6.2,40,,,69,25.7,,,,,,,,,25,19,,,,,,,"{'total': None, 'frontSeven': None, 'db': None}",-0.5
2026-09-01T12:03:12+00:00,2026,2,sp_plus,2026,Pittsburgh,ACC,6.2,40,,,42,30,,,,,,,,,54,23.9,,,,,,,"{'total': None, 'frontSeven': None, 'db': None}",0.1
2026-09-01T12:03:12+00:00,2026,2,sp_plus,2026,Georgia Tech,ACC,5.9,42,,,54,28.7,,,,,,,,,48,23.4,,,,,,,"{'total': None, 'frontSeven': None, 'db': None}",0.6
2026-09-01T12:03:12+00:00,2026,2,sp_plus,2026,NC State,ACC,5.7,43,,,32,31,,,,,,,,,59,24.9,,,,,,,"{'total': None, 'frontSeven': None, 'db': None}",-0.4
2026-09-01T12:03:12+00:00,2026,2,sp_plus,2026,Arkansas,SEC,5.6,44,,,13,34.4,,,,,,,,,90,29,,,,,,,"{'total': None, 'frontSeven': None, 'db': None}",0.3
2026-09-01T12:03:12+00:00,2026,2,sp_plus,2026,Duke,ACC,5.6,44,,,20,32.8,,,,,,,,,81,27.6,,,,,,,"{'total': None, 'frontSeven': None, 'db': None}",0.4
2026-09-01T12:03:12+00:00,2026,2,sp_plus,2026,UCLA,Big Ten,5.4,46,,,48,29.1,,,,,,,,,51,23.7,,,,,,,"{'total': None, 'frontSeven': None, 'db': None}",0
2026-09-01T12:03:12+00:00,2026,2,sp_plus,2026,Maryland,Big Ten,5.2,47,,,63,26.8,,,,,,,,,39,22,,,,,,,"{'total': None, 'frontSeven': None, 'db': None}",0.3
2026-09-01T12:03:12+00:00,2026,2,sp_plus,2026,Kentucky,SEC,5.2,47,,,65,26.3,,,,,,,,,34,21.1,,,,,,,"{'total': None, 'frontSeven': None, 'db': None}",0
2026-09-01T12:03:12+00:00,2026,2,sp_plus,2026,Northwestern,Big Ten,5.1,49,,,71,25.3,,,,,,,,,31,20.7,,,,,,,"{'total': None, 'frontSeven': None, 'db': None}",0.5
2026-09-01T12:03:12+00:00,2026,2,sp_plus,2026,Boise State,Pac-12,5.1,49,,,49,29,,,,,,,,,51,23.7,,,,,,,"{'total': None, 'frontSeven': None, 'db': None}",-0.3
2026-09-01T12:03:12+00:00,2026,2,sp_plus,2026,Arizona State,Big 12,4.9,51,,,61,27.4,,,,,,,,,39,22,,,,,,,"{'total': None, 'frontSeven': None, 'db': None}",-0.6
2026-09-01T12:03:12+00:00,2026,2,sp_plus,2026,Mississippi State,SEC,4.8,52,,,35,30.8,,,,,,,,,74,26.5,,,,,,,"{'total': None, 'frontSeven': None, 'db': None}",0.5
2026-09-01T12:03:12+00:00,2026,2,sp_plus,2026,Baylor,Big 12,3.8,53,,,27,31.9,,,,,,,,,89,28.8,,,,,,,"{'total': None, 'frontSeven': None, 'db': None}",0.6
2026-09-01T12:03:12+00:00,2026,2,sp_plus,2026,Wisconsin,Big Ten,3.8,53,,,100,21.6,,,,,,,,,20,17.5,,,,,,,"{'total': None, 'frontSeven': None, 'db': None}",-0.3
2026-09-01T12:03:12+00:00,2026,2,sp_plus,2026,UNLV,Mountain West,3.6,55,,,29,31.4,,,,,,,,,84,28,,,,,,,"{'total': None, 'frontSeven': None, 'db': None}",0.1
2026-09-01T12:03:12+00:00,2026,2,sp_plus,2026,North Carolina,ACC,3.5,56,,,79,24.3,,,,,,,,,35,21.2,,,,,,,"{'total': None, 'frontSeven': None, 'db': None}",0.4
2026-09-01T12:03:12+00:00,2026,2,sp_plus,2026,Wake Forest,ACC,3.4,57,,,80,24.2,,,,,,,,,31,20.7,,,,,,,"{'total': None, 'frontSeven': None, 'db': None}",0
2026-09-01T12:03:12+00:00,2026,2,sp_plus,2026,Kansas,Big 12,3.3,58,,,52,28.8,,,,,,,,,69,26.1,,,,,,,"{'total': None, 'frontSeven': None, 'db': None}",0.6
2026-09-01T12:03:12+00:00,2026,2,sp_plus,2026,Cincinnati,Big 12,3,59,,,51,28.9,,,,,,,,,69,26.1,,,,,,,"{'total': None, 'frontSeven': None, 'db': None}",0.3
2026-09-01T12:03:12+00:00,2026,2,sp_plus,2026,California,ACC,3,59,,,52,28.8,,,,,,,,,64,25.5,,,,,,,"{'total': None, 'frontSeven': None, 'db': None}",-0.3
2026-09-01T12:03:12+00:00,2026,2,sp_plus,2026,Rutgers,Big Ten,2.7,61,,,35,30.8,,,,,,,,,86,28.2,,,,,,,"{'total': None, 'frontSeven': None, 'db': None}",0.1
2026-09-01T12:03:12+00:00,2026,2,sp_plus,2026,Michigan State,Big Ten,2.2,62,,,58,27.7,,,,,,,,,61,25.1,,,,,,,"{'total': None, 'frontSeven': None, 'db': None}",-0.4
2026-09-01T12:03:12+00:00,2026,2,sp_plus,2026,UCF,Big 12,1.7,63,,,80,24.2,,,,,,,,,43,22.3,,,,,,,"{'total': None, 'frontSeven': None, 'db': None}",-0.1
2026-09-01T12:03:12+00:00,2026,2,sp_plus,2026,Navy,American Athletic,1.2,64,,,57,27.8,,,,,,,,,77,26.8,,,,,,,"{'total': None, 'frontSeven': None, 'db': None}",0.2
2026-09-01T12:03:12+00:00,2026,2,sp_plus,2026,San Diego State,Pac-12,0.7,65,,,85,24.1,,,,,,,,,55,24,,,,,,,"{'total': None, 'frontSeven': None, 'db': None}",0.6
2026-09-01T12:03:12+00:00,2026,2,sp_plus,2026,Colorado,Big 12,0.7,65,,,66,26.1,,,,,,,,,60,25,,,,,,,"{'total': None, 'frontSeven': None, 'db': None}",-0.5
2026-09-01T12:03:12+00:00,2026,2,sp_plus,2026,Memphis,American Athletic,0.3,67,,,49,29,,,,,,,,,92,29.2,,,,,,,"{'total': None, 'frontSeven': None, 'db': None}",0.5
2026-09-01T12:03:12+00:00,2026,2,sp_plus,2026,New Mexico,Mountain West,0,68,,,70,25.6,,,,,,,,,69,26.1,,,,,,,"{'total': None, 'frontSeven': None, 'db': None}",0.6
2026-09-01T12:03:12+00:00,2026,2,sp_plus,2026,Iowa State,Big 12,-0.4,69,,,96,22.4,,,,,,,,,47,23.2,,,,,,,"{'total': None, 'frontSeven': None, 'db': None}",0.5
2026-09-01T12:03:12+00:00,2026,2,sp_plus,2026,James Madison,Sun Belt,-0.9,70,,,64,26.7,,,,,,,,,79,27.2,,,,,,,"{'total': None, 'frontSeven': None, 'db': None}",-0.4
2026-09-01T12:03:12+00:00,2026,2,sp_plus,2026,UTSA,American Athletic,-1.1,71,,,44,29.9,,,,,,,,,101,31.1,,,,,,,"{'total': None, 'frontSeven': None, 'db': None}",0.1
2026-09-01T12:03:12+00:00,2026,2,sp_plus,2026,West Virginia,Big 12,-1.3,72,,,71,25.3,,,,,,,,,75,26.6,,,,,,,"{'total': None, 'frontSeven': None, 'db': None}",0.1
2026-09-01T12:03:12+00:00,2026,2,sp_plus,2026,Fresno State,Pac-12,-1.4,73,,,103,21,,,,,,,,,44,22.4,,,,,,,"{'total': None, 'frontSeven': None, 'db': None}",0
2026-09-01T12:03:12+00:00,2026,2,sp_plus,2026,South Florida,American Athletic,-1.7,74,,,56,28.1,,,,,,,,,94,29.6,,,,,,,"{'total': None, 'frontSeven': None, 'db': None}",-0.3
2026-09-01T12:03:12+00:00,2026,2,sp_plus,2026,North Dakota State,Mountain West,-1.8,75,,,85,24.1,,,,,,,,,68,25.9,,,,,,,"{'total': None, 'frontSeven': None, 'db': None}",0
2026-09-01T12:03:12+00:00,2026,2,sp_plus,2026,Syracuse,ACC,-1.9,76,,,90,23.3,,,,,,,,,65,25.6,,,,,,,"{'total': None, 'frontSeven': None, 'db': None}",0.4
2026-09-01T12:03:12+00:00,2026,2,sp_plus,2026,Texas State,Pac-12,-2.1,77,,,16,33.2,,,,,,,,,124,35.4,,,,,,,"{'total': None, 'frontSeven': None, 'db': None}",0.1
2026-09-01T12:03:12+00:00,2026,2,sp_plus,2026,Purdue,Big Ten,-2.2,78,,,80,24.2,,,,,,,,,78,27,,,,,,,"{'total': None, 'frontSeven': None, 'db': None}",0.6
2026-09-01T12:03:12+00:00,2026,2,sp_plus,2026,Stanford,ACC,-2.3,79,,,94,22.5,,,,,,,,,56,24.2,,,,,,,"{'total': None, 'frontSeven': None, 'db': None}",-0.6
2026-09-01T12:03:12+00:00,2026,2,sp_plus,2026,East Carolina,American Athletic,-2.3,79,,,85,24.1,,,,,,,,,73,26.3,,,,,,,"{'total': None, 'frontSeven': None, 'db': None}",-0.2
2026-09-01T12:03:12+00:00,2026,2,sp_plus,2026,Army,American Athletic,-2.4,81,,,74,24.8,,,,,,,,,79,27.2,,,,,,,"{'total': None, 'frontSeven': None, 'db': None}",0.1
2026-09-01T12:03:12+00:00,2026,2,sp_plus,2026,Boston College,ACC,-2.5,82,,,77,24.7,,,,,,,,,82,27.7,,,,,,,"{'total': None, 'frontSeven': None, 'db': None}",0.5
2026-09-01T12:03:12+00:00,2026,2,sp_plus,2026,Hawai'i,Mountain West,-2.6,83,,,68,25.9,,,,,,,,,91,29.1,,,,,,,"{'total': None, 'frontSeven': None, 'db': None}",0.6
2026-09-01T12:03:12+00:00,2026,2,sp_plus,2026,Air Force,Mountain West,-3.2,84,,,74,24.8,,,,,,,,,85,28.1,,,,,,,"{'total': None, 'frontSeven': None, 'db': None}",0.1
2026-09-01T12:03:12+00:00,2026,2,sp_plus,2026,Miami (OH),Mid-American,-4,85,,,112,19.2,,,,,,,,,53,23.8,,,,,,,"{'total': None, 'frontSeven': None, 'db': None}",0.5
2026-09-01T12:03:12+00:00,2026,2,sp_plus,2026,Washington State,Pac-12,-4.3,86,,,107,20.4,,,,,,,,,58,24.6,,,,,,,"{'total': None, 'frontSeven': None, 'db': None}",-0.1
2026-09-01T12:03:12+00:00,2026,2,sp_plus,2026,Tulane,American Athletic,-4.3,86,,,91,22.8,,,,,,,,,82,27.7,,,,,,,"{'total': None, 'frontSeven': None, 'db': None}",0.6
2026-09-01T12:03:12+00:00,2026,2,sp_plus,2026,Liberty,Conference USA,-5.3,88,,,67,26,,,,,,,,,101,31.1,,,,,,,"{'total': None, 'frontSeven': None, 'db': None}",-0.2
2026-09-01T12:03:12+00:00,2026,2,sp_plus,2026,Oregon State,Pac-12,-5.6,89,,,101,21.2,,,,,,,,,69,26.1,,,,,,,"{'total': None, 'frontSeven': None, 'db': None}",-0.7
2026-09-01T12:03:12+00:00,2026,2,sp_plus,2026,Western Michigan,Mid-American,-6,90,,,109,19.6,,,,,,,,,62,25.2,,,,,,,"{'total': None, 'frontSeven': None, 'db': None}",-0.4
2026-09-01T12:03:12+00:00,2026,2,sp_plus,2026,Florida Atlantic,American Athletic,-6.1,91,,,58,27.7,,,,,,,,,116,34.3,,,,,,,"{'total': None, 'frontSeven': None, 'db': None}",0.5
2026-09-01T12:03:12+00:00,2026,2,sp_plus,2026,Tulsa,American Athletic,-6.1,91,,,80,24.2,,,,,,,,,99,30.9,,,,,,,"{'total': None, 'frontSeven': None, 'db': None}",0.5
2026-09-01T12:03:12+00:00,2026,2,sp_plus,2026,Old Dominion,Sun Belt,-6.9,93,,,109,19.6,,,,,,,,,67,25.8,,,,,,,"{'total': None, 'frontSeven': None, 'db': None}",-0.7
2026-09-01T12:03:12+00:00,2026,2,sp_plus,2026,Western Kentucky,Conference USA,-7.3,94,,,80,24.2,,,,,,,,,104,32,,,,,,,"{'total': None, 'frontSeven': None, 'db': None}",0.5
2026-09-01T12:03:12+00:00,2026,2,sp_plus,2026,Jacksonville State,Conference USA,-7.8,95,,,74,24.8,,,,,,,,,104,32,,,,,,,"{'total': None, 'frontSeven': None, 'db': None}",-0.5
2026-09-01T12:03:12+00:00,2026,2,sp_plus,2026,Utah State,Pac-12,-7.9,96,,,89,23.4,,,,,,,,,98,30.8,,,,,,,"{'total': None, 'frontSeven': None, 'db': None}",-0.5
2026-09-01T12:03:12+00:00,2026,2,sp_plus,2026,Troy,Sun Belt,-8,97,,,94,22.5,,,,,,,,,97,30.7,,,,,,,"{'total': None, 'frontSeven': None, 'db': None}",0.2
2026-09-01T12:03:12+00:00,2026,2,sp_plus,2026,Marshall,Sun Belt,-8.2,98,,,60,27.6,,,,,,,,,127,36,,,,,,,"{'total': None, 'frontSeven': None, 'db': None}",0.3
2026-09-01T12:03:12+00:00,2026,2,sp_plus,2026,Louisiana Tech,Sun Belt,-9.1,99,,,99,21.9,,,,,,,,,100,31,,,,,,,"{'total': None, 'frontSeven': None, 'db': None}",0
2026-09-01T12:03:12+00:00,2026,2,sp_plus,2026,Temple,American Athletic,-9.1,99,,,73,25,,,,,,,,,117,34.4,,,,,,,"{'total': None, 'frontSeven': None, 'db': None}",0.3
2026-09-01T12:03:12+00:00,2026,2,sp_plus,2026,Toledo,Mid-American,-9.1,99,,,114,17.9,,,,,,,,,75,26.6,,,,,,,"{'total': None, 'frontSeven': None, 'db': None}",-0.4
2026-09-01T12:03:12+00:00,2026,2,sp_plus,2026,Louisiana,Sun Belt,-10.6,102,,,78,24.4,,,,,,,,,119,34.6,,,,,,,"{'total': None, 'frontSeven': None, 'db': None}",-0.5
2026-09-01T12:03:12+00:00,2026,2,sp_plus,2026,Georgia Southern,Sun Belt,-10.8,103,,,93,22.7,,,,,,,,,110,33.5,,,,,,,"{'total': None, 'frontSeven': None, 'db': None}",0
2026-09-01T12:03:12+00:00,2026,2,sp_plus,2026,Wyoming,Mountain West,-10.8,103,,,122,15.5,,,,,,,,,65,25.6,,,,,,,"{'total': None, 'frontSeven': None, 'db': None}",-0.6
2026-09-01T12:03:12+00:00,2026,2,sp_plus,2026,North Texas,American Athletic,-11.6,105,,,88,23.7,,,,,,,,,121,35,,,,,,,"{'total': None, 'frontSeven': None, 'db': None}",-0.2
2026-09-01T12:03:12+00:00,2026,2,sp_plus,2026,Arkansas State,Sun Belt,-11.6,105,,,97,22.1,,,,,,,,,113,33.8,,,,,,,"{'total': None, 'frontSeven': None, 'db': None}",0.1
2026-09-01T12:03:12+00:00,2026,2,sp_plus,2026,Colorado State,Pac-12,-11.6,105,,,118,16.8,,,,,,,,,87,28.3,,,,,,,"{'total': None, 'frontSeven': None, 'db': None}",-0.1
2026-09-01T12:03:12+00:00,2026,2,sp_plus,2026,Nevada,Mountain West,-11.7,108,,,116,17.6,,,,,,,,,95,29.7,,,,,,,"{'total': None, 'frontSeven': None, 'db': None}",0.4
2026-09-01T12:03:12+00:00,2026,2,sp_plus,2026,Ohio,Mid-American,-11.8,109,,,132,14.1,,,,,,,,,63,25.3,,,,,,,"{'total': None, 'frontSeven': None, 'db': None}",-0.6
2026-09-01T12:03:12+00:00,2026,2,sp_plus,2026,UConn,FBS Independents,-11.9,110,,,108,19.9,,,,,,,,,107,32.4,,,,,,,"{'total': None, 'frontSeven': None, 'db': None}",0.6
2026-09-01T12:03:12+00:00,2026,2,sp_plus,2026,App State,Sun Belt,-12.7,111,,,104,20.8,,,,,,,,,114,33.9,,,,,,,"{'total': None, 'frontSeven': None, 'db': None}",0.3
2026-09-01T12:03:12+00:00,2026,2,sp_plus,2026,Buffalo,Mid-American,-12.7,111,,,124,15.3,,,,,,,,,88,28.5,,,,,,,"{'total': None, 'frontSeven': None, 'db': None}",0.6
2026-09-01T12:03:12+00:00,2026,2,sp_plus,2026,Kennesaw State,Conference USA,-12.9,113,,,111,19.5,,,,,,,,,103,31.8,,,,,,,"{'total': None, 'frontSeven': None, 'db': None}",-0.5
2026-09-01T12:03:12+00:00,2026,2,sp_plus,2026,Delaware,Conference USA,-12.9,113,,,91,22.8,,,,,,,,,124,35.4,,,,,,,"{'total': None, 'frontSeven': None, 'db': None}",-0.3
2026-09-01T12:03:12+00:00,2026,2,sp_plus,2026,Florida International,Conference USA,-14.5,115,,,102,21.1,,,,,,,,,123,35.3,,,,,,,"{'total': None, 'frontSeven': None, 'db': None}",-0.3
2026-09-01T12:03:12+00:00,2026,2,sp_plus,2026,South Alabama,Sun Belt,-14.6,116,,,98,22,,,,,,,,,126,35.9,,,,,,,"{'total': None, 'frontSeven': None, 'db': None}",-0.7
2026-09-01T12:03:12+00:00,2026,2,sp_plus,2026,Coastal Carolina,Sun Belt,-14.7,117,,,105,20.6,,,,,,,,,120,34.8,,,,,,,"{'total': None, 'frontSeven': None, 'db': None}",-0.5
2026-09-01T12:03:12+00:00,2026,2,sp_plus,2026,Bowling Green,Mid-American,-15,118,,,133,13.9,,,,,,,,,92,29.2,,,,,,,"{'total': None, 'frontSeven': None, 'db': None}",0.3
2026-09-01T12:03:12+00:00,2026,2,sp_plus,2026,Central Michigan,Mid-American,-15.1,119,,,122,15.5,,,,,,,,,96,30.4,,,,,,,"{'total': None, 'frontSeven': None, 'db': None}",-0.2
2026-09-01T12:03:12+00:00,2026,2,sp_plus,2026,Rice,American Athletic,-15.3,120,,,119,16.7,,,,,,,,,108,32.5,,,,,,,"{'total': None, 'frontSeven': None, 'db': None}",0.5
2026-09-01T12:03:12+00:00,2026,2,sp_plus,2026,San José State,Mountain West,-15.7,121,,,113,18.3,,,,,,,,,110,33.5,,,,,,,"{'total': None, 'frontSeven': None, 'db': None}",-0.5
2026-09-01T12:03:12+00:00,2026,2,sp_plus,2026,Eastern Michigan,Mid-American,-16.1,122,,,117,17.2,,,,,,,,,109,33.4,,,,,,,"{'total': None, 'frontSeven': None, 'db': None}",0
2026-09-01T12:03:12+00:00,2026,2,sp_plus,2026,Northern Illinois,Mountain West,-17.2,123,,,125,15.2,,,,,,,,,106,32.1,,,,,,,"{'total': None, 'frontSeven': None, 'db': None}",-0.2
2026-09-01T12:03:12+00:00,2026,2,sp_plus,2026,UAB,American Athletic,-17.5,124,,,105,20.6,,,,,,,,,130,37.6,,,,,,,"{'total': None, 'frontSeven': None, 'db': None}",-0.5
2026-09-01T12:03:12+00:00,2026,2,sp_plus,2026,New Mexico State,Conference USA,-18.5,125,,,121,15.9,,,,,,,,,117,34.4,,,,,,,"{'total': None, 'frontSeven': None, 'db': None}",-0.1
2026-09-01T12:03:12+00:00,2026,2,sp_plus,2026,Missouri State,Conference USA,-19.1,126,,,120,16.4,,,,,,,,,122,35.1,,,,,,,"{'total': None, 'frontSeven': None, 'db': None}",-0.5
2026-09-01T12:03:12+00:00,2026,2,sp_plus,2026,UTEP,Mountain West,-19.3,127,,,125,15.2,,,,,,,,,115,34.1,,,,,,,"{'total': None, 'frontSeven': None, 'db': None}",-0.5
2026-09-01T12:03:12+00:00,2026,2,sp_plus,2026,Southern Miss,Sun Belt,-20.7,128,,,115,17.8,,,,,,,,,131,38,,,,,,,"{'total': None, 'frontSeven': None, 'db': None}",-0.4
2026-09-01T12:03:12+00:00,2026,2,sp_plus,2026,Kent State,Mid-American,-22.4,129,,,128,14.7,,,,,,,,,128,36.6,,,,,,,"{'total': None, 'frontSeven': None, 'db': None}",-0.5
2026-09-01T12:03:12+00:00,2026,2,sp_plus,2026,Akron,Mid-American,-22.9,130,,,137,11.3,,,,,,,,,112,33.6,,,,,,,"{'total': None, 'frontSeven': None, 'db': None}",-0.6
2026-09-01T12:03:12+00:00,2026,2,sp_plus,2026,Sacramento State,Mid-American,-23.4,131,,,128,14.7,,,,,,,,,133,38.2,,,,,,,"{'total': None, 'frontSeven': None, 'db': None}",0
2026-09-01T12:03:12+00:00,2026,2,sp_plus,2026,Charlotte,American Athletic,-24.1,132,,,130,14.5,,,,,,,,,132,38.1,,,,,,,"{'total': None, 'frontSeven': None, 'db': None}",-0.5
2026-09-01T12:03:12+00:00,2026,2,sp_plus,2026,Ball State,Mid-American,-25.1,133,,,135,12.2,,,,,,,,,129,36.7,,,,,,,"{'total': None, 'frontSeven': None, 'db': None}",-0.7
2026-09-01T12:03:12+00:00,2026,2,sp_plus,2026,Sam Houston,Conference USA,-26,134,,,131,14.2,,,,,,,,,134,39.8,,,,,,,"{'total': None, 'frontSeven': None, 'db': None}",-0.4
2026-09-01T12:03:12+00:00,2026,2,sp_plus,2026,Middle Tennessee,Conference USA,-26.5,135,,,134,13.8,,,,,,,,,136,40.5,,,,,,,"{'total': None, 'frontSeven': None, 'db': None}",0.2
2026-09-01T12:03:12+00:00,2026,2,sp_plus,2026,UL Monroe,Sun Belt,-28.9,136,,,136,11.9,,,,,,,,,135,40.1,,,,,,,"{'total': None, 'frontSeven': None, 'db': None}",-0.7
2026-09-01T12:03:12+00:00,2026,2,sp_plus,2026,Georgia State,Sun Belt,-29.3,137,,,127,14.8,,,,,,,,,138,43.4,,,,,,,"{'total': None, 'frontSeven': None, 'db': None}",-0.7
2026-09-01T12:03:12+00:00,2026,2,sp_plus,2026,Massachusetts,Mid-American,-32.9,138,,,138,8.8,,,,,,,,,137,41.2,,,,,,,"{'total': None, 'frontSeven': None, 'db': None}",-0.5
2026-09-01T12:03:12+00:00,2026,2,sp_plus,2026,nationalAverages,,-0.5246376811594203,,,,,25.655797101449277,,,,,,,,,,26.194927536231884,,,,,,,"{'total': None, 'frontSeven': None, 'db': None}",0.010869565217391304
2026-09-08T12:02:45+00:00,2026,3,sp_plus,2026,Ohio State,Big Ten,32.7,1,,,2,41,,,,,,,,,1,8.4,,,,,,,"{'total': None, 'frontSeven': None, 'db': None}",0.1
2026-09-08T12:02:45+00:00,2026,3,sp_plus,2026,Oregon,Big Ten,29.2,2,,,1,41.1,,,,,,,,,2,12.2,,,,,,,"{'total': None, 'frontSeven': None, 'db': None}",0.3
2026-09-08T12:02:45+00:00,2026,3,sp_plus,2026,Notre Dame,FBS Independents,26.5,3,,,3,40.6,,,,,,,,,9,14.3,,,,,,,"{'total': None, 'frontSeven': None, 'db': None}",0.3
2026-09-08T12:02:45+00:00,2026,3,sp_plus,2026,Georgia,SEC,26.4,4,,,5,38.7,,,,,,,,,5,12.9,,,,,,,"{'total': None, 'frontSeven': None, 'db': None}",0.6
2026-09-08T12:02:45+00:00,2026,3,sp_plus,2026,Indiana,Big Ten,25.8,5,,,7,37.8,,,,,,,,,4,12.5,,,,,,,"{'total': None, 'frontSeven': None, 'db': None}",0.5
2026-09-08T12:02:45+00:00,2026,3,sp_plus,2026,Texas,SEC,22.8,6,,,9,37.3,,,,,,,,,10,14.9,,,,,,,"{'total': None, 'frontSeven': None, 'db': None}",0.4
2026-09-08T12:02:45+00:00,2026,3,sp_plus,2026,Miami,ACC,22,7,,,12,35,,,,,,,,,7,13.3,,,,,,,"{'total': None, 'frontSeven': None, 'db': None}",0.3
2026-09-08T12:02:45+00:00,2026,3,sp_plus,2026,Texas Tech,Big 12,21.8,8,,,10,36.6,,,,,,,,,11,15,,,,,,,"{'total': None, 'frontSeven': None, 'db': None}",0.2
2026-09-08T12:02:45+00:00,2026,3,sp_plus,2026,Texas A&M,SEC,20.9,9,,,8,37.6,,,,,,,,,14,16.4,,,,,,,"{'total': None, 'frontSeven': None, 'db': None}",-0.3
2026-09-08T12:02:45+00:00,2026,3,sp_plus,2026,LSU,SEC,20.4,10,,,21,32.6,,,,,,,,,3,12.4,,,,,,,"{'total': None, 'frontSeven': None, 'db': None}",0.2
2026-09-08T12:02:45+00:00,2026,3,sp_plus,2026,Oklahoma,SEC,18.8,11,,,25,32.1,,,,,,,,,8,13.7,,,,,,,"{'total': None, 'frontSeven': None, 'db': None}",0.4
2026-09-08T12:02:45+00:00,2026,3,sp_plus,2026,USC,Big Ten,17.7,12,,,6,38,,,,,,,,,28,19.9,,,,,,,"{'total': None, 'frontSeven': None, 'db': None}",-0.3
2026-09-08T12:02:45+00:00,2026,3,sp_plus,2026,Alabama,SEC,17.6,13,,,32,31,,,,,,,,,6,13,,,,,,,"{'total': None, 'frontSeven': None, 'db': None}",-0.4
2026-09-08T12:02:45+00:00,2026,3,sp_plus,2026,Tennessee,SEC,17.3,14,,,4,39.3,,,,,,,,,44,22.4,,,,,,,"{'total': None, 'frontSeven': None, 'db': None}",0.4
2026-09-08T12:02:45+00:00,2026,3,sp_plus,2026,Michigan,Big Ten,17,15,,,16,33.2,,,,,,,,,12,15.8,,,,,,,"{'total': None, 'frontSeven': None, 'db': None}",-0.5
2026-09-08T12:02:45+00:00,2026,3,sp_plus,2026,Ole Miss,SEC,16.5,16,,,11,35.2,,,,,,,,,26,19.4,,,,,,,"{'total': None, 'frontSeven': None, 'db': None}",0.7
2026-09-08T12:02:45+00:00,2026,3,sp_plus,2026,Penn State,Big Ten,16.2,17,,,14,33.9,,,,,,,,,22,18.3,,,,,,,"{'total': None, 'frontSeven': None, 'db': None}",0.6
2026-09-08T12:02:45+00:00,2026,3,sp_plus,2026,Washington,Big Ten,15.8,18,,,18,33,,,,,,,,,17,17,,,,,,,"{'total': None, 'frontSeven': None, 'db': None}",-0.3
2026-09-08T12:02:45+00:00,2026,3,sp_plus,2026,Missouri,SEC,15.4,19,,,24,32.3,,,,,,,,,14,16.4,,,,,,,"{'total': None, 'frontSeven': None, 'db': None}",-0.5
2026-09-08T12:02:45+00:00,2026,3,sp_plus,2026,Florida,SEC,15.2,20,,,40,30.4,,,,,,,,,12,15.8,,,,,,,"{'total': None, 'frontSeven': None, 'db': None}",0.5
2026-09-08T12:02:45+00:00,2026,3,sp_plus,2026,BYU,Big 12,14.9,21,,,19,32.9,,,,,,,,,22,18.3,,,,,,,"{'total': None, 'frontSeven': None, 'db': None}",0.3
2026-09-08T12:02:45+00:00,2026,3,sp_plus,2026,Iowa,Big Ten,14.6,22,,,35,30.8,,,,,,,,,16,16.8,,,,,,,"{'total': None, 'frontSeven': None, 'db': None}",0.6
2026-09-08T12:02:45+00:00,2026,3,sp_plus,2026,Clemson,ACC,13.1,23,,,46,29.8,,,,,,,,,18,17.1,,,,,,,"{'total': None, 'frontSeven': None, 'db': None}",0.3
2026-09-08T12:02:45+00:00,2026,3,sp_plus,2026,South Carolina,SEC,12.6,24,,,41,30.2,,,,,,,,,21,18.1,,,,,,,"{'total': None, 'frontSeven': None, 'db': None}",0.5
2026-09-08T12:02:45+00:00,2026,3,sp_plus,2026,SMU,ACC,12.1,25,,,22,32.5,,,,,,,,,29,20.1,,,,,,,"{'total': None, 'frontSeven': None, 'db': None}",-0.4
2026-09-08T12:02:45+00:00,2026,3,sp_plus,2026,Auburn,SEC,11.5,26,,,55,28.5,,,,,,,,,19,17.3,,,,,,,"{'total': None, 'frontSeven': None, 'db': None}",0.3
2026-09-08T12:02:45+00:00,2026,3,sp_plus,2026,Louisville,ACC,11.1,27,,,38,30.7,,,,,,,,,27,19.8,,,,,,,"{'total': None, 'frontSeven': None, 'db': None}",0.2
2026-09-08T12:02:45+00:00,2026,3,sp_plus,2026,Illinois,Big Ten,10.4,28,,,26,32,,,,,,,,,41,22.1,,,,,,,"{'total': None, 'frontSeven': None, 'db': None}",0.4
2026-09-08T12:02:45+00:00,2026,3,sp_plus,2026,Vanderbilt,SEC,9.8,29,,,15,33.3,,,,,,,,,56,24.2,,,,,,,"{'total': None, 'frontSeven': None, 'db': None}",0.6
2026-09-08T12:02:45+00:00,2026,3,sp_plus,2026,Utah,Big 12,9.8,29,,,27,31.9,,,,,,,,,41,22.1,,,,,,,"{'total': None, 'frontSeven': None, 'db': None}",0
2026-09-08T12:02:45+00:00,2026,3,sp_plus,2026,Arizona,Big 12,9.5,31,,,31,31.1,,,,,,,,,35,21.2,,,,,,,"{'total': None, 'frontSeven': None, 'db': None}",-0.5
2026-09-08T12:02:45+00:00,2026,3,sp_plus,2026,TCU,Big 12,9.4,32,,,29,31.4,,,,,,,,,37,21.8,,,,,,,"{'total': None, 'frontSeven': None, 'db': None}",-0.2
2026-09-08T12:02:45+00:00,2026,3,sp_plus,2026,Nebraska,Big Ten,9.3,33,,,42,30,,,,,,,,,31,20.7,,,,,,,"{'total': None, 'frontSeven': None, 'db': None}",0.1
2026-09-08T12:02:45+00:00,2026,3,sp_plus,2026,Kansas State,Big 12,9.2,34,,,22,32.5,,,,,,,,,50,23.6,,,,,,,"{'total': None, 'frontSeven': None, 'db': None}",0.3
2026-09-08T12:02:45+00:00,2026,3,sp_plus,2026,Florida State,ACC,9.1,35,,,46,29.8,,,,,,,,,30,20.4,,,,,,,"{'total': None, 'frontSeven': None, 'db': None}",-0.3
2026-09-08T12:02:45+00:00,2026,3,sp_plus,2026,Virginia Tech,ACC,8.6,36,,,38,30.7,,,,,,,,,38,21.9,,,,,,,"{'total': None, 'frontSeven': None, 'db': None}",-0.2
2026-09-08T12:02:45+00:00,2026,3,sp_plus,2026,Virginia,ACC,8.1,37,,,62,26.9,,,,,,,,,24,18.9,,,,,,,"{'total': None, 'frontSeven': None, 'db': None}",0.2
2026-09-08T12:02:45+00:00,2026,3,sp_plus,2026,Houston,Big 12,7.4,38,,,34,30.9,,,,,,,,,46,23.1,,,,,,,"{'total': None, 'frontSeven': None, 'db': None}",-0.4
2026-09-08T12:02:45+00:00,2026,3,sp_plus,2026,Oklahoma State,Big 12,6.9,39,,,44,29.9,,,,,,,,,48,23.4,,,,,,,"{'total': None, 'frontSeven': None, 'db': None}",0.5
2026-09-08T12:02:45+00:00,2026,3,sp_plus,2026,Minnesota,Big Ten,6.2,40,,,69,25.7,,,,,,,,,25,19,,,,,,,"{'total': None, 'frontSeven': None, 'db': None}",-0.5
2026-09-08T12:02:45+00:00,2026,3,sp_plus,2026,Pittsburgh,ACC,6.2,40,,,42,30,,,,,,,,,54,23.9,,,,,,,"{'total': None, 'frontSeven': None, 'db': None}",0.1
2026-09-08T12:02:45+00:00,2026,3,sp_plus,2026,Georgia Tech,ACC,5.9,42,,,54,28.7,,,,,,,,,48,23.4,,,,,,,"{'total': None, 'frontSeven': None, 'db': None}",0.6
2026-09-08T12:02:45+00:00,2026,3,sp_plus,2026,NC State,ACC,5.7,43,,,32,31,,,,,,,,,59,24.9,,,,,,,"{'total': None, 'frontSeven': None, 'db': None}",-0.4
2026-09-08T12:02:45+00:00,2026,3,sp_plus,2026,Arkansas,SEC,5.6,44,,,13,34.4,,,,,,,,,90,29,,,,,,,"{'total': None, 'frontSeven': None, 'db': None}",0.3
2026-09-08T12:02:45+00:00,2026,3,sp_plus,2026,Duke,ACC,5.6,44,,,20,32.8,,,,,,,,,81,27.6,,,,,,,"{'total': None, 'frontSeven': None, 'db': None}",0.4
2026-09-08T12:02:45+00:00,2026,3,sp_plus,2026,UCLA,Big Ten,5.4,46,,,48,29.1,,,,,,,,,51,23.7,,,,,,,"{'total': None, 'frontSeven': None, 'db': None}",0
2026-09-08T12:02:45+00:00,2026,3,sp_plus,2026,Maryland,Big Ten,5.2,47,,,63,26.8,,,,,,,,,39,22,,,,,,,"{'total': None, 'frontSeven': None, 'db': None}",0.3
2026-09-08T12:02:45+00:00,2026,3,sp_plus,2026,Kentucky,SEC,5.2,47,,,65,26.3,,,,,,,,,34,21.1,,,,,,,"{'total': None, 'frontSeven': None, 'db': None}",0
2026-09-08T12:02:45+00:00,2026,3,sp_plus,2026,Northwestern,Big Ten,5.1,49,,,71,25.3,,,,,,,,,31,20.7,,,,,,,"{'total': None, 'frontSeven': None, 'db': None}",0.5
2026-09-08T12:02:45+00:00,2026,3,sp_plus,2026,Boise State,Pac-12,5.1,49,,,49,29,,,,,,,,,51,23.7,,,,,,,"{'total': None, 'frontSeven': None, 'db': None}",-0.3
2026-09-08T12:02:45+00:00,2026,3,sp_plus,2026,Arizona State,Big 12,4.9,51,,,61,27.4,,,,,,,,,39,22,,,,,,,"{'total': None, 'frontSeven': None, 'db': None}",-0.6
2026-09-08T12:02:45+00:00,2026,3,sp_plus,2026,Mississippi State,SEC,4.8,52,,,35,30.8,,,,,,,,,74,26.5,,,,,,,"{'total': None, 'frontSeven': None, 'db': None}",0.5
2026-09-08T12:02:45+00:00,2026,3,sp_plus,2026,Baylor,Big 12,3.8,53,,,27,31.9,,,,,,,,,89,28.8,,,,,,,"{'total': None, 'frontSeven': None, 'db': None}",0.6
2026-09-08T12:02:45+00:00,2026,3,sp_plus,2026,Wisconsin,Big Ten,3.8,53,,,100,21.6,,,,,,,,,20,17.5,,,,,,,"{'total': None, 'frontSeven': None, 'db': None}",-0.3
2026-09-08T12:02:45+00:00,2026,3,sp_plus,2026,UNLV,Mountain West,3.6,55,,,29,31.4,,,,,,,,,84,28,,,,,,,"{'total': None, 'frontSeven': None, 'db': None}",0.1
2026-09-08T12:02:45+00:00,2026,3,sp_plus,2026,North Carolina,ACC,3.5,56,,,79,24.3,,,,,,,,,35,21.2,,,,,,,"{'total': None, 'frontSeven': None, 'db': None}",0.4
2026-09-08T12:02:45+00:00,2026,3,sp_plus,2026,Wake Forest,ACC,3.4,57,,,80,24.2,,,,,,,,,31,20.7,,,,,,,"{'total': None, 'frontSeven': None, 'db': None}",0
2026-09-08T12:02:45+00:00,2026,3,sp_plus,2026,Kansas,Big 12,3.3,58,,,52,28.8,,,,,,,,,69,26.1,,,,,,,"{'total': None, 'frontSeven': None, 'db': None}",0.6
2026-09-08T12:02:45+00:00,2026,3,sp_plus,2026,Cincinnati,Big 12,3,59,,,51,28.9,,,,,,,,,69,26.1,,,,,,,"{'total': None, 'frontSeven': None, 'db': None}",0.3
2026-09-08T12:02:45+00:00,2026,3,sp_plus,2026,California,ACC,3,59,,,52,28.8,,,,,,,,,64,25.5,,,,,,,"{'total': None, 'frontSeven': None, 'db': None}",-0.3
2026-09-08T12:02:45+00:00,2026,3,sp_plus,2026,Rutgers,Big Ten,2.7,61,,,35,30.8,,,,,,,,,86,28.2,,,,,,,"{'total': None, 'frontSeven': None, 'db': None}",0.1
2026-09-08T12:02:45+00:00,2026,3,sp_plus,2026,Michigan State,Big Ten,2.2,62,,,58,27.7,,,,,,,,,61,25.1,,,,,,,"{'total': None, 'frontSeven': None, 'db': None}",-0.4
2026-09-08T12:02:45+00:00,2026,3,sp_plus,2026,UCF,Big 12,1.7,63,,,80,24.2,,,,,,,,,43,22.3,,,,,,,"{'total': None, 'frontSeven': None, 'db': None}",-0.1
2026-09-08T12:02:45+00:00,2026,3,sp_plus,2026,Navy,American Athletic,1.2,64,,,57,27.8,,,,,,,,,77,26.8,,,,,,,"{'total': None, 'frontSeven': None, 'db': None}",0.2
2026-09-08T12:02:45+00:00,2026,3,sp_plus,2026,San Diego State,Pac-12,0.7,65,,,85,24.1,,,,,,,,,55,24,,,,,,,"{'total': None, 'frontSeven': None, 'db': None}",0.6
2026-09-08T12:02:45+00:00,2026,3,sp_plus,2026,Colorado,Big 12,0.7,65,,,66,26.1,,,,,,,,,60,25,,,,,,,"{'total': None, 'frontSeven': None, 'db': None}",-0.5
2026-09-08T12:02:45+00:00,2026,3,sp_plus,2026,Memphis,American Athletic,0.3,67,,,49,29,,,,,,,,,92,29.2,,,,,,,"{'total': None, 'frontSeven': None, 'db': None}",0.5
2026-09-08T12:02:45+00:00,2026,3,sp_plus,2026,New Mexico,Mountain West,0,68,,,70,25.6,,,,,,,,,69,26.1,,,,,,,"{'total': None, 'frontSeven': None, 'db': None}",0.6
2026-09-08T12:02:45+00:00,2026,3,sp_plus,2026,Iowa State,Big 12,-0.4,69,,,96,22.4,,,,,,,,,47,23.2,,,,,,,"{'total': None, 'frontSeven': None, 'db': None}",0.5
2026-09-08T12:02:45+00:00,2026,3,sp_plus,2026,James Madison,Sun Belt,-0.9,70,,,64,26.7,,,,,,,,,79,27.2,,,,,,,"{'total': None, 'frontSeven': None, 'db': None}",-0.4
2026-09-08T12:02:45+00:00,2026,3,sp_plus,2026,UTSA,American Athletic,-1.1,71,,,44,29.9,,,,,,,,,101,31.1,,,,,,,"{'total': None, 'frontSeven': None, 'db': None}",0.1
2026-09-08T12:02:45+00:00,2026,3,sp_plus,2026,West Virginia,Big 12,-1.3,72,,,71,25.3,,,,,,,,,75,26.6,,,,,,,"{'total': None, 'frontSeven': None, 'db': None}",0.1
2026-09-08T12:02:45+00:00,2026,3,sp_plus,2026,Fresno State,Pac-12,-1.4,73,,,103,21,,,,,,,,,44,22.4,,,,,,,"{'total': None, 'frontSeven': None, 'db': None}",0
2026-09-08T12:02:45+00:00,2026,3,sp_plus,2026,South Florida,American Athletic,-1.7,74,,,56,28.1,,,,,,,,,94,29.6,,,,,,,"{'total': None, 'frontSeven': None, 'db': None}",-0.3
2026-09-08T12:02:45+00:00,2026,3,sp_plus,2026,North Dakota State,Mountain West,-1.8,75,,,85,24.1,,,,,,,,,68,25.9,,,,,,,"{'total': None, 'frontSeven': None, 'db': None}",0
2026-09-08T12:02:45+00:00,2026,3,sp_plus,2026,Syracuse,ACC,-1.9,76,,,90,23.3,,,,,,,,,65,25.6,,,,,,,"{'total': None, 'frontSeven': None, 'db': None}",0.4
2026-09-08T12:02:45+00:00,2026,3,sp_plus,2026,Texas State,Pac-12,-2.1,77,,,16,33.2,,,,,,,,,124,35.4,,,,,,,"{'total': None, 'frontSeven': None, 'db': None}",0.1
2026-09-08T12:02:45+00:00,2026,3,sp_plus,2026,Purdue,Big Ten,-2.2,78,,,80,24.2,,,,,,,,,78,27,,,,,,,"{'total': None, 'frontSeven': None, 'db': None}",0.6
2026-09-08T12:02:45+00:00,2026,3,sp_plus,2026,Stanford,ACC,-2.3,79,,,94,22.5,,,,,,,,,56,24.2,,,,,,,"{'total': None, 'frontSeven': None, 'db': None}",-0.6
2026-09-08T12:02:45+00:00,2026,3,sp_plus,2026,East Carolina,American Athletic,-2.3,79,,,85,24.1,,,,,,,,,73,26.3,,,,,,,"{'total': None, 'frontSeven': None, 'db': None}",-0.2
2026-09-08T12:02:45+00:00,2026,3,sp_plus,2026,Army,American Athletic,-2.4,81,,,74,24.8,,,,,,,,,79,27.2,,,,,,,"{'total': None, 'frontSeven': None, 'db': None}",0.1
2026-09-08T12:02:45+00:00,2026,3,sp_plus,2026,Boston College,ACC,-2.5,82,,,77,24.7,,,,,,,,,82,27.7,,,,,,,"{'total': None, 'frontSeven': None, 'db': None}",0.5
2026-09-08T12:02:45+00:00,2026,3,sp_plus,2026,Hawai'i,Mountain West,-2.6,83,,,68,25.9,,,,,,,,,91,29.1,,,,,,,"{'total': None, 'frontSeven': None, 'db': None}",0.6
2026-09-08T12:02:45+00:00,2026,3,sp_plus,2026,Air Force,Mountain West,-3.2,84,,,74,24.8,,,,,,,,,85,28.1,,,,,,,"{'total': None, 'frontSeven': None, 'db': None}",0.1
2026-09-08T12:02:45+00:00,2026,3,sp_plus,2026,Miami (OH),Mid-American,-4,85,,,112,19.2,,,,,,,,,53,23.8,,,,,,,"{'total': None, 'frontSeven': None, 'db': None}",0.5
2026-09-08T12:02:45+00:00,2026,3,sp_plus,2026,Washington State,Pac-12,-4.3,86,,,107,20.4,,,,,,,,,58,24.6,,,,,,,"{'total': None, 'frontSeven': None, 'db': None}",-0.1
2026-09-08T12:02:45+00:00,2026,3,sp_plus,2026,Tulane,American Athletic,-4.3,86,,,91,22.8,,,,,,,,,82,27.7,,,,,,,"{'total': None, 'frontSeven': None, 'db': None}",0.6
2026-09-08T12:02:45+00:00,2026,3,sp_plus,2026,Liberty,Conference USA,-5.3,88,,,67,26,,,,,,,,,101,31.1,,,,,,,"{'total': None, 'frontSeven': None, 'db': None}",-0.2
2026-09-08T12:02:45+00:00,2026,3,sp_plus,2026,Oregon State,Pac-12,-5.6,89,,,101,21.2,,,,,,,,,69,26.1,,,,,,,"{'total': None, 'frontSeven': None, 'db': None}",-0.7
2026-09-08T12:02:45+00:00,2026,3,sp_plus,2026,Western Michigan,Mid-American,-6,90,,,109,19.6,,,,,,,,,62,25.2,,,,,,,"{'total': None, 'frontSeven': None, 'db': None}",-0.4
2026-09-08T12:02:45+00:00,2026,3,sp_plus,2026,Florida Atlantic,American Athletic,-6.1,91,,,58,27.7,,,,,,,,,116,34.3,,,,,,,"{'total': None, 'frontSeven': None, 'db': None}",0.5
2026-09-08T12:02:45+00:00,2026,3,sp_plus,2026,Tulsa,American Athletic,-6.1,91,,,80,24.2,,,,,,,,,99,30.9,,,,,,,"{'total': None, 'frontSeven': None, 'db': None}",0.5
2026-09-08T12:02:45+00:00,2026,3,sp_plus,2026,Old Dominion,Sun Belt,-6.9,93,,,109,19.6,,,,,,,,,67,25.8,,,,,,,"{'total': None, 'frontSeven': None, 'db': None}",-0.7
2026-09-08T12:02:45+00:00,2026,3,sp_plus,2026,Western Kentucky,Conference USA,-7.3,94,,,80,24.2,,,,,,,,,104,32,,,,,,,"{'total': None, 'frontSeven': None, 'db': None}",0.5
2026-09-08T12:02:45+00:00,2026,3,sp_plus,2026,Jacksonville State,Conference USA,-7.8,95,,,74,24.8,,,,,,,,,104,32,,,,,,,"{'total': None, 'frontSeven': None, 'db': None}",-0.5
2026-09-08T12:02:45+00:00,2026,3,sp_plus,2026,Utah State,Pac-12,-7.9,96,,,89,23.4,,,,,,,,,98,30.8,,,,,,,"{'total': None, 'frontSeven': None, 'db': None}",-0.5
2026-09-08T12:02:45+00:00,2026,3,sp_plus,2026,Troy,Sun Belt,-8,97,,,94,22.5,,,,,,,,,97,30.7,,,,,,,"{'total': None, 'frontSeven': None, 'db': None}",0.2
2026-09-08T12:02:45+00:00,2026,3,sp_plus,2026,Marshall,Sun Belt,-8.2,98,,,60,27.6,,,,,,,,,127,36,,,,,,,"{'total': None, 'frontSeven': None, 'db': None}",0.3
2026-09-08T12:02:45+00:00,2026,3,sp_plus,2026,Louisiana Tech,Sun Belt,-9.1,99,,,99,21.9,,,,,,,,,100,31,,,,,,,"{'total': None, 'frontSeven': None, 'db': None}",0
2026-09-08T12:02:45+00:00,2026,3,sp_plus,2026,Temple,American Athletic,-9.1,99,,,73,25,,,,,,,,,117,34.4,,,,,,,"{'total': None, 'frontSeven': None, 'db': None}",0.3
2026-09-08T12:02:45+00:00,2026,3,sp_plus,2026,Toledo,Mid-American,-9.1,99,,,114,17.9,,,,,,,,,75,26.6,,,,,,,"{'total': None, 'frontSeven': None, 'db': None}",-0.4
2026-09-08T12:02:45+00:00,2026,3,sp_plus,2026,Louisiana,Sun Belt,-10.6,102,,,78,24.4,,,,,,,,,119,34.6,,,,,,,"{'total': None, 'frontSeven': None, 'db': None}",-0.5
2026-09-08T12:02:45+00:00,2026,3,sp_plus,2026,Georgia Southern,Sun Belt,-10.8,103,,,93,22.7,,,,,,,,,110,33.5,,,,,,,"{'total': None, 'frontSeven': None, 'db': None}",0
2026-09-08T12:02:45+00:00,2026,3,sp_plus,2026,Wyoming,Mountain West,-10.8,103,,,122,15.5,,,,,,,,,65,25.6,,,,,,,"{'total': None, 'frontSeven': None, 'db': None}",-0.6
2026-09-08T12:02:45+00:00,2026,3,sp_plus,2026,North Texas,American Athletic,-11.6,105,,,88,23.7,,,,,,,,,121,35,,,,,,,"{'total': None, 'frontSeven': None, 'db': None}",-0.2
2026-09-08T12:02:45+00:00,2026,3,sp_plus,2026,Arkansas State,Sun Belt,-11.6,105,,,97,22.1,,,,,,,,,113,33.8,,,,,,,"{'total': None, 'frontSeven': None, 'db': None}",0.1
2026-09-08T12:02:45+00:00,2026,3,sp_plus,2026,Colorado State,Pac-12,-11.6,105,,,118,16.8,,,,,,,,,87,28.3,,,,,,,"{'total': None, 'frontSeven': None, 'db': None}",-0.1
2026-09-08T12:02:45+00:00,2026,3,sp_plus,2026,Nevada,Mountain West,-11.7,108,,,116,17.6,,,,,,,,,95,29.7,,,,,,,"{'total': None, 'frontSeven': None, 'db': None}",0.4
2026-09-08T12:02:45+00:00,2026,3,sp_plus,2026,Ohio,Mid-American,-11.8,109,,,132,14.1,,,,,,,,,63,25.3,,,,,,,"{'total': None, 'frontSeven': None, 'db': None}",-0.6
2026-09-08T12:02:45+00:00,2026,3,sp_plus,2026,UConn,FBS Independents,-11.9,110,,,108,19.9,,,,,,,,,107,32.4,,,,,,,"{'total': None, 'frontSeven': None, 'db': None}",0.6
2026-09-08T12:02:45+00:00,2026,3,sp_plus,2026,App State,Sun Belt,-12.7,111,,,104,20.8,,,,,,,,,114,33.9,,,,,,,"{'total': None, 'frontSeven': None, 'db': None}",0.3
2026-09-08T12:02:45+00:00,2026,3,sp_plus,2026,Buffalo,Mid-American,-12.7,111,,,124,15.3,,,,,,,,,88,28.5,,,,,,,"{'total': None, 'frontSeven': None, 'db': None}",0.6
2026-09-08T12:02:45+00:00,2026,3,sp_plus,2026,Kennesaw State,Conference USA,-12.9,113,,,111,19.5,,,,,,,,,103,31.8,,,,,,,"{'total': None, 'frontSeven': None, 'db': None}",-0.5
2026-09-08T12:02:45+00:00,2026,3,sp_plus,2026,Delaware,Conference USA,-12.9,113,,,91,22.8,,,,,,,,,124,35.4,,,,,,,"{'total': None, 'frontSeven': None, 'db': None}",-0.3
2026-09-08T12:02:45+00:00,2026,3,sp_plus,2026,Florida International,Conference USA,-14.5,115,,,102,21.1,,,,,,,,,123,35.3,,,,,,,"{'total': None, 'frontSeven': None, 'db': None}",-0.3
2026-09-08T12:02:45+00:00,2026,3,sp_plus,2026,South Alabama,Sun Belt,-14.6,116,,,98,22,,,,,,,,,126,35.9,,,,,,,"{'total': None, 'frontSeven': None, 'db': None}",-0.7
2026-09-08T12:02:45+00:00,2026,3,sp_plus,2026,Coastal Carolina,Sun Belt,-14.7,117,,,105,20.6,,,,,,,,,120,34.8,,,,,,,"{'total': None, 'frontSeven': None, 'db': None}",-0.5
2026-09-08T12:02:45+00:00,2026,3,sp_plus,2026,Bowling Green,Mid-American,-15,118,,,133,13.9,,,,,,,,,92,29.2,,,,,,,"{'total': None, 'frontSeven': None, 'db': None}",0.3
2026-09-08T12:02:45+00:00,2026,3,sp_plus,2026,Central Michigan,Mid-American,-15.1,119,,,122,15.5,,,,,,,,,96,30.4,,,,,,,"{'total': None, 'frontSeven': None, 'db': None}",-0.2
2026-09-08T12:02:45+00:00,2026,3,sp_plus,2026,Rice,American Athletic,-15.3,120,,,119,16.7,,,,,,,,,108,32.5,,,,,,,"{'total': None, 'frontSeven': None, 'db': None}",0.5
2026-09-08T12:02:45+00:00,2026,3,sp_plus,2026,San José State,Mountain West,-15.7,121,,,113,18.3,,,,,,,,,110,33.5,,,,,,,"{'total': None, 'frontSeven': None, 'db': None}",-0.5
2026-09-08T12:02:45+00:00,2026,3,sp_plus,2026,Eastern Michigan,Mid-American,-16.1,122,,,117,17.2,,,,,,,,,109,33.4,,,,,,,"{'total': None, 'frontSeven': None, 'db': None}",0
2026-09-08T12:02:45+00:00,2026,3,sp_plus,2026,Northern Illinois,Mountain West,-17.2,123,,,125,15.2,,,,,,,,,106,32.1,,,,,,,"{'total': None, 'frontSeven': None, 'db': None}",-0.2
2026-09-08T12:02:45+00:00,2026,3,sp_plus,2026,UAB,American Athletic,-17.5,124,,,105,20.6,,,,,,,,,130,37.6,,,,,,,"{'total': None, 'frontSeven': None, 'db': None}",-0.5
2026-09-08T12:02:45+00:00,2026,3,sp_plus,2026,New Mexico State,Conference USA,-18.5,125,,,121,15.9,,,,,,,,,117,34.4,,,,,,,"{'total': None, 'frontSeven': None, 'db': None}",-0.1
2026-09-08T12:02:45+00:00,2026,3,sp_plus,2026,Missouri State,Conference USA,-19.1,126,,,120,16.4,,,,,,,,,122,35.1,,,,,,,"{'total': None, 'frontSeven': None, 'db': None}",-0.5
2026-09-08T12:02:45+00:00,2026,3,sp_plus,2026,UTEP,Mountain West,-19.3,127,,,125,15.2,,,,,,,,,115,34.1,,,,,,,"{'total': None, 'frontSeven': None, 'db': None}",-0.5
2026-09-08T12:02:45+00:00,2026,3,sp_plus,2026,Southern Miss,Sun Belt,-20.7,128,,,115,17.8,,,,,,,,,131,38,,,,,,,"{'total': None, 'frontSeven': None, 'db': None}",-0.4
2026-09-08T12:02:45+00:00,2026,3,sp_plus,2026,Kent State,Mid-American,-22.4,129,,,128,14.7,,,,,,,,,128,36.6,,,,,,,"{'total': None, 'frontSeven': None, 'db': None}",-0.5
2026-09-08T12:02:45+00:00,2026,3,sp_plus,2026,Akron,Mid-American,-22.9,130,,,137,11.3,,,,,,,,,112,33.6,,,,,,,"{'total': None, 'frontSeven': None, 'db': None}",-0.6
2026-09-08T12:02:45+00:00,2026,3,sp_plus,2026,Sacramento State,Mid-American,-23.4,131,,,128,14.7,,,,,,,,,133,38.2,,,,,,,"{'total': None, 'frontSeven': None, 'db': None}",0
2026-09-08T12:02:45+00:00,2026,3,sp_plus,2026,Charlotte,American Athletic,-24.1,132,,,130,14.5,,,,,,,,,132,38.1,,,,,,,"{'total': None, 'frontSeven': None, 'db': None}",-0.5
2026-09-08T12:02:45+00:00,2026,3,sp_plus,2026,Ball State,Mid-American,-25.1,133,,,135,12.2,,,,,,,,,129,36.7,,,,,,,"{'total': None, 'frontSeven': None, 'db': None}",-0.7
2026-09-08T12:02:45+00:00,2026,3,sp_plus,2026,Sam Houston,Conference USA,-26,134,,,131,14.2,,,,,,,,,134,39.8,,,,,,,"{'total': None, 'frontSeven': None, 'db': None}",-0.4
2026-09-08T12:02:45+00:00,2026,3,sp_plus,2026,Middle Tennessee,Conference USA,-26.5,135,,,134,13.8,,,,,,,,,136,40.5,,,,,,,"{'total': None, 'frontSeven': None, 'db': None}",0.2
2026-09-08T12:02:45+00:00,2026,3,sp_plus,2026,UL Monroe,Sun Belt,-28.9,136,,,136,11.9,,,,,,,,,135,40.1,,,,,,,"{'total': None, 'frontSeven': None, 'db': None}",-0.7
2026-09-08T12:02:45+00:00,2026,3,sp_plus,2026,Georgia State,Sun Belt,-29.3,137,,,127,14.8,,,,,,,,,138,43.4,,,,,,,"{'total': None, 'frontSeven': None, 'db': None}",-0.7
2026-09-08T12:02:45+00:00,2026,3,sp_plus,2026,Massachusetts,Mid-American,-32.9,138,,,138,8.8,,,,,,,,,137,41.2,,,,,,,"{'total': None, 'frontSeven': None, 'db': None}",-0.5
2026-09-08T12:02:45+00:00,2026,3,sp_plus,2026,nationalAverages,,-0.5246376811594203,,,,,25.655797101449277,,,,,,,,,,26.194927536231884,,,,,,,"{'total': None, 'frontSeven': None, 'db': None}",0.010869565217391304
2026-09-15T12:02:15+00:00,2026,4,sp_plus,2026,Georgia,SEC,29.3,1,,,3,40.8,,,,,,,,,5,12.1,,,,,,,"{'total': None, 'frontSeven': None, 'db': None}",0.6
2026-09-15T12:02:15+00:00,2026,4,sp_plus,2026,Ohio State,Big Ten,29.2,2,,,4,39.5,,,,,,,,,1,10.3,,,,,,,"{'total': None, 'frontSeven': None, 'db': None}",0.1
2026-09-15T12:02:15+00:00,2026,4,sp_plus,2026,Notre Dame,FBS Independents,29,3,,,1,41.7,,,,,,,,,6,13,,,,,,,"{'total': None, 'frontSeven': None, 'db': None}",0.3
2026-09-15T12:02:15+00:00,2026,4,sp_plus,2026,Miami,ACC,25.6,4,,,10,37.2,,,,,,,,,3,11.9,,,,,,,"{'total': None, 'frontSeven': None, 'db': None}",0.3
2026-09-15T12:02:15+00:00,2026,4,sp_plus,2026,Indiana,Big Ten,25.4,5,,,9,38.1,,,,,,,,,8,13.2,,,,,,,"{'total': None, 'frontSeven': None, 'db': None}",0.5
2026-09-15T12:02:15+00:00,2026,4,sp_plus,2026,Texas,SEC,25,6,,,7,38.7,,,,,,,,,9,14.2,,,,,,,"{'total': None, 'frontSeven': None, 'db': None}",0.4
2026-09-15T12:02:15+00:00,2026,4,sp_plus,2026,Texas A&M,SEC,24.2,7,,,5,39.3,,,,,,,,,11,14.9,,,,,,,"{'total': None, 'frontSeven': None, 'db': None}",-0.3
2026-09-15T12:02:15+00:00,2026,4,sp_plus,2026,LSU,SEC,24.1,8,,,13,34.8,,,,,,,,,2,10.9,,,,,,,"{'total': None, 'frontSeven': None, 'db': None}",0.2
2026-09-15T12:02:15+00:00,2026,4,sp_plus,2026,Oregon,Big Ten,22.9,9,,,8,38.6,,,,,,,,,12,16,,,,,,,"{'total': None, 'frontSeven': None, 'db': None}",0.3
2026-09-15T12:02:15+00:00,2026,4,sp_plus,2026,Alabama,SEC,21.2,10,,,20,33.5,,,,,,,,,3,11.9,,,,,,,"{'total': None, 'frontSeven': None, 'db': None}",-0.4
2026-09-15T12:02:15+00:00,2026,4,sp_plus,2026,Tennessee,SEC,20.2,11,,,2,40.9,,,,,,,,,41,21.1,,,,,,,"{'total': None, 'frontSeven': None, 'db': None}",0.4
2026-09-15T12:02:15+00:00,2026,4,sp_plus,2026,USC,Big Ten,19.5,12,,,5,39.3,,,,,,,,,27,19.5,,,,,,,"{'total': None, 'frontSeven': None, 'db': None}",-0.3
2026-09-15T12:02:15+00:00,2026,4,sp_plus,2026,Florida,SEC,19.4,13,,,21,33.4,,,,,,,,,10,14.5,,,,,,,"{'total': None, 'frontSeven': None, 'db': None}",0.5
2026-09-15T12:02:15+00:00,2026,4,sp_plus,2026,Oklahoma,SEC,19.2,14,,,32,31.9,,,,,,,,,7,13.1,,,,,,,"{'total': None, 'frontSeven': None, 'db': None}",0.4
2026-09-15T12:02:15+00:00,2026,4,sp_plus,2026,Texas Tech,Big 12,19.1,15,,,11,35.4,,,,,,,,,15,16.5,,,,,,,"{'total': None, 'frontSeven': None, 'db': None}",0.2
2026-09-15T12:02:15+00:00,2026,4,sp_plus,2026,Penn State,Big Ten,17.7,16,,,17,34.1,,,,,,,,,20,17,,,,,,,"{'total': None, 'frontSeven': None, 'db': None}",0.6
2026-09-15T12:02:15+00:00,2026,4,sp_plus,2026,South Carolina,SEC,16.9,17,,,28,32.6,,,,,,,,,13,16.1,,,,,,,"{'total': None, 'frontSeven': None, 'db': None}",0.5
2026-09-15T12:02:15+00:00,2026,4,sp_plus,2026,BYU,Big 12,16.8,18,,,18,33.9,,,,,,,,,21,17.4,,,,,,,"{'total': None, 'frontSeven': None, 'db': None}",0.3
2026-09-15T12:02:15+00:00,2026,4,sp_plus,2026,SMU,ACC,15.3,19,,,16,34.3,,,,,,,,,23,18.6,,,,,,,"{'total': None, 'frontSeven': None, 'db': None}",-0.4
2026-09-15T12:02:15+00:00,2026,4,sp_plus,2026,Ole Miss,SEC,15.2,20,,,11,35.4,,,,,,,,,38,20.8,,,,,,,"{'total': None, 'frontSeven': None, 'db': None}",0.6
2026-09-15T12:02:15+00:00,2026,4,sp_plus,2026,Missouri,SEC,15.1,21,,,30,32.3,,,,,,,,,17,16.8,,,,,,,"{'total': None, 'frontSeven': None, 'db': None}",-0.5
2026-09-15T12:02:15+00:00,2026,4,sp_plus,2026,Utah,Big 12,14.8,22,,,15,34.5,,,,,,,,,29,19.7,,,,,,,"{'total': None, 'frontSeven': None, 'db': None}",0
2026-09-15T12:02:15+00:00,2026,4,sp_plus,2026,Louisville,ACC,14.1,23,,,22,33.3,,,,,,,,,26,19.4,,,,,,,"{'total': None, 'frontSeven': None, 'db': None}",0.2
2026-09-15T12:02:15+00:00,2026,4,sp_plus,2026,Kansas State,Big 12,13.9,24,,,14,34.6,,,,,,,,,40,20.9,,,,,,,"{'total': None, 'frontSeven': None, 'db': None}",0.3
2026-09-15T12:02:15+00:00,2026,4,sp_plus,2026,Michigan,Big Ten,13.8,25,,,42,30.4,,,,,,,,,13,16.1,,,,,,,"{'total': None, 'frontSeven': None, 'db': None}",-0.4
2026-09-15T12:02:15+00:00,2026,4,sp_plus,2026,Iowa,Big Ten,13.8,25,,,45,29.7,,,,,,,,,15,16.5,,,,,,,"{'total': None, 'frontSeven': None, 'db': None}",0.6
2026-09-15T12:02:15+00:00,2026,4,sp_plus,2026,Nebraska,Big Ten,13,27,,,27,32.7,,,,,,,,,29,19.7,,,,,,,"{'total': None, 'frontSeven': None, 'db': None}",0.1
2026-09-15T12:02:15+00:00,2026,4,sp_plus,2026,Virginia Tech,ACC,12.7,28,,,24,33.1,,,,,,,,,33,20.1,,,,,,,"{'total': None, 'frontSeven': None, 'db': None}",-0.2
2026-09-15T12:02:15+00:00,2026,4,sp_plus,2026,Virginia,ACC,12.7,28,,,51,29.3,,,,,,,,,17,16.8,,,,,,,"{'total': None, 'frontSeven': None, 'db': None}",0.2
2026-09-15T12:02:15+00:00,2026,4,sp_plus,2026,Auburn,SEC,11.7,30,,,54,28.2,,,,,,,,,17,16.8,,,,,,,"{'total': None, 'frontSeven': None, 'db': None}",0.2
2026-09-15T12:02:15+00:00,2026,4,sp_plus,2026,Houston,Big 12,11.6,31,,,24,33.1,,,,,,,,,43,21.2,,,,,,,"{'total': None, 'frontSeven': None, 'db': None}",-0.3
2026-09-15T12:02:15+00:00,2026,4,sp_plus,2026,TCU,Big 12,11.3,32,,,32,31.9,,,,,,,,,35,20.4,,,,,,,"{'total': None, 'frontSeven': None, 'db': None}",-0.2
2026-09-15T12:02:15+00:00,2026,4,sp_plus,2026,Washington,Big Ten,11.1,33,,,45,29.7,,,,,,,,,22,18.3,,,,,,,"{'total': None, 'frontSeven': None, 'db': None}",-0.3
2026-09-15T12:02:15+00:00,2026,4,sp_plus,2026,Arizona,Big 12,10.3,34,,,35,31.5,,,,,,,,,37,20.7,,,,,,,"{'total': None, 'frontSeven': None, 'db': None}",-0.4
2026-09-15T12:02:15+00:00,2026,4,sp_plus,2026,Vanderbilt,SEC,10.1,35,,,22,33.3,,,,,,,,,56,23.7,,,,,,,"{'total': None, 'frontSeven': None, 'db': None}",0.6
2026-09-15T12:02:15+00:00,2026,4,sp_plus,2026,Pittsburgh,ACC,10,36,,,35,31.5,,,,,,,,,46,21.6,,,,,,,"{'total': None, 'frontSeven': None, 'db': None}",0.1
2026-09-15T12:02:15+00:00,2026,4,sp_plus,2026,Mississippi State,SEC,10,36,,,19,33.7,,,,,,,,,60,24.2,,,,,,,"{'total': None, 'frontSeven': None, 'db': None}",0.5
2026-09-15T12:02:15+00:00,2026,4,sp_plus,2026,UCLA,Big Ten,9.1,38,,,40,31,,,,,,,,,47,22,,,,,,,"{'total': None, 'frontSeven': None, 'db': None}",0
2026-09-15T12:02:15+00:00,2026,4,sp_plus,2026,Maryland,Big Ten,8.7,39,,,52,28.8,,,,,,,,,35,20.4,,,,,,,"{'total': None, 'frontSeven': None, 'db': None}",0.3
2026-09-15T12:02:15+00:00,2026,4,sp_plus,2026,Clemson,ACC,8.1,40,,,66,27,,,,,,,,,25,19.2,,,,,,,"{'total': None, 'frontSeven': None, 'db': None}",0.3
2026-09-15T12:02:15+00:00,2026,4,sp_plus,2026,NC State,ACC,8,41,,,31,32,,,,,,,,,56,23.7,,,,,,,"{'total': None, 'frontSeven': None, 'db': None}",-0.4
2026-09-15T12:02:15+00:00,2026,4,sp_plus,2026,Arizona State,Big 12,7.8,42,,,50,29.4,,,,,,,,,41,21.1,,,,,,,"{'total': None, 'frontSeven': None, 'db': None}",-0.5
2026-09-15T12:02:15+00:00,2026,4,sp_plus,2026,Northwestern,Big Ten,7.8,42,,,65,27.1,,,,,,,,,32,19.8,,,,,,,"{'total': None, 'frontSeven': None, 'db': None}",0.4
2026-09-15T12:02:15+00:00,2026,4,sp_plus,2026,Florida State,ACC,7.7,44,,,48,29.5,,,,,,,,,45,21.5,,,,,,,"{'total': None, 'frontSeven': None, 'db': None}",-0.2
2026-09-15T12:02:15+00:00,2026,4,sp_plus,2026,Cincinnati,Big 12,7.6,45,,,38,31.2,,,,,,,,,59,23.9,,,,,,,"{'total': None, 'frontSeven': None, 'db': None}",0.3
2026-09-15T12:02:15+00:00,2026,4,sp_plus,2026,Baylor,Big 12,7.4,46,,,26,32.9,,,,,,,,,73,26.1,,,,,,,"{'total': None, 'frontSeven': None, 'db': None}",0.6
2026-09-15T12:02:15+00:00,2026,4,sp_plus,2026,Illinois,Big Ten,7.2,47,,,39,31.1,,,,,,,,,62,24.3,,,,,,,"{'total': None, 'frontSeven': None, 'db': None}",0.4
2026-09-15T12:02:15+00:00,2026,4,sp_plus,2026,Duke,ACC,6.9,48,,,29,32.5,,,,,,,,,72,26,,,,,,,"{'total': None, 'frontSeven': None, 'db': None}",0.3
2026-09-15T12:02:15+00:00,2026,4,sp_plus,2026,Boise State,Pac-12,6.9,48,,,42,30.4,,,,,,,,,53,23.3,,,,,,,"{'total': None, 'frontSeven': None, 'db': None}",-0.2
2026-09-15T12:02:15+00:00,2026,4,sp_plus,2026,Oklahoma State,Big 12,6.7,50,,,47,29.6,,,,,,,,,54,23.4,,,,,,,"{'total': None, 'frontSeven': None, 'db': None}",0.4
2026-09-15T12:02:15+00:00,2026,4,sp_plus,2026,North Carolina,ACC,6.4,51,,,76,25.5,,,,,,,,,27,19.5,,,,,,,"{'total': None, 'frontSeven': None, 'db': None}",0.4
2026-09-15T12:02:15+00:00,2026,4,sp_plus,2026,Kentucky,SEC,6.2,52,,,62,27.4,,,,,,,,,43,21.2,,,,,,,"{'total': None, 'frontSeven': None, 'db': None}",0
2026-09-15T12:02:15+00:00,2026,4,sp_plus,2026,UCF,Big 12,5.6,53,,,77,25.4,,,,,,,,,29,19.7,,,,,,,"{'total': None, 'frontSeven': None, 'db': None}",-0.1
2026-09-15T12:02:15+00:00,2026,4,sp_plus,2026,New Mexico,Mountain West,5,54,,,56,28.1,,,,,,,,,56,23.7,,,,,,,"{'total': None, 'frontSeven': None, 'db': None}",0.5
2026-09-15T12:02:15+00:00,2026,4,sp_plus,2026,Kansas,Big 12,4.7,55,,,48,29.5,,,,,,,,,68,25.4,,,,,,,"{'total': None, 'frontSeven': None, 'db': None}",0.6
2026-09-15T12:02:15+00:00,2026,4,sp_plus,2026,Minnesota,Big Ten,4.7,55,,,77,25.4,,,,,,,,,34,20.2,,,,,,,"{'total': None, 'frontSeven': None, 'db': None}",-0.5
2026-09-15T12:02:15+00:00,2026,4,sp_plus,2026,North Dakota State,Mountain West,4.2,57,,,63,27.3,,,,,,,,,52,23.2,,,,,,,"{'total': None, 'frontSeven': None, 'db': None}",0.1
2026-09-15T12:02:15+00:00,2026,4,sp_plus,2026,James Madison,Sun Belt,4,58,,,53,28.6,,,,,,,,,60,24.2,,,,,,,"{'total': None, 'frontSeven': None, 'db': None}",-0.3
2026-09-15T12:02:15+00:00,2026,4,sp_plus,2026,Colorado,Big 12,3.7,59,,,64,27.2,,,,,,,,,51,23.1,,,,,,,"{'total': None, 'frontSeven': None, 'db': None}",-0.5
2026-09-15T12:02:15+00:00,2026,4,sp_plus,2026,Iowa State,Big 12,3.5,60,,,89,23.9,,,,,,,,,38,20.8,,,,,,,"{'total': None, 'frontSeven': None, 'db': None}",0.4
2026-09-15T12:02:15+00:00,2026,4,sp_plus,2026,Michigan State,Big Ten,3.5,60,,,54,28.2,,,,,,,,,62,24.3,,,,,,,"{'total': None, 'frontSeven': None, 'db': None}",-0.4
2026-09-15T12:02:15+00:00,2026,4,sp_plus,2026,Wake Forest,ACC,3.4,62,,,79,25.3,,,,,,,,,47,22,,,,,,,"{'total': None, 'frontSeven': None, 'db': None}",0
2026-09-15T12:02:15+00:00,2026,4,sp_plus,2026,West Virginia,Big 12,3,63,,,59,27.8,,,,,,,,,67,24.9,,,,,,,"{'total': None, 'frontSeven': None, 'db': None}",0.1
2026-09-15T12:02:15+00:00,2026,4,sp_plus,2026,Georgia Tech,ACC,2.7,64,,,71,26.8,,,,,,,,,64,24.6,,,,,,,"{'total': None, 'frontSeven': None, 'db': None}",0.5
2026-09-15T12:02:15+00:00,2026,4,sp_plus,2026,UTSA,American Athletic,2.1,65,,,37,31.4,,,,,,,,,92,29.4,,,,,,,"{'total': None, 'frontSeven': None, 'db': None}",0.1
2026-09-15T12:02:15+00:00,2026,4,sp_plus,2026,Wisconsin,Big Ten,1.9,66,,,107,21,,,,,,,,,24,18.8,,,,,,,"{'total': None, 'frontSeven': None, 'db': None}",-0.3
2026-09-15T12:02:15+00:00,2026,4,sp_plus,2026,Syracuse,ACC,1.7,67,,,84,24.7,,,,,,,,,54,23.4,,,,,,,"{'total': None, 'frontSeven': None, 'db': None}",0.4
2026-09-15T12:02:15+00:00,2026,4,sp_plus,2026,Arkansas,SEC,1.5,68,,,34,31.8,,,,,,,,,100,30.6,,,,,,,"{'total': None, 'frontSeven': None, 'db': None}",0.3
2026-09-15T12:02:15+00:00,2026,4,sp_plus,2026,Army,American Athletic,1.1,69,,,68,26.9,,,,,,,,,71,25.9,,,,,,,"{'total': None, 'frontSeven': None, 'db': None}",0.1
2026-09-15T12:02:15+00:00,2026,4,sp_plus,2026,Memphis,American Athletic,0.4,70,,,44,30.3,,,,,,,,,98,30.4,,,,,,,"{'total': None, 'frontSeven': None, 'db': None}",0.4
2026-09-15T12:02:15+00:00,2026,4,sp_plus,2026,Air Force,Mountain West,-0.1,71,,,71,26.8,,,,,,,,,79,27,,,,,,,"{'total': None, 'frontSeven': None, 'db': None}",0.1
2026-09-15T12:02:15+00:00,2026,4,sp_plus,2026,San Diego State,Pac-12,-0.5,72,,,92,23.7,,,,,,,,,65,24.8,,,,,,,"{'total': None, 'frontSeven': None, 'db': None}",0.6
2026-09-15T12:02:15+00:00,2026,4,sp_plus,2026,California,ACC,-0.6,73,,,66,27,,,,,,,,,81,27.4,,,,,,,"{'total': None, 'frontSeven': None, 'db': None}",-0.3
2026-09-15T12:02:15+00:00,2026,4,sp_plus,2026,Navy,American Athletic,-0.7,74,,,61,27.5,,,,,,,,,86,28.4,,,,,,,"{'total': None, 'frontSeven': None, 'db': None}",0.2
2026-09-15T12:02:15+00:00,2026,4,sp_plus,2026,Fresno State,Pac-12,-0.8,75,,,104,21.7,,,,,,,,,49,22.4,,,,,,,"{'total': None, 'frontSeven': None, 'db': None}",0
2026-09-15T12:02:15+00:00,2026,4,sp_plus,2026,South Florida,American Athletic,-1.1,76,,,57,27.9,,,,,,,,,87,28.8,,,,,,,"{'total': None, 'frontSeven': None, 'db': None}",-0.2
2026-09-15T12:02:15+00:00,2026,4,sp_plus,2026,Purdue,Big Ten,-1.2,77,,,75,25.6,,,,,,,,,82,27.5,,,,,,,"{'total': None, 'frontSeven': None, 'db': None}",0.6
2026-09-15T12:02:15+00:00,2026,4,sp_plus,2026,Western Michigan,Mid-American,-2.2,78,,,106,21.1,,,,,,,,,50,22.9,,,,,,,"{'total': None, 'frontSeven': None, 'db': None}",-0.4
2026-09-15T12:02:15+00:00,2026,4,sp_plus,2026,UNLV,Mountain West,-2.7,79,,,68,26.9,,,,,,,,,93,29.6,,,,,,,"{'total': None, 'frontSeven': None, 'db': None}",0
2026-09-15T12:02:15+00:00,2026,4,sp_plus,2026,Rutgers,Big Ten,-2.8,80,,,57,27.9,,,,,,,,,101,30.8,,,,,,,"{'total': None, 'frontSeven': None, 'db': None}",0.1
2026-09-15T12:02:15+00:00,2026,4,sp_plus,2026,Boston College,ACC,-3.3,81,,,87,24.2,,,,,,,,,84,27.9,,,,,,,"{'total': None, 'frontSeven': None, 'db': None}",0.4
2026-09-15T12:02:15+00:00,2026,4,sp_plus,2026,Stanford,ACC,-3.9,82,,,100,22.3,,,,,,,,,69,25.7,,,,,,,"{'total': None, 'frontSeven': None, 'db': None}",-0.5
2026-09-15T12:02:15+00:00,2026,4,sp_plus,2026,Tulsa,American Athletic,-4,83,,,85,24.4,,,,,,,,,88,28.9,,,,,,,"{'total': None, 'frontSeven': None, 'db': None}",0.5
2026-09-15T12:02:15+00:00,2026,4,sp_plus,2026,Oregon State,Pac-12,-4.6,84,,,101,22.2,,,,,,,,,73,26.1,,,,,,,"{'total': None, 'frontSeven': None, 'db': None}",-0.7
2026-09-15T12:02:15+00:00,2026,4,sp_plus,2026,Toledo,Mid-American,-4.9,85,,,110,20.3,,,,,,,,,65,24.8,,,,,,,"{'total': None, 'frontSeven': None, 'db': None}",-0.4
2026-09-15T12:02:15+00:00,2026,4,sp_plus,2026,Louisiana Tech,Sun Belt,-5.3,86,,,89,23.9,,,,,,,,,90,29.2,,,,,,,"{'total': None, 'frontSeven': None, 'db': None}",0
2026-09-15T12:02:15+00:00,2026,4,sp_plus,2026,Hawai'i,Mountain West,-5.8,87,,,89,23.9,,,,,,,,,96,30.2,,,,,,,"{'total': None, 'frontSeven': None, 'db': None}",0.5
2026-09-15T12:02:15+00:00,2026,4,sp_plus,2026,Tulane,American Athletic,-6,88,,,105,21.2,,,,,,,,,83,27.8,,,,,,,"{'total': None, 'frontSeven': None, 'db': None}",0.5
2026-09-15T12:02:15+00:00,2026,4,sp_plus,2026,Temple,American Athletic,-6.2,89,,,73,25.9,,,,,,,,,113,32.4,,,,,,,"{'total': None, 'frontSeven': None, 'db': None}",0.3
2026-09-15T12:02:15+00:00,2026,4,sp_plus,2026,Texas State,Pac-12,-6.5,90,,,41,30.8,,,,,,,,,132,37.4,,,,,,,"{'total': None, 'frontSeven': None, 'db': None}",0.1
2026-09-15T12:02:15+00:00,2026,4,sp_plus,2026,Miami (OH),Mid-American,-6.6,91,,,116,19,,,,,,,,,73,26.1,,,,,,,"{'total': None, 'frontSeven': None, 'db': None}",0.5
2026-09-15T12:02:15+00:00,2026,4,sp_plus,2026,Georgia Southern,Sun Belt,-6.6,91,,,92,23.7,,,,,,,,,98,30.4,,,,,,,"{'total': None, 'frontSeven': None, 'db': None}",0
2026-09-15T12:02:15+00:00,2026,4,sp_plus,2026,Louisiana,Sun Belt,-6.6,91,,,68,26.9,,,,,,,,,118,33.1,,,,,,,"{'total': None, 'frontSeven': None, 'db': None}",-0.4
2026-09-15T12:02:15+00:00,2026,4,sp_plus,2026,East Carolina,American Athletic,-6.7,94,,,99,22.4,,,,,,,,,88,28.9,,,,,,,"{'total': None, 'frontSeven': None, 'db': None}",-0.2
2026-09-15T12:02:15+00:00,2026,4,sp_plus,2026,Colorado State,Pac-12,-6.7,94,,,113,20,,,,,,,,,77,26.7,,,,,,,"{'total': None, 'frontSeven': None, 'db': None}",-0.1
2026-09-15T12:02:15+00:00,2026,4,sp_plus,2026,Old Dominion,Sun Belt,-6.9,96,,,112,20.1,,,,,,,,,76,26.3,,,,,,,"{'total': None, 'frontSeven': None, 'db': None}",-0.6
2026-09-15T12:02:15+00:00,2026,4,sp_plus,2026,Washington State,Pac-12,-6.9,96,,,117,18.9,,,,,,,,,69,25.7,,,,,,,"{'total': None, 'frontSeven': None, 'db': None}",-0.1
2026-09-15T12:02:15+00:00,2026,4,sp_plus,2026,Jacksonville State,Conference USA,-7,98,,,82,24.8,,,,,,,,,107,31.4,,,,,,,"{'total': None, 'frontSeven': None, 'db': None}",-0.5
2026-09-15T12:02:15+00:00,2026,4,sp_plus,2026,Liberty,Conference USA,-7.1,99,,,86,24.3,,,,,,,,,105,31.2,,,,,,,"{'total': None, 'frontSeven': None, 'db': None}",-0.2
2026-09-15T12:02:15+00:00,2026,4,sp_plus,2026,Utah State,Pac-12,-7.1,99,,,96,23.1,,,,,,,,,94,29.7,,,,,,,"{'total': None, 'frontSeven': None, 'db': None}",-0.5
2026-09-15T12:02:15+00:00,2026,4,sp_plus,2026,Troy,Sun Belt,-7.1,99,,,97,22.7,,,,,,,,,95,30.1,,,,,,,"{'total': None, 'frontSeven': None, 'db': None}",0.2
2026-09-15T12:02:15+00:00,2026,4,sp_plus,2026,Arkansas State,Sun Belt,-7.1,99,,,81,24.9,,,,,,,,,110,32.1,,,,,,,"{'total': None, 'frontSeven': None, 'db': None}",0.1
2026-09-15T12:02:15+00:00,2026,4,sp_plus,2026,UConn,FBS Independents,-7.2,103,,,98,22.6,,,,,,,,,97,30.3,,,,,,,"{'total': None, 'frontSeven': None, 'db': None}",0.5
2026-09-15T12:02:15+00:00,2026,4,sp_plus,2026,App State,Sun Belt,-7.4,104,,,94,23.5,,,,,,,,,105,31.2,,,,,,,"{'total': None, 'frontSeven': None, 'db': None}",0.3
2026-09-15T12:02:15+00:00,2026,4,sp_plus,2026,Nevada,Mountain West,-7.6,105,,,113,20,,,,,,,,,84,27.9,,,,,,,"{'total': None, 'frontSeven': None, 'db': None}",0.4
2026-09-15T12:02:15+00:00,2026,4,sp_plus,2026,Florida Atlantic,American Athletic,-8,106,,,60,27.6,,,,,,,,,127,36.1,,,,,,,"{'total': None, 'frontSeven': None, 'db': None}",0.5
2026-09-15T12:02:15+00:00,2026,4,sp_plus,2026,North Texas,American Athletic,-8.1,107,,,74,25.7,,,,,,,,,121,33.5,,,,,,,"{'total': None, 'frontSeven': None, 'db': None}",-0.2
2026-09-15T12:02:15+00:00,2026,4,sp_plus,2026,Delaware,Conference USA,-8.8,108,,,82,24.8,,,,,,,,,119,33.3,,,,,,,"{'total': None, 'frontSeven': None, 'db': None}",-0.3
2026-09-15T12:02:15+00:00,2026,4,sp_plus,2026,Coastal Carolina,Sun Belt,-9.5,109,,,94,23.5,,,,,,,,,114,32.5,,,,,,,"{'total': None, 'frontSeven': None, 'db': None}",-0.4
2026-09-15T12:02:15+00:00,2026,4,sp_plus,2026,South Alabama,Sun Belt,-10.3,110,,,88,24.1,,,,,,,,,123,33.8,,,,,,,"{'total': None, 'frontSeven': None, 'db': None}",-0.6
2026-09-15T12:02:15+00:00,2026,4,sp_plus,2026,Kennesaw State,Conference USA,-10.7,111,,,108,20.7,,,,,,,,,101,30.8,,,,,,,"{'total': None, 'frontSeven': None, 'db': None}",-0.5
2026-09-15T12:02:15+00:00,2026,4,sp_plus,2026,Florida International,Conference USA,-11.5,112,,,103,21.8,,,,,,,,,117,33,,,,,,,"{'total': None, 'frontSeven': None, 'db': None}",-0.2
2026-09-15T12:02:15+00:00,2026,4,sp_plus,2026,Marshall,Sun Belt,-11.7,113,,,79,25.3,,,,,,,,,131,37.3,,,,,,,"{'total': None, 'frontSeven': None, 'db': None}",0.2
2026-09-15T12:02:15+00:00,2026,4,sp_plus,2026,Ohio,Mid-American,-12.3,114,,,129,15,,,,,,,,,77,26.7,,,,,,,"{'total': None, 'frontSeven': None, 'db': None}",-0.6
2026-09-15T12:02:15+00:00,2026,4,sp_plus,2026,San José State,Mountain West,-12.5,115,,,113,20,,,,,,,,,110,32.1,,,,,,,"{'total': None, 'frontSeven': None, 'db': None}",-0.4
2026-09-15T12:02:15+00:00,2026,4,sp_plus,2026,Western Kentucky,Conference USA,-13.3,116,,,101,22.2,,,,,,,,,125,35.9,,,,,,,"{'total': None, 'frontSeven': None, 'db': None}",0.5
2026-09-15T12:02:15+00:00,2026,4,sp_plus,2026,Wyoming,Mountain West,-13.7,117,,,134,14.1,,,,,,,,,80,27.3,,,,,,,"{'total': None, 'frontSeven': None, 'db': None}",-0.6
2026-09-15T12:02:15+00:00,2026,4,sp_plus,2026,Buffalo,Mid-American,-13.9,118,,,130,14.8,,,,,,,,,90,29.2,,,,,,,"{'total': None, 'frontSeven': None, 'db': None}",0.6
2026-09-15T12:02:15+00:00,2026,4,sp_plus,2026,New Mexico State,Conference USA,-15,119,,,119,18.4,,,,,,,,,119,33.3,,,,,,,"{'total': None, 'frontSeven': None, 'db': None}",-0.1
2026-09-15T12:02:15+00:00,2026,4,sp_plus,2026,Rice,American Athletic,-15.1,120,,,123,16.7,,,,,,,,,112,32.2,,,,,,,"{'total': None, 'frontSeven': None, 'db': None}",0.4
2026-09-15T12:02:15+00:00,2026,4,sp_plus,2026,Eastern Michigan,Mid-American,-15.6,121,,,121,17.2,,,,,,,,,115,32.7,,,,,,,"{'total': None, 'frontSeven': None, 'db': None}",0
2026-09-15T12:02:15+00:00,2026,4,sp_plus,2026,Southern Miss,Sun Belt,-16.2,122,,,111,20.2,,,,,,,,,125,35.9,,,,,,,"{'total': None, 'frontSeven': None, 'db': None}",-0.4
2026-09-15T12:02:15+00:00,2026,4,sp_plus,2026,UTEP,Mountain West,-16.2,122,,,122,17.1,,,,,,,,,116,32.8,,,,,,,"{'total': None, 'frontSeven': None, 'db': None}",-0.4
2026-09-15T12:02:15+00:00,2026,4,sp_plus,2026,Missouri State,Conference USA,-16.4,124,,,120,17.7,,,,,,,,,122,33.7,,,,,,,"{'total': None, 'frontSeven': None, 'db': None}",-0.5
2026-09-15T12:02:15+00:00,2026,4,sp_plus,2026,Northern Illinois,Mountain West,-16.9,125,,,126,15.2,,,,,,,,,108,31.9,,,,,,,"{'total': None, 'frontSeven': None, 'db': None}",-0.2
2026-09-15T12:02:15+00:00,2026,4,sp_plus,2026,Central Michigan,Mid-American,-16.9,125,,,133,14.2,,,,,,,,,103,30.9,,,,,,,"{'total': None, 'frontSeven': None, 'db': None}",-0.2
2026-09-15T12:02:15+00:00,2026,4,sp_plus,2026,UAB,American Athletic,-17.3,127,,,108,20.7,,,,,,,,,133,37.5,,,,,,,"{'total': None, 'frontSeven': None, 'db': None}",-0.5
2026-09-15T12:02:15+00:00,2026,4,sp_plus,2026,Bowling Green,Mid-American,-17.5,128,,,136,13.1,,,,,,,,,103,30.9,,,,,,,"{'total': None, 'frontSeven': None, 'db': None}",0.3
2026-09-15T12:02:15+00:00,2026,4,sp_plus,2026,Akron,Mid-American,-18.6,129,,,135,14,,,,,,,,,109,32,,,,,,,"{'total': None, 'frontSeven': None, 'db': None}",-0.6
2026-09-15T12:02:15+00:00,2026,4,sp_plus,2026,Sam Houston,Conference USA,-21.1,130,,,125,16.2,,,,,,,,,130,36.9,,,,,,,"{'total': None, 'frontSeven': None, 'db': None}",-0.4
2026-09-15T12:02:15+00:00,2026,4,sp_plus,2026,Ball State,Mid-American,-21.3,131,,,132,14.3,,,,,,,,,124,35,,,,,,,"{'total': None, 'frontSeven': None, 'db': None}",-0.6
2026-09-15T12:02:15+00:00,2026,4,sp_plus,2026,Middle Tennessee,Conference USA,-21.3,131,,,124,16.4,,,,,,,,,135,37.9,,,,,,,"{'total': None, 'frontSeven': None, 'db': None}",0.2
2026-09-15T12:02:15+00:00,2026,4,sp_plus,2026,Kent State,Mid-American,-21.5,133,,,126,15.2,,,,,,,,,128,36.2,,,,,,,"{'total': None, 'frontSeven': None, 'db': None}",-0.5
2026-09-15T12:02:15+00:00,2026,4,sp_plus,2026,Georgia State,Sun Belt,-21.6,134,,,118,18.6,,,,,,,,,137,39.6,,,,,,,"{'total': None, 'frontSeven': None, 'db': None}",-0.6
2026-09-15T12:02:15+00:00,2026,4,sp_plus,2026,Sacramento State,Mid-American,-21.7,135,,,128,15.1,,,,,,,,,129,36.8,,,,,,,"{'total': None, 'frontSeven': None, 'db': None}",0
2026-09-15T12:02:15+00:00,2026,4,sp_plus,2026,Charlotte,American Athletic,-25.2,136,,,131,14.5,,,,,,,,,136,39.2,,,,,,,"{'total': None, 'frontSeven': None, 'db': None}",-0.4
2026-09-15T12:02:15+00:00,2026,4,sp_plus,2026,Massachusetts,Mid-American,-25.2,136,,,137,12.7,,,,,,,,,133,37.5,,,,,,,"{'total': None, 'frontSeven': None, 'db': None}",-0.5
2026-09-15T12:02:15+00:00,2026,4,sp_plus,2026,UL Monroe,Sun Belt,-29.3,138,,,138,11.9,,,,,,,,,138,40.6,,,,,,,"{'total': None, 'frontSeven': None, 'db': None}",-0.6
2026-09-15T12:02:15+00:00,2026,4,sp_plus,2026,nationalAverages,,0.8144927536231884,,,,,26.393478260869564,,,,,,,,,,25.594202898550723,,,,,,,"{'total': None, 'frontSeven': None, 'db': None}",0.014492753623188406
2026-09-22T12:02:07+00:00,2026,5,sp_plus,2026,Ohio State,Big Ten,29.7,1,,,5,40.1,,,,,,,,,1,10.5,,,,,,,"{'total': None, 'frontSeven': None, 'db': None}",0
2026-09-22T12:02:07+00:00,2026,5,sp_plus,2026,Georgia,SEC,28.2,2,,,2,40.7,,,,,,,,,3,13,,,,,,,"{'total': None, 'frontSeven': None, 'db': None}",0.5
2026-09-22T12:02:07+00:00,2026,5,sp_plus,2026,Notre Dame,FBS Independents,26.7,3,,,4,40.2,,,,,,,,,6,13.7,,,,,,,"{'total': None, 'frontSeven': None, 'db': None}",0.2
2026-09-22T12:02:07+00:00,2026,5,sp_plus,2026,Indiana,Big Ten,25.8,4,,,7,38.4,,,,,,,,,3,13,,,,,,,"{'total': None, 'frontSeven': None, 'db': None}",0.4
2026-09-22T12:02:07+00:00,2026,5,sp_plus,2026,Oregon,Big Ten,24.4,5,,,6,39.7,,,,,,,,,12,15.5,,,,,,,"{'total': None, 'frontSeven': None, 'db': None}",0.3
2026-09-22T12:02:07+00:00,2026,5,sp_plus,2026,Texas,SEC,24.1,6,,,8,37.9,,,,,,,,,8,14.2,,,,,,,"{'total': None, 'frontSeven': None, 'db': None}",0.4
2026-09-22T12:02:07+00:00,2026,5,sp_plus,2026,Miami,ACC,23.2,7,,,9,36.8,,,,,,,,,7,13.9,,,,,,,"{'total': None, 'frontSeven': None, 'db': None}",0.3
2026-09-22T12:02:07+00:00,2026,5,sp_plus,2026,USC,Big Ten,21.6,8,,,1,42.3,,,,,,,,,34,20.7,,,,,,,"{'total': None, 'frontSeven': None, 'db': None}",-0.1
2026-09-22T12:02:07+00:00,2026,5,sp_plus,2026,LSU,SEC,20.3,9,,,25,33.3,,,,,,,,,5,13.2,,,,,,,"{'total': None, 'frontSeven': None, 'db': None}",0.2
2026-09-22T12:02:07+00:00,2026,5,sp_plus,2026,Tennessee,SEC,20.2,10,,,3,40.6,,,,,,,,,34,20.7,,,,,,,"{'total': None, 'frontSeven': None, 'db': None}",0.3
2026-09-22T12:02:07+00:00,2026,5,sp_plus,2026,Alabama,SEC,19.5,11,,,18,34.5,,,,,,,,,10,14.7,,,,,,,"{'total': None, 'frontSeven': None, 'db': None}",-0.3
2026-09-22T12:02:07+00:00,2026,5,sp_plus,2026,Penn State,Big Ten,19.1,12,,,14,35.2,,,,,,,,,14,16.6,,,,,,,"{'total': None, 'frontSeven': None, 'db': None}",0.5
2026-09-22T12:02:07+00:00,2026,5,sp_plus,2026,Texas Tech,Big 12,18.5,13,,,12,35.6,,,,,,,,,16,17.4,,,,,,,"{'total': None, 'frontSeven': None, 'db': None}",0.2
2026-09-22T12:02:07+00:00,2026,5,sp_plus,2026,Texas A&M,SEC,18.3,14,,,10,36.4,,,,,,,,,19,17.9,,,,,,,"{'total': None, 'frontSeven': None, 'db': None}",-0.2
2026-09-22T12:02:07+00:00,2026,5,sp_plus,2026,Florida,SEC,17.8,15,,,20,34.2,,,,,,,,,15,16.9,,,,,,,"{'total': None, 'frontSeven': None, 'db': None}",0.5
2026-09-22T12:02:07+00:00,2026,5,sp_plus,2026,Oklahoma,SEC,17.6,16,,,47,30.1,,,,,,,,,2,12.8,,,,,,,"{'total': None, 'frontSeven': None, 'db': None}",0.4
2026-09-22T12:02:07+00:00,2026,5,sp_plus,2026,BYU,Big 12,17.5,17,,,16,35,,,,,,,,,17,17.7,,,,,,,"{'total': None, 'frontSeven': None, 'db': None}",0.3
2026-09-22T12:02:07+00:00,2026,5,sp_plus,2026,Iowa,Big Ten,17.3,18,,,37,31.4,,,,,,,,,9,14.6,,,,,,,"{'total': None, 'frontSeven': None, 'db': None}",0.5
2026-09-22T12:02:07+00:00,2026,5,sp_plus,2026,Utah,Big 12,17,19,,,14,35.2,,,,,,,,,21,18.2,,,,,,,"{'total': None, 'frontSeven': None, 'db': None}",0.1
2026-09-22T12:02:07+00:00,2026,5,sp_plus,2026,Ole Miss,SEC,15.6,20,,,11,36.3,,,,,,,,,39,21.3,,,,,,,"{'total': None, 'frontSeven': None, 'db': None}",0.6
2026-09-22T12:02:07+00:00,2026,5,sp_plus,2026,Michigan,Big Ten,15.1,21,,,41,30.9,,,,,,,,,11,15.4,,,,,,,"{'total': None, 'frontSeven': None, 'db': None}",-0.3
2026-09-22T12:02:07+00:00,2026,5,sp_plus,2026,Missouri,SEC,15,22,,,32,31.7,,,,,,,,,13,16.3,,,,,,,"{'total': None, 'frontSeven': None, 'db': None}",-0.4
2026-09-22T12:02:07+00:00,2026,5,sp_plus,2026,Nebraska,Big Ten,14.5,23,,,24,33.5,,,,,,,,,24,19,,,,,,,"{'total': None, 'frontSeven': None, 'db': None}",0
2026-09-22T12:02:07+00:00,2026,5,sp_plus,2026,Kansas State,Big 12,14.4,24,,,17,34.7,,,,,,,,,33,20.6,,,,,,,"{'total': None, 'frontSeven': None, 'db': None}",0.3
2026-09-22T12:02:07+00:00,2026,5,sp_plus,2026,Louisville,ACC,13.3,25,,,18,34.5,,,,,,,,,40,21.4,,,,,,,"{'total': None, 'frontSeven': None, 'db': None}",0.2
2026-09-22T12:02:07+00:00,2026,5,sp_plus,2026,South Carolina,SEC,13,26,,,32,31.7,,,,,,,,,25,19.3,,,,,,,"{'total': None, 'frontSeven': None, 'db': None}",0.5
2026-09-22T12:02:07+00:00,2026,5,sp_plus,2026,Washington,Big Ten,12.8,27,,,43,30.7,,,,,,,,,17,17.7,,,,,,,"{'total': None, 'frontSeven': None, 'db': None}",-0.3
2026-09-22T12:02:07+00:00,2026,5,sp_plus,2026,Virginia Tech,ACC,12.4,28,,,22,33.8,,,,,,,,,38,21.2,,,,,,,"{'total': None, 'frontSeven': None, 'db': None}",-0.2
2026-09-22T12:02:07+00:00,2026,5,sp_plus,2026,SMU,ACC,12,29,,,21,33.9,,,,,,,,,41,21.5,,,,,,,"{'total': None, 'frontSeven': None, 'db': None}",-0.4
2026-09-22T12:02:07+00:00,2026,5,sp_plus,2026,Mississippi State,SEC,12,29,,,13,35.4,,,,,,,,,56,23.9,,,,,,,"{'total': None, 'frontSeven': None, 'db': None}",0.5
2026-09-22T12:02:07+00:00,2026,5,sp_plus,2026,Auburn,SEC,11.6,31,,,51,29.3,,,,,,,,,20,18,,,,,,,"{'total': None, 'frontSeven': None, 'db': None}",0.3
2026-09-22T12:02:07+00:00,2026,5,sp_plus,2026,TCU,Big 12,11.2,32,,,37,31.4,,,,,,,,,30,20.1,,,,,,,"{'total': None, 'frontSeven': None, 'db': None}",-0.2
2026-09-22T12:02:07+00:00,2026,5,sp_plus,2026,Illinois,Big Ten,11.1,33,,,23,33.7,,,,,,,,,52,23,,,,,,,"{'total': None, 'frontSeven': None, 'db': None}",0.4
2026-09-22T12:02:07+00:00,2026,5,sp_plus,2026,Houston,Big 12,10.8,34,,,25,33.3,,,,,,,,,47,22.3,,,,,,,"{'total': None, 'frontSeven': None, 'db': None}",-0.3
2026-09-22T12:02:07+00:00,2026,5,sp_plus,2026,North Dakota State,Mountain West,10.6,35,,,49,30,,,,,,,,,26,19.5,,,,,,,"{'total': None, 'frontSeven': None, 'db': None}",0.1
2026-09-22T12:02:07+00:00,2026,5,sp_plus,2026,Virginia,ACC,10.5,36,,,51,29.3,,,,,,,,,23,18.9,,,,,,,"{'total': None, 'frontSeven': None, 'db': None}",0.2
2026-09-22T12:02:07+00:00,2026,5,sp_plus,2026,Pittsburgh,ACC,10.4,37,,,40,31,,,,,,,,,34,20.7,,,,,,,"{'total': None, 'frontSeven': None, 'db': None}",0.1
2026-09-22T12:02:07+00:00,2026,5,sp_plus,2026,Arizona,Big 12,9.8,38,,,32,31.7,,,,,,,,,42,21.6,,,,,,,"{'total': None, 'frontSeven': None, 'db': None}",-0.4
2026-09-22T12:02:07+00:00,2026,5,sp_plus,2026,Vanderbilt,SEC,9.7,39,,,28,33.2,,,,,,,,,57,24,,,,,,,"{'total': None, 'frontSeven': None, 'db': None}",0.5
2026-09-22T12:02:07+00:00,2026,5,sp_plus,2026,UCLA,Big Ten,9,40,,,29,32.6,,,,,,,,,53,23.6,,,,,,,"{'total': None, 'frontSeven': None, 'db': None}",0
2026-09-22T12:02:07+00:00,2026,5,sp_plus,2026,Oklahoma State,Big 12,8.7,41,,,45,30.5,,,,,,,,,47,22.3,,,,,,,"{'total': None, 'frontSeven': None, 'db': None}",0.4
2026-09-22T12:02:07+00:00,2026,5,sp_plus,2026,Cincinnati,Big 12,8,42,,,30,32.3,,,,,,,,,62,24.6,,,,,,,"{'total': None, 'frontSeven': None, 'db': None}",0.3
2026-09-22T12:02:07+00:00,2026,5,sp_plus,2026,Maryland,Big Ten,7.9,43,,,50,29.6,,,,,,,,,45,21.9,,,,,,,"{'total': None, 'frontSeven': None, 'db': None}",0.2
2026-09-22T12:02:07+00:00,2026,5,sp_plus,2026,Northwestern,Big Ten,7.7,44,,,63,27.1,,,,,,,,,28,19.9,,,,,,,"{'total': None, 'frontSeven': None, 'db': None}",0.4
2026-09-22T12:02:07+00:00,2026,5,sp_plus,2026,Clemson,ACC,7.1,45,,,72,26.4,,,,,,,,,27,19.6,,,,,,,"{'total': None, 'frontSeven': None, 'db': None}",0.3
2026-09-22T12:02:07+00:00,2026,5,sp_plus,2026,Duke,ACC,7,46,,,31,31.9,,,,,,,,,64,25.2,,,,,,,"{'total': None, 'frontSeven': None, 'db': None}",0.3
2026-09-22T12:02:07+00:00,2026,5,sp_plus,2026,Boise State,Pac-12,6.9,47,,,39,31.2,,,,,,,,,59,24.1,,,,,,,"{'total': None, 'frontSeven': None, 'db': None}",-0.2
2026-09-22T12:02:07+00:00,2026,5,sp_plus,2026,Baylor,Big 12,6.8,48,,,32,31.7,,,,,,,,,66,25.4,,,,,,,"{'total': None, 'frontSeven': None, 'db': None}",0.6
2026-09-22T12:02:07+00:00,2026,5,sp_plus,2026,Kentucky,SEC,6.5,49,,,57,28.2,,,,,,,,,43,21.7,,,,,,,"{'total': None, 'frontSeven': None, 'db': None}",0
2026-09-22T12:02:07+00:00,2026,5,sp_plus,2026,James Madison,Sun Belt,6.2,50,,,55,28.8,,,,,,,,,47,22.3,,,,,,,"{'total': None, 'frontSeven': None, 'db': None}",-0.2
2026-09-22T12:02:07+00:00,2026,5,sp_plus,2026,Minnesota,Big Ten,5.9,51,,,69,26.5,,,,,,,,,31,20.2,,,,,,,"{'total': None, 'frontSeven': None, 'db': None}",-0.4
2026-09-22T12:02:07+00:00,2026,5,sp_plus,2026,Iowa State,Big 12,5.8,52,,,80,25.4,,,,,,,,,28,19.9,,,,,,,"{'total': None, 'frontSeven': None, 'db': None}",0.4
2026-09-22T12:02:07+00:00,2026,5,sp_plus,2026,UCF,Big 12,5.5,53,,,77,25.9,,,,,,,,,32,20.4,,,,,,,"{'total': None, 'frontSeven': None, 'db': None}",-0.1
2026-09-22T12:02:07+00:00,2026,5,sp_plus,2026,Florida State,ACC,5.5,53,,,46,30.2,,,,,,,,,60,24.5,,,,,,,"{'total': None, 'frontSeven': None, 'db': None}",-0.2
2026-09-22T12:02:07+00:00,2026,5,sp_plus,2026,Arizona State,Big 12,5.3,55,,,60,27.5,,,,,,,,,43,21.7,,,,,,,"{'total': None, 'frontSeven': None, 'db': None}",-0.5
2026-09-22T12:02:07+00:00,2026,5,sp_plus,2026,Wisconsin,Big Ten,5.1,56,,,90,23.4,,,,,,,,,21,18.2,,,,,,,"{'total': None, 'frontSeven': None, 'db': None}",-0.2
2026-09-22T12:02:07+00:00,2026,5,sp_plus,2026,NC State,ACC,5,57,,,41,30.9,,,,,,,,,69,25.6,,,,,,,"{'total': None, 'frontSeven': None, 'db': None}",-0.3
2026-09-22T12:02:07+00:00,2026,5,sp_plus,2026,New Mexico,Mountain West,4.8,58,,,66,26.7,,,,,,,,,50,22.4,,,,,,,"{'total': None, 'frontSeven': None, 'db': None}",0.5
2026-09-22T12:02:07+00:00,2026,5,sp_plus,2026,North Carolina,ACC,4.5,59,,,83,25,,,,,,,,,37,20.8,,,,,,,"{'total': None, 'frontSeven': None, 'db': None}",0.3
2026-09-22T12:02:07+00:00,2026,5,sp_plus,2026,Georgia Tech,ACC,4.4,60,,,58,27.9,,,,,,,,,57,24,,,,,,,"{'total': None, 'frontSeven': None, 'db': None}",0.4
2026-09-22T12:02:07+00:00,2026,5,sp_plus,2026,West Virginia,Big 12,3.8,61,,,53,29.2,,,,,,,,,67,25.5,,,,,,,"{'total': None, 'frontSeven': None, 'db': None}",0.1
2026-09-22T12:02:07+00:00,2026,5,sp_plus,2026,Memphis,American Athletic,3.7,62,,,25,33.3,,,,,,,,,94,29.8,,,,,,,"{'total': None, 'frontSeven': None, 'db': None}",0.2
2026-09-22T12:02:07+00:00,2026,5,sp_plus,2026,Wake Forest,ACC,3.6,63,,,72,26.4,,,,,,,,,51,22.8,,,,,,,"{'total': None, 'frontSeven': None, 'db': None}",0
2026-09-22T12:02:07+00:00,2026,5,sp_plus,2026,Kansas,Big 12,3,64,,,61,27.4,,,,,,,,,63,24.8,,,,,,,"{'total': None, 'frontSeven': None, 'db': None}",0.4
2026-09-22T12:02:07+00:00,2026,5,sp_plus,2026,Michigan State,Big Ten,2.3,65,,,63,27.1,,,,,,,,,60,24.5,,,,,,,"{'total': None, 'frontSeven': None, 'db': None}",-0.3
2026-09-22T12:02:07+00:00,2026,5,sp_plus,2026,South Florida,American Athletic,1.9,66,,,47,30.1,,,,,,,,,83,28.1,,,,,,,"{'total': None, 'frontSeven': None, 'db': None}",-0.1
2026-09-22T12:02:07+00:00,2026,5,sp_plus,2026,California,ACC,0.8,67,,,59,27.6,,,,,,,,,74,26.5,,,,,,,"{'total': None, 'frontSeven': None, 'db': None}",-0.3
2026-09-22T12:02:07+00:00,2026,5,sp_plus,2026,Army,American Athletic,0.2,68,,,69,26.5,,,,,,,,,73,26.3,,,,,,,"{'total': None, 'frontSeven': None, 'db': None}",0.1
2026-09-22T12:02:07+00:00,2026,5,sp_plus,2026,Syracuse,ACC,-0.2,69,,,90,23.4,,,,,,,,,55,23.8,,,,,,,"{'total': None, 'frontSeven': None, 'db': None}",0.3
2026-09-22T12:02:07+00:00,2026,5,sp_plus,2026,Arkansas,SEC,-0.3,70,,,44,30.6,,,,,,,,,105,31.1,,,,,,,"{'total': None, 'frontSeven': None, 'db': None}",0.3
2026-09-22T12:02:07+00:00,2026,5,sp_plus,2026,Fresno State,Pac-12,-0.4,71,,,104,21.5,,,,,,,,,46,22,,,,,,,"{'total': None, 'frontSeven': None, 'db': None}",0
2026-09-22T12:02:07+00:00,2026,5,sp_plus,2026,Colorado,Big 12,-1.2,72,,,84,24.9,,,,,,,,,72,25.7,,,,,,,"{'total': None, 'frontSeven': None, 'db': None}",-0.4
2026-09-22T12:02:07+00:00,2026,5,sp_plus,2026,Tulsa,American Athletic,-1.2,72,,,82,25.2,,,,,,,,,75,26.8,,,,,,,"{'total': None, 'frontSeven': None, 'db': None}",0.4
2026-09-22T12:02:07+00:00,2026,5,sp_plus,2026,UTSA,American Athletic,-1.4,74,,,56,28.7,,,,,,,,,99,30.2,,,,,,,"{'total': None, 'frontSeven': None, 'db': None}",0.1
2026-09-22T12:02:07+00:00,2026,5,sp_plus,2026,Purdue,Big Ten,-2.1,75,,,61,27.4,,,,,,,,,97,30,,,,,,,"{'total': None, 'frontSeven': None, 'db': None}",0.5
2026-09-22T12:02:07+00:00,2026,5,sp_plus,2026,Navy,American Athletic,-2.3,76,,,66,26.7,,,,,,,,,89,29.1,,,,,,,"{'total': None, 'frontSeven': None, 'db': None}",0.2
2026-09-22T12:02:07+00:00,2026,5,sp_plus,2026,Rutgers,Big Ten,-2.4,77,,,54,29.1,,,,,,,,,106,31.6,,,,,,,"{'total': None, 'frontSeven': None, 'db': None}",0.1
2026-09-22T12:02:07+00:00,2026,5,sp_plus,2026,San Diego State,Pac-12,-2.5,78,,,98,22.4,,,,,,,,,67,25.5,,,,,,,"{'total': None, 'frontSeven': None, 'db': None}",0.6
2026-09-22T12:02:07+00:00,2026,5,sp_plus,2026,Oregon State,Pac-12,-2.5,78,,,88,23.8,,,,,,,,,69,25.6,,,,,,,"{'total': None, 'frontSeven': None, 'db': None}",-0.6
2026-09-22T12:02:07+00:00,2026,5,sp_plus,2026,Western Michigan,Mid-American,-2.6,80,,,105,21.2,,,,,,,,,53,23.6,,,,,,,"{'total': None, 'frontSeven': None, 'db': None}",-0.3
2026-09-22T12:02:07+00:00,2026,5,sp_plus,2026,Air Force,Mountain West,-2.8,81,,,80,25.4,,,,,,,,,85,28.3,,,,,,,"{'total': None, 'frontSeven': None, 'db': None}",0.1
2026-09-22T12:02:07+00:00,2026,5,sp_plus,2026,Liberty,Conference USA,-3,82,,,76,26.1,,,,,,,,,88,28.9,,,,,,,"{'total': None, 'frontSeven': None, 'db': None}",-0.2
2026-09-22T12:02:07+00:00,2026,5,sp_plus,2026,Jacksonville State,Conference USA,-3.2,83,,,65,26.9,,,,,,,,,92,29.7,,,,,,,"{'total': None, 'frontSeven': None, 'db': None}",-0.3
2026-09-22T12:02:07+00:00,2026,5,sp_plus,2026,UNLV,Mountain West,-3.3,84,,,69,26.5,,,,,,,,,94,29.8,,,,,,,"{'total': None, 'frontSeven': None, 'db': None}",0
2026-09-22T12:02:07+00:00,2026,5,sp_plus,2026,Boston College,ACC,-4.9,85,,,95,22.8,,,,,,,,,81,28,,,,,,,"{'total': None, 'frontSeven': None, 'db': None}",0.3
2026-09-22T12:02:07+00:00,2026,5,sp_plus,2026,UConn,FBS Independents,-5.2,86,,,87,24.1,,,,,,,,,94,29.8,,,,,,,"{'total': None, 'frontSeven': None, 'db': None}",0.5
2026-09-22T12:02:07+00:00,2026,5,sp_plus,2026,Toledo,Mid-American,-5.4,87,,,101,21.9,,,,,,,,,76,26.9,,,,,,,"{'total': None, 'frontSeven': None, 'db': None}",-0.4
2026-09-22T12:02:07+00:00,2026,5,sp_plus,2026,East Carolina,American Athletic,-5.6,88,,,100,22.1,,,,,,,,,78,27.5,,,,,,,"{'total': None, 'frontSeven': None, 'db': None}",-0.1
2026-09-22T12:02:07+00:00,2026,5,sp_plus,2026,Tulane,American Athletic,-5.6,88,,,103,21.6,,,,,,,,,79,27.6,,,,,,,"{'total': None, 'frontSeven': None, 'db': None}",0.5
2026-09-22T12:02:07+00:00,2026,5,sp_plus,2026,Washington State,Pac-12,-5.6,88,,,112,19.8,,,,,,,,,65,25.3,,,,,,,"{'total': None, 'frontSeven': None, 'db': None}",-0.2
2026-09-22T12:02:07+00:00,2026,5,sp_plus,2026,Texas State,Pac-12,-5.9,91,,,32,31.7,,,,,,,,,133,37.7,,,,,,,"{'total': None, 'frontSeven': None, 'db': None}",0
2026-09-22T12:02:07+00:00,2026,5,sp_plus,2026,Miami (OH),Mid-American,-6,92,,,106,21,,,,,,,,,77,27.4,,,,,,,"{'total': None, 'frontSeven': None, 'db': None}",0.4
2026-09-22T12:02:07+00:00,2026,5,sp_plus,2026,Troy,Sun Belt,-6.2,93,,,97,22.5,,,,,,,,,87,28.8,,,,,,,"{'total': None, 'frontSeven': None, 'db': None}",0.2
2026-09-22T12:02:07+00:00,2026,5,sp_plus,2026,App State,Sun Belt,-6.3,94,,,90,23.4,,,,,,,,,98,30.1,,,,,,,"{'total': None, 'frontSeven': None, 'db': None}",0.3
2026-09-22T12:02:07+00:00,2026,5,sp_plus,2026,Temple,American Athletic,-6.5,95,,,68,26.6,,,,,,,,,114,33.5,,,,,,,"{'total': None, 'frontSeven': None, 'db': None}",0.3
2026-09-22T12:02:07+00:00,2026,5,sp_plus,2026,Colorado State,Pac-12,-6.6,96,,,102,21.7,,,,,,,,,84,28.2,,,,,,,"{'total': None, 'frontSeven': None, 'db': None}",-0.1
2026-09-22T12:02:07+00:00,2026,5,sp_plus,2026,Old Dominion,Sun Belt,-7,97,,,115,19.1,,,,,,,,,69,25.6,,,,,,,"{'total': None, 'frontSeven': None, 'db': None}",-0.5
2026-09-22T12:02:07+00:00,2026,5,sp_plus,2026,Hawai'i,Mountain West,-7.1,98,,,93,23.1,,,,,,,,,102,30.7,,,,,,,"{'total': None, 'frontSeven': None, 'db': None}",0.5
2026-09-22T12:02:07+00:00,2026,5,sp_plus,2026,Louisiana,Sun Belt,-7.2,99,,,79,25.5,,,,,,,,,110,32.3,,,,,,,"{'total': None, 'frontSeven': None, 'db': None}",-0.4
2026-09-22T12:02:07+00:00,2026,5,sp_plus,2026,Florida Atlantic,American Athletic,-7.4,100,,,72,26.4,,,,,,,,,118,34.2,,,,,,,"{'total': None, 'frontSeven': None, 'db': None}",0.4
2026-09-22T12:02:07+00:00,2026,5,sp_plus,2026,Stanford,ACC,-7.4,100,,,107,20.8,,,,,,,,,80,27.8,,,,,,,"{'total': None, 'frontSeven': None, 'db': None}",-0.5
2026-09-22T12:02:07+00:00,2026,5,sp_plus,2026,Georgia Southern,Sun Belt,-7.7,102,,,96,22.7,,,,,,,,,100,30.4,,,,,,,"{'total': None, 'frontSeven': None, 'db': None}",0
2026-09-22T12:02:07+00:00,2026,5,sp_plus,2026,Delaware,Conference USA,-8.1,103,,,85,24.5,,,,,,,,,110,32.3,,,,,,,"{'total': None, 'frontSeven': None, 'db': None}",-0.3
2026-09-22T12:02:07+00:00,2026,5,sp_plus,2026,Louisiana Tech,Sun Belt,-8.2,104,,,99,22.2,,,,,,,,,100,30.4,,,,,,,"{'total': None, 'frontSeven': None, 'db': None}",0
2026-09-22T12:02:07+00:00,2026,5,sp_plus,2026,North Texas,American Athletic,-9.2,105,,,75,26.2,,,,,,,,,125,35.2,,,,,,,"{'total': None, 'frontSeven': None, 'db': None}",-0.2
2026-09-22T12:02:07+00:00,2026,5,sp_plus,2026,Utah State,Pac-12,-9.3,106,,,107,20.8,,,,,,,,,92,29.7,,,,,,,"{'total': None, 'frontSeven': None, 'db': None}",-0.4
2026-09-22T12:02:07+00:00,2026,5,sp_plus,2026,Arkansas State,Sun Belt,-9.5,107,,,89,23.7,,,,,,,,,113,33.3,,,,,,,"{'total': None, 'frontSeven': None, 'db': None}",0.1
2026-09-22T12:02:07+00:00,2026,5,sp_plus,2026,Nevada,Mountain West,-9.6,108,,,117,18.7,,,,,,,,,86,28.7,,,,,,,"{'total': None, 'frontSeven': None, 'db': None}",0.3
2026-09-22T12:02:07+00:00,2026,5,sp_plus,2026,Coastal Carolina,Sun Belt,-10.2,109,,,93,23.1,,,,,,,,,112,32.9,,,,,,,"{'total': None, 'frontSeven': None, 'db': None}",-0.3
2026-09-22T12:02:07+00:00,2026,5,sp_plus,2026,Marshall,Sun Belt,-11,110,,,78,25.7,,,,,,,,,130,36.8,,,,,,,"{'total': None, 'frontSeven': None, 'db': None}",0.2
2026-09-22T12:02:07+00:00,2026,5,sp_plus,2026,South Alabama,Sun Belt,-12.1,111,,,86,24.2,,,,,,,,,127,35.7,,,,,,,"{'total': None, 'frontSeven': None, 'db': None}",-0.6
2026-09-22T12:02:07+00:00,2026,5,sp_plus,2026,Florida International,Conference USA,-12.3,112,,,113,19.5,,,,,,,,,106,31.6,,,,,,,"{'total': None, 'frontSeven': None, 'db': None}",-0.2
2026-09-22T12:02:07+00:00,2026,5,sp_plus,2026,Kennesaw State,Conference USA,-12.5,113,,,111,19.9,,,,,,,,,108,31.9,,,,,,,"{'total': None, 'frontSeven': None, 'db': None}",-0.5
2026-09-22T12:02:07+00:00,2026,5,sp_plus,2026,Ohio,Mid-American,-12.7,114,,,123,16.9,,,,,,,,,89,29.1,,,,,,,"{'total': None, 'frontSeven': None, 'db': None}",-0.6
2026-09-22T12:02:07+00:00,2026,5,sp_plus,2026,San José State,Mountain West,-13.9,115,,,122,17.1,,,,,,,,,103,30.8,,,,,,,"{'total': None, 'frontSeven': None, 'db': None}",-0.2
2026-09-22T12:02:07+00:00,2026,5,sp_plus,2026,Central Michigan,Mid-American,-14.9,116,,,128,14.9,,,,,,,,,91,29.6,,,,,,,"{'total': None, 'frontSeven': None, 'db': None}",-0.2
2026-09-22T12:02:07+00:00,2026,5,sp_plus,2026,Rice,American Athletic,-14.9,116,,,123,16.9,,,,,,,,,109,32.1,,,,,,,"{'total': None, 'frontSeven': None, 'db': None}",0.3
2026-09-22T12:02:07+00:00,2026,5,sp_plus,2026,Wyoming,Mountain West,-15,118,,,135,13.4,,,,,,,,,81,28,,,,,,,"{'total': None, 'frontSeven': None, 'db': None}",-0.5
2026-09-22T12:02:07+00:00,2026,5,sp_plus,2026,New Mexico State,Conference USA,-15.7,119,,,119,17.9,,,,,,,,,114,33.5,,,,,,,"{'total': None, 'frontSeven': None, 'db': None}",-0.1
2026-09-22T12:02:07+00:00,2026,5,sp_plus,2026,Buffalo,Mid-American,-16.1,120,,,130,14.3,,,,,,,,,104,30.9,,,,,,,"{'total': None, 'frontSeven': None, 'db': None}",0.5
2026-09-22T12:02:07+00:00,2026,5,sp_plus,2026,Sam Houston,Conference USA,-16.3,121,,,118,18.3,,,,,,,,,118,34.2,,,,,,,"{'total': None, 'frontSeven': None, 'db': None}",-0.4
2026-09-22T12:02:07+00:00,2026,5,sp_plus,2026,Western Kentucky,Conference USA,-16.5,122,,,109,20.2,,,,,,,,,131,37.1,,,,,,,"{'total': None, 'frontSeven': None, 'db': None}",0.3
2026-09-22T12:02:07+00:00,2026,5,sp_plus,2026,UAB,American Athletic,-17,123,,,113,19.5,,,,,,,,,128,36.1,,,,,,,"{'total': None, 'frontSeven': None, 'db': None}",-0.4
2026-09-22T12:02:07+00:00,2026,5,sp_plus,2026,Missouri State,Conference USA,-17.4,124,,,120,17.7,,,,,,,,,123,34.6,,,,,,,"{'total': None, 'frontSeven': None, 'db': None}",-0.5
2026-09-22T12:02:07+00:00,2026,5,sp_plus,2026,Eastern Michigan,Mid-American,-18.9,125,,,126,15.8,,,,,,,,,121,34.5,,,,,,,"{'total': None, 'frontSeven': None, 'db': None}",-0.2
2026-09-22T12:02:07+00:00,2026,5,sp_plus,2026,Middle Tennessee,Conference USA,-18.9,125,,,121,17.2,,,,,,,,,129,36.2,,,,,,,"{'total': None, 'frontSeven': None, 'db': None}",0.2
2026-09-22T12:02:07+00:00,2026,5,sp_plus,2026,Southern Miss,Sun Belt,-19.1,127,,,115,19.1,,,,,,,,,134,37.8,,,,,,,"{'total': None, 'frontSeven': None, 'db': None}",-0.4
2026-09-22T12:02:07+00:00,2026,5,sp_plus,2026,Georgia State,Sun Belt,-19.6,128,,,109,20.2,,,,,,,,,137,39.2,,,,,,,"{'total': None, 'frontSeven': None, 'db': None}",-0.5
2026-09-22T12:02:07+00:00,2026,5,sp_plus,2026,UTEP,Mountain West,-19.7,129,,,125,16.2,,,,,,,,,126,35.5,,,,,,,"{'total': None, 'frontSeven': None, 'db': None}",-0.5
2026-09-22T12:02:07+00:00,2026,5,sp_plus,2026,Northern Illinois,Mountain West,-19.7,129,,,130,14.3,,,,,,,,,117,33.8,,,,,,,"{'total': None, 'frontSeven': None, 'db': None}",-0.2
2026-09-22T12:02:07+00:00,2026,5,sp_plus,2026,Massachusetts,Mid-American,-19.9,131,,,128,14.9,,,,,,,,,121,34.5,,,,,,,"{'total': None, 'frontSeven': None, 'db': None}",-0.4
2026-09-22T12:02:07+00:00,2026,5,sp_plus,2026,Akron,Mid-American,-20.8,132,,,135,13.4,,,,,,,,,116,33.6,,,,,,,"{'total': None, 'frontSeven': None, 'db': None}",-0.6
2026-09-22T12:02:07+00:00,2026,5,sp_plus,2026,Sacramento State,Mid-American,-20.9,133,,,132,13.8,,,,,,,,,123,34.6,,,,,,,"{'total': None, 'frontSeven': None, 'db': None}",-0.1
2026-09-22T12:02:07+00:00,2026,5,sp_plus,2026,Bowling Green,Mid-American,-22,134,,,138,11.9,,,,,,,,,118,34.2,,,,,,,"{'total': None, 'frontSeven': None, 'db': None}",0.2
2026-09-22T12:02:07+00:00,2026,5,sp_plus,2026,Charlotte,American Athletic,-24.1,135,,,127,15,,,,,,,,,136,38.7,,,,,,,"{'total': None, 'frontSeven': None, 'db': None}",-0.4
2026-09-22T12:02:07+00:00,2026,5,sp_plus,2026,Ball State,Mid-American,-24.3,136,,,134,13.5,,,,,,,,,132,37.2,,,,,,,"{'total': None, 'frontSeven': None, 'db': None}",-0.5
2026-09-22T12:02:07+00:00,2026,5,sp_plus,2026,Kent State,Mid-American,-24.8,137,,,133,13.7,,,,,,,,,135,38,,,,,,,"{'total': None, 'frontSeven': None, 'db': None}",-0.5
2026-09-22T12:02:07+00:00,2026,5,sp_plus,2026,UL Monroe,Sun Belt,-28,138,,,137,13.1,,,,,,,,,138,40.5,,,,,,,"{'total': None, 'frontSeven': None, 'db': None}",-0.6
2026-09-22T12:02:07+00:00,2026,5,sp_plus,2026,nationalAverages,,0.5608695652173913,,,,,26.443478260869565,,,,,,,,,,25.89710144927536,,,,,,,"{'total': None, 'frontSeven': None, 'db': None}",0.011594202898550725
